tenure_months,monthly_charges,total_charges,contract_type,payment_method,internet_service,support_tickets,late_payments,usage_gb,senior_citizen,dependents,paperless_billing,churn
6,45.82,190.96,month_to_month,mailed_check,fiber,2,0,104.3,False,False,True,1
56,58.09,3248.17,month_to_month,electronic_check,fiber,1,0,24.9,False,False,True,0
47,75.98,3536.98,one_year,bank_transfer,fiber,1,0,66.0,False,False,True,1
32,56.18,1871.55,two_year,credit_card,fiber,1,0,12.8,False,True,True,1
31,63.88,2056.59,month_to_month,electronic_check,fiber,1,0,118.4,False,False,False,1
62,79.71,4776.84,one_year,electronic_check,fiber,0,0,58.4,False,True,False,1
6,62.33,468.04,two_year,bank_transfer,fiber,4,0,2.9,False,True,False,0
50,74.97,3693.53,month_to_month,bank_transfer,dsl,5,1,131.1,False,False,False,1
14,105.04,1491.83,one_year,electronic_check,dsl,0,0,79.4,False,False,False,0
6,66.22,312.82,month_to_month,electronic_check,fiber,0,2,28.5,False,True,True,1
38,95.95,3679.5,two_year,bank_transfer,none,3,0,9.2,False,False,True,1
71,82.31,6073.63,month_to_month,electronic_check,fiber,1,0,26.6,False,False,False,0
53,37.72,2010.6,month_to_month,electronic_check,dsl,3,0,37.8,False,True,True,0
55,45.75,2474.86,two_year,bank_transfer,none,1,1,5.1,False,False,False,0
52,51.66,2665.43,one_year,electronic_check,dsl,0,1,63.7,False,False,True,0
57,51.19,2785.62,month_to_month,electronic_check,fiber,1,0,59.8,False,False,False,0
37,68.01,2646.78,one_year,credit_card,none,1,0,22.4,False,False,True,1
9,83.52,779.84,two_year,credit_card,fiber,1,0,59.2,False,True,True,1
61,97.61,5859.81,month_to_month,credit_card,fiber,4,0,27.2,False,False,True,0
32,76.78,2365.49,month_to_month,electronic_check,none,3,0,17.5,False,True,True,1
36,60.2,2168.58,month_to_month,credit_card,fiber,2,0,25.7,False,True,True,1
27,24.19,737.01,two_year,electronic_check,dsl,1,1,68.6,False,False,True,0
13,71.55,826.56,month_to_month,credit_card,dsl,2,0,75.9,False,False,False,1
67,70.57,4828.4,month_to_month,electronic_check,none,0,2,29.9,False,False,True,1
57,74.02,4210.89,month_to_month,electronic_check,dsl,1,1,71.9,True,False,True,0
47,116.34,5384.26,month_to_month,bank_transfer,none,1,0,99.7,False,False,True,0
29,97.29,2779.32,month_to_month,electronic_check,fiber,3,2,31.2,False,False,True,0
60,87.27,5393.57,month_to_month,mailed_check,dsl,1,1,13.7,False,False,False,1
39,48.83,1779.43,month_to_month,mailed_check,dsl,2,0,87.7,False,False,False,1
32,58.71,1812.85,month_to_month,credit_card,fiber,0,1,173.4,False,False,False,0
32,67.91,2258.85,month_to_month,bank_transfer,fiber,1,0,46.7,False,False,False,0
16,52.94,866.52,month_to_month,bank_transfer,fiber,2,0,67.4,False,False,False,0
6,81.01,414.85,month_to_month,electronic_check,fiber,2,0,43.4,False,False,False,1
40,77.85,3200.83,one_year,credit_card,dsl,2,0,119.8,False,False,True,1
64,46.06,3038.95,month_to_month,mailed_check,fiber,0,0,51.5,False,False,False,0
4,96.33,415.15,month_to_month,electronic_check,dsl,2,3,36.3,True,False,True,1
62,72.25,4424.38,one_year,credit_card,none,1,2,168.9,False,True,True,0
60,31.96,1876.35,one_year,credit_card,dsl,1,0,23.8,False,True,False,0
20,68.87,1403.02,one_year,electronic_check,dsl,2,0,42.4,False,True,False,1
46,76.19,3386.67,two_year,credit_card,dsl,3,0,38.3,False,False,True,0
12,91.4,1216.3,month_to_month,mailed_check,none,4,0,144.3,False,False,False,1
55,62.58,3594.92,month_to_month,electronic_check,dsl,2,1,46.7,False,False,True,0
51,88.21,4477.47,month_to_month,electronic_check,fiber,1,0,76.7,True,True,False,1
25,74.12,1885.05,month_to_month,electronic_check,dsl,5,2,77.7,False,False,True,1
4,41.07,271.0,two_year,bank_transfer,dsl,1,2,43.8,False,False,True,1
70,38.87,2896.9,one_year,credit_card,dsl,1,1,11.9,False,False,True,0
32,94.7,3170.53,one_year,credit_card,fiber,3,1,90.7,False,False,False,1
65,96.31,6103.95,two_year,bank_transfer,dsl,1,0,89.3,False,False,False,0
49,77.1,3749.5,two_year,mailed_check,none,2,1,48.0,True,False,True,1
56,102.91,5808.02,month_to_month,electronic_check,none,2,1,25.9,True,False,True,1
55,93.25,5084.27,two_year,bank_transfer,fiber,2,0,36.6,False,False,False,1
14,85.04,1351.01,month_to_month,credit_card,dsl,2,0,57.3,True,True,True,0
26,49.95,1445.34,month_to_month,electronic_check,fiber,1,1,24.6,False,False,True,1
34,108.09,3601.63,month_to_month,electronic_check,dsl,1,0,41.4,False,False,False,0
36,81.8,2930.18,two_year,credit_card,fiber,1,1,80.7,True,False,True,0
3,61.51,117.07,one_year,mailed_check,none,0,1,39.1,False,False,False,0
39,55.3,2139.14,month_to_month,credit_card,dsl,0,0,37.8,False,False,True,1
11,75.65,811.86,two_year,bank_transfer,fiber,1,2,85.2,False,False,True,1
54,33.24,1880.84,month_to_month,electronic_check,fiber,1,0,30.3,False,True,True,1
49,85.39,4104.15,one_year,electronic_check,dsl,2,1,28.6,True,True,False,0
67,49.02,3048.83,month_to_month,mailed_check,dsl,3,0,89.7,False,True,False,1
54,78.15,4075.69,month_to_month,bank_transfer,dsl,3,1,52.4,False,False,True,1
26,58.52,1428.97,month_to_month,credit_card,dsl,1,1,36.1,False,False,True,0
70,64.18,4433.59,two_year,electronic_check,dsl,1,1,47.9,True,False,True,0
29,53.35,1564.0,two_year,electronic_check,fiber,1,0,34.8,False,False,False,0
23,66.45,1431.17,month_to_month,mailed_check,fiber,1,1,30.3,False,True,True,0
66,111.57,7254.62,month_to_month,electronic_check,fiber,1,0,7.2,False,True,False,0
27,100.47,2629.04,month_to_month,electronic_check,fiber,0,1,54.1,False,False,True,0
5,77.8,288.59,one_year,bank_transfer,dsl,4,0,83.0,True,True,True,1
34,69.44,2311.06,month_to_month,mailed_check,fiber,1,0,43.3,False,False,True,0
58,88.57,5083.3,one_year,electronic_check,dsl,0,3,116.1,True,True,False,0
13,94.86,1295.2,month_to_month,bank_transfer,fiber,1,0,42.9,False,False,False,1
33,51.74,1618.36,month_to_month,electronic_check,fiber,1,0,22.0,False,False,True,0
9,68.3,582.52,two_year,bank_transfer,fiber,2,1,17.5,False,False,True,1
50,29.92,1446.95,one_year,electronic_check,fiber,1,3,71.4,True,False,False,1
34,94.71,3292.94,month_to_month,mailed_check,fiber,0,0,36.8,False,False,True,1
24,115.43,2756.43,month_to_month,bank_transfer,none,1,0,13.0,False,False,False,1
16,71.76,1242.72,month_to_month,mailed_check,fiber,2,0,18.1,False,False,True,1
41,23.25,849.54,month_to_month,credit_card,fiber,3,1,46.7,False,False,True,1
48,83.4,3998.76,month_to_month,mailed_check,none,3,0,81.1,False,False,True,1
68,50.11,3355.65,one_year,credit_card,fiber,3,1,25.9,True,False,True,0
31,55.41,1607.37,month_to_month,credit_card,dsl,0,1,46.9,True,True,False,1
11,83.78,915.5,month_to_month,electronic_check,dsl,0,0,84.6,False,True,True,0
60,75.6,4691.96,month_to_month,bank_transfer,fiber,1,2,149.9,False,False,False,0
45,59.26,2589.94,month_to_month,credit_card,fiber,2,0,33.0,False,False,True,0
51,55.71,2829.74,month_to_month,credit_card,dsl,0,1,30.3,False,False,True,1
7,72.77,391.29,two_year,bank_transfer,fiber,0,1,46.0,False,True,False,1
22,60.99,1210.45,month_to_month,bank_transfer,fiber,1,1,45.6,False,False,False,1
56,45.6,2482.75,one_year,credit_card,fiber,0,0,75.2,False,False,False,0
60,62.68,3720.3,month_to_month,bank_transfer,fiber,0,1,50.5,False,False,True,0
31,77.47,2365.07,month_to_month,credit_card,dsl,0,0,28.6,False,False,False,0
58,66.08,3812.3,month_to_month,bank_transfer,none,3,0,28.1,False,False,True,0
61,38.9,2224.55,one_year,credit_card,none,2,1,34.8,False,True,True,0
28,91.76,2512.94,month_to_month,bank_transfer,fiber,1,1,60.3,False,False,False,0
65,18.0,1215.16,one_year,bank_transfer,none,2,0,12.5,False,True,False,0
21,60.18,1141.54,month_to_month,credit_card,dsl,2,1,65.0,True,False,True,1
17,56.36,926.16,one_year,electronic_check,dsl,1,0,12.3,False,False,True,1
49,73.26,3616.1,month_to_month,credit_card,dsl,1,1,18.1,False,False,False,0
46,82.36,3718.16,month_to_month,bank_transfer,dsl,1,1,6.6,False,True,True,0
10,94.79,978.64,one_year,mailed_check,fiber,2,0,102.8,True,False,True,0
60,54.33,3122.9,month_to_month,electronic_check,dsl,4,0,47.9,False,True,False,0
14,82.9,1240.56,month_to_month,mailed_check,dsl,1,1,56.9,True,False,True,1
58,74.31,4342.9,one_year,electronic_check,fiber,1,0,15.5,False,False,False,0
0,32.35,5.01,one_year,mailed_check,fiber,1,0,48.7,False,False,False,1
58,111.81,6586.21,one_year,mailed_check,fiber,0,0,48.1,False,True,True,1
57,38.35,2156.31,month_to_month,credit_card,dsl,0,0,34.0,False,False,True,0
56,79.23,4381.27,month_to_month,mailed_check,dsl,1,0,63.2,False,False,True,0
48,78.58,3895.37,month_to_month,credit_card,dsl,2,0,54.9,False,False,True,0
34,76.06,2751.71,month_to_month,credit_card,dsl,0,0,39.3,True,True,True,0
51,59.12,2952.71,month_to_month,bank_transfer,fiber,3,2,55.0,False,False,True,1
20,88.2,1753.76,month_to_month,electronic_check,dsl,1,2,48.0,False,True,False,0
56,35.67,2091.57,month_to_month,electronic_check,fiber,1,1,81.3,False,False,True,1
40,68.55,2734.97,month_to_month,electronic_check,dsl,0,0,16.7,False,False,False,1
33,57.59,1953.98,month_to_month,bank_transfer,fiber,2,1,102.5,False,False,False,1
36,55.1,2053.84,month_to_month,bank_transfer,none,0,2,37.6,True,False,False,1
41,79.43,3206.02,month_to_month,bank_transfer,fiber,2,1,46.1,False,False,True,1
2,93.7,225.13,month_to_month,mailed_check,dsl,1,0,13.8,False,False,True,0
10,62.45,623.94,one_year,mailed_check,fiber,1,0,21.9,False,False,True,0
17,87.17,1372.37,month_to_month,bank_transfer,fiber,2,2,42.8,False,False,True,1
8,71.09,479.65,month_to_month,mailed_check,dsl,2,0,55.1,True,True,False,1
32,50.36,1552.8,two_year,electronic_check,fiber,1,0,76.3,False,False,True,0
48,64.33,3171.41,month_to_month,bank_transfer,fiber,0,2,11.7,False,True,True,1
47,63.41,3066.79,month_to_month,electronic_check,fiber,1,0,25.8,False,False,True,0
34,54.67,1926.27,one_year,electronic_check,fiber,0,0,20.2,False,False,False,1
62,79.43,4964.27,one_year,electronic_check,fiber,1,2,32.8,False,False,False,0
41,75.16,3118.71,two_year,electronic_check,fiber,0,1,49.0,False,False,True,0
5,35.01,200.03,two_year,mailed_check,fiber,1,0,66.9,False,False,True,1
55,33.67,1888.53,one_year,credit_card,fiber,0,0,132.8,True,True,False,0
41,79.34,3295.72,month_to_month,mailed_check,fiber,3,1,31.0,True,True,True,0
46,52.06,2268.36,month_to_month,credit_card,dsl,2,2,41.0,True,False,True,1
41,76.64,3071.12,month_to_month,bank_transfer,dsl,1,1,81.4,False,False,False,1
40,87.18,3394.6,month_to_month,electronic_check,fiber,2,0,33.3,False,False,True,0
6,42.04,351.88,two_year,mailed_check,dsl,1,0,116.6,True,True,True,0
40,38.95,1706.87,month_to_month,electronic_check,fiber,1,0,25.4,False,True,True,1
58,106.84,6001.51,two_year,bank_transfer,fiber,0,1,31.9,True,False,False,1
22,77.73,1850.89,month_to_month,mailed_check,dsl,1,0,58.6,False,False,False,0
44,60.78,2682.12,month_to_month,bank_transfer,dsl,0,0,67.9,False,True,False,0
2,49.45,190.04,two_year,bank_transfer,fiber,0,0,41.1,False,False,False,0
25,58.77,1514.83,month_to_month,electronic_check,fiber,4,2,177.0,False,False,True,1
31,43.81,1487.75,month_to_month,credit_card,fiber,1,0,53.7,False,True,False,0
71,89.44,6369.12,month_to_month,electronic_check,fiber,0,0,27.6,False,False,True,1
15,52.91,670.94,month_to_month,credit_card,dsl,3,1,39.4,False,False,True,1
20,94.06,1871.69,month_to_month,electronic_check,dsl,1,1,14.1,False,True,False,1
29,61.19,1820.92,one_year,bank_transfer,fiber,2,1,23.2,False,False,False,1
72,47.05,3368.16,two_year,mailed_check,dsl,1,0,22.4,False,False,True,0
62,60.62,3817.64,one_year,bank_transfer,none,1,2,39.4,True,True,True,0
2,18.0,30.09,two_year,bank_transfer,none,1,1,34.6,False,True,False,1
17,67.34,1091.18,two_year,credit_card,fiber,0,0,66.8,False,False,True,0
59,66.26,3811.6,month_to_month,electronic_check,none,0,1,24.3,False,True,True,1
4,88.14,317.3,one_year,bank_transfer,fiber,0,1,58.5,False,False,True,0
62,28.5,1785.41,one_year,electronic_check,fiber,0,0,98.5,False,False,True,0
20,95.56,1734.85,month_to_month,credit_card,fiber,0,1,79.3,False,False,True,0
66,88.05,5741.09,month_to_month,mailed_check,fiber,1,1,28.0,False,True,True,0
21,97.54,1868.64,one_year,credit_card,fiber,3,0,103.8,False,False,True,1
31,68.84,2078.5,two_year,electronic_check,fiber,0,0,23.7,False,False,False,1
48,92.31,4538.64,two_year,electronic_check,dsl,0,1,67.7,False,False,False,0
9,37.63,231.92,month_to_month,bank_transfer,dsl,0,0,44.7,False,False,True,1
40,85.69,3490.88,one_year,electronic_check,dsl,2,2,34.1,True,False,True,1
36,53.03,2165.47,month_to_month,bank_transfer,dsl,2,0,32.5,False,True,False,0
57,33.67,2050.01,two_year,credit_card,fiber,1,0,68.4,False,True,True,0
72,45.27,3271.46,one_year,bank_transfer,dsl,2,0,23.9,False,False,True,0
48,70.12,3443.02,two_year,mailed_check,dsl,2,0,144.3,False,True,False,0
29,51.87,1380.96,two_year,electronic_check,fiber,2,2,52.3,False,False,False,1
29,78.27,2128.22,month_to_month,bank_transfer,none,1,0,98.6,False,False,True,1
30,30.22,909.18,two_year,electronic_check,dsl,1,0,42.2,True,False,True,1
59,23.2,1404.67,one_year,electronic_check,dsl,1,0,40.2,False,False,False,0
23,100.19,2402.87,month_to_month,credit_card,dsl,2,0,104.3,False,True,True,1
12,89.88,1027.37,month_to_month,electronic_check,dsl,2,0,47.5,False,False,False,1
24,46.92,1143.49,one_year,mailed_check,dsl,2,1,102.9,False,False,True,1
1,69.93,84.25,month_to_month,bank_transfer,dsl,3,0,26.3,False,False,False,1
7,92.43,635.18,month_to_month,mailed_check,fiber,1,2,44.7,False,False,True,1
6,79.22,468.8,one_year,electronic_check,fiber,1,0,6.4,False,False,False,1
56,73.26,4025.64,month_to_month,bank_transfer,fiber,3,1,58.2,False,False,True,1
52,94.09,4917.85,month_to_month,credit_card,none,2,0,45.7,False,False,False,0
50,53.92,2713.55,one_year,electronic_check,fiber,1,0,23.7,True,False,True,0
33,70.69,2293.17,month_to_month,bank_transfer,fiber,0,0,30.4,False,False,True,0
52,69.61,3679.64,one_year,mailed_check,fiber,0,1,61.5,False,False,True,0
11,64.0,796.5,month_to_month,mailed_check,dsl,4,2,54.7,False,False,True,0
65,61.42,4053.26,two_year,mailed_check,none,3,1,13.2,True,True,False,0
36,71.6,2483.78,month_to_month,electronic_check,dsl,0,1,73.7,False,False,True,1
68,70.76,4820.65,two_year,mailed_check,fiber,3,0,43.4,False,False,True,0
11,46.93,434.2,one_year,mailed_check,dsl,1,0,123.4,False,False,True,0
36,87.64,3163.73,two_year,bank_transfer,none,1,0,99.9,False,False,True,1
50,48.52,2344.32,month_to_month,electronic_check,dsl,2,1,30.6,False,True,False,0
36,65.2,2462.14,month_to_month,credit_card,dsl,1,0,59.7,True,False,False,1
32,63.5,2102.5,month_to_month,electronic_check,dsl,0,0,89.3,True,True,True,1
12,77.88,1038.33,month_to_month,electronic_check,dsl,2,0,23.8,False,True,True,0
27,23.38,725.91,month_to_month,mailed_check,dsl,1,0,67.9,False,False,True,1
17,89.6,1498.85,one_year,mailed_check,dsl,1,0,88.5,True,False,True,0
22,55.11,1174.12,month_to_month,mailed_check,dsl,4,0,79.7,False,True,False,0
49,96.84,4901.92,month_to_month,electronic_check,fiber,1,1,29.3,False,True,False,0
46,59.48,2721.22,month_to_month,bank_transfer,fiber,0,0,31.4,False,True,True,1
44,68.93,2911.01,one_year,credit_card,fiber,3,0,11.8,False,False,False,0
26,112.1,3005.27,one_year,credit_card,dsl,1,0,106.5,False,False,True,0
70,63.9,4485.94,month_to_month,credit_card,none,0,0,47.0,False,False,False,0
6,97.25,719.03,month_to_month,mailed_check,fiber,1,1,34.1,False,False,True,1
25,70.86,1793.37,month_to_month,bank_transfer,fiber,1,0,38.1,False,True,False,0
8,79.14,631.32,one_year,bank_transfer,dsl,1,0,33.6,False,True,True,0
24,71.54,1854.31,one_year,electronic_check,fiber,1,1,10.9,False,False,False,0
70,88.65,6067.04,month_to_month,credit_card,fiber,2,1,61.1,False,False,True,0
26,54.92,1375.24,month_to_month,credit_card,dsl,1,0,31.0,False,False,False,1
66,48.35,3111.24,one_year,bank_transfer,fiber,1,0,24.4,False,False,True,0
36,55.95,1816.64,one_year,mailed_check,dsl,1,0,21.1,False,False,False,0
51,72.19,3760.28,month_to_month,electronic_check,dsl,1,0,7.3,True,False,True,1
33,65.14,2099.45,month_to_month,electronic_check,dsl,0,0,21.6,False,True,True,0
19,85.63,1708.45,month_to_month,mailed_check,fiber,0,1,39.4,False,False,True,0
55,98.7,5463.52,one_year,credit_card,fiber,1,1,27.3,False,False,False,0
70,48.53,3451.74,month_to_month,credit_card,fiber,1,0,15.1,False,False,False,0
19,53.85,982.16,one_year,mailed_check,dsl,0,0,19.7,False,False,False,0
56,38.4,2081.62,one_year,bank_transfer,fiber,4,2,47.8,False,True,True,1
19,114.67,2186.81,two_year,bank_transfer,dsl,1,1,18.3,False,False,False,1
52,76.7,4071.13,two_year,electronic_check,dsl,0,0,11.9,False,True,False,0
57,80.56,4587.39,month_to_month,bank_transfer,dsl,3,1,129.3,True,False,False,1
32,40.52,1233.47,one_year,credit_card,dsl,2,2,26.4,False,True,True,0
53,69.97,3600.5,one_year,bank_transfer,fiber,0,0,10.7,False,False,False,0
19,81.2,1561.17,two_year,credit_card,fiber,1,0,22.2,True,False,True,0
5,64.44,272.33,month_to_month,electronic_check,fiber,2,0,79.2,True,False,False,0
7,93.67,649.23,month_to_month,electronic_check,dsl,3,0,79.5,False,False,True,1
32,120.86,3846.03,two_year,credit_card,dsl,1,0,45.1,False,False,True,0
65,49.16,3155.4,month_to_month,credit_card,fiber,0,1,59.2,False,True,False,0
9,47.51,454.03,two_year,electronic_check,dsl,2,1,15.9,False,False,False,1
33,50.69,1722.68,month_to_month,mailed_check,fiber,2,1,43.1,False,True,False,0
51,105.34,5549.22,month_to_month,electronic_check,fiber,1,0,10.7,False,False,False,0
14,92.93,1369.24,two_year,credit_card,fiber,0,0,101.8,False,False,True,0
52,67.02,3628.47,one_year,bank_transfer,fiber,0,2,16.8,False,False,False,1
22,70.8,1483.93,one_year,bank_transfer,dsl,0,0,45.7,False,False,True,1
59,52.04,2926.27,month_to_month,credit_card,dsl,0,0,10.0,False,True,True,0
42,89.58,3761.06,month_to_month,electronic_check,dsl,1,0,99.0,True,True,False,1
39,61.64,2481.18,month_to_month,electronic_check,dsl,2,2,103.0,True,False,True,1
12,64.28,834.46,one_year,electronic_check,fiber,1,0,73.0,True,False,False,0
33,83.39,2860.89,month_to_month,electronic_check,fiber,1,0,68.3,False,True,True,0
62,65.86,3855.03,month_to_month,credit_card,dsl,2,0,95.7,False,False,True,1
1,64.83,177.6,month_to_month,credit_card,fiber,1,1,7.4,False,False,False,1
55,70.23,3892.84,two_year,electronic_check,dsl,2,1,61.6,False,False,False,0
35,87.5,2923.54,two_year,bank_transfer,dsl,1,1,35.0,False,False,True,0
52,106.22,5588.56,month_to_month,electronic_check,fiber,2,1,64.8,False,True,True,1
48,82.88,3993.49,two_year,mailed_check,fiber,0,0,46.5,False,False,True,0
31,87.67,2752.08,month_to_month,credit_card,dsl,2,1,64.7,False,False,False,0
22,65.6,1533.12,month_to_month,credit_card,fiber,0,0,54.3,False,False,False,1
45,54.43,2488.07,month_to_month,electronic_check,dsl,0,0,5.5,True,True,True,1
10,84.39,711.35,two_year,credit_card,fiber,1,0,45.3,False,False,False,0
42,73.77,3085.47,month_to_month,credit_card,fiber,1,0,141.4,False,False,True,1
6,38.7,86.61,month_to_month,mailed_check,dsl,1,0,38.4,False,False,True,0
47,62.78,3009.08,two_year,electronic_check,fiber,0,0,48.5,False,False,True,0
45,68.18,3193.92,one_year,credit_card,fiber,1,0,104.0,False,True,False,0
6,58.77,240.89,one_year,bank_transfer,fiber,2,1,13.5,False,True,False,1
55,102.6,5582.57,one_year,credit_card,fiber,1,0,42.0,False,False,True,0
30,80.56,2337.39,one_year,credit_card,dsl,1,0,55.0,False,False,True,0
57,100.21,5671.12,month_to_month,mailed_check,dsl,0,1,29.1,False,False,False,0
3,75.8,264.52,one_year,credit_card,fiber,0,0,22.5,False,True,True,1
13,71.79,893.39,month_to_month,electronic_check,dsl,1,0,76.2,False,False,False,0
36,49.39,1836.77,month_to_month,mailed_check,fiber,2,0,91.6,False,True,True,0
13,70.26,1009.26,two_year,electronic_check,dsl,0,0,93.3,False,False,True,0
24,70.29,1786.12,month_to_month,bank_transfer,dsl,0,0,20.6,False,False,True,0
48,39.92,1815.52,month_to_month,electronic_check,none,3,0,65.1,False,False,False,1
10,58.13,706.03,month_to_month,electronic_check,dsl,1,1,42.9,True,False,False,1
49,62.89,3213.56,two_year,electronic_check,dsl,1,3,45.2,False,False,False,0
7,79.1,693.44,two_year,mailed_check,none,2,1,26.8,True,False,True,1
12,80.15,947.6,month_to_month,electronic_check,dsl,1,0,71.9,False,False,True,0
42,57.21,2335.15,month_to_month,electronic_check,dsl,2,0,6.5,False,True,False,1
57,80.32,4489.66,one_year,electronic_check,fiber,2,1,72.6,False,False,True,0
12,65.99,692.72,one_year,electronic_check,dsl,2,0,68.7,True,False,True,1
21,18.0,379.05,month_to_month,electronic_check,dsl,0,1,28.7,True,True,False,1
67,59.34,4052.09,month_to_month,mailed_check,none,1,1,18.1,False,False,True,1
72,93.74,6866.87,one_year,bank_transfer,dsl,2,0,19.9,True,True,True,1
42,33.0,1342.3,month_to_month,electronic_check,fiber,0,0,37.5,False,True,True,0
32,72.48,2315.88,one_year,electronic_check,fiber,2,0,21.2,True,True,True,0
25,104.88,2612.62,month_to_month,electronic_check,fiber,1,0,91.8,False,True,False,0
44,53.27,2286.7,two_year,electronic_check,dsl,0,1,59.7,False,True,True,0
43,70.05,3078.37,one_year,electronic_check,dsl,0,1,100.4,False,True,False,0
21,41.31,900.17,one_year,mailed_check,fiber,1,0,20.9,False,False,True,0
1,105.8,118.56,one_year,electronic_check,fiber,3,0,114.0,False,False,True,0
11,68.17,782.12,month_to_month,credit_card,fiber,0,0,26.3,False,False,True,1
69,71.03,4956.46,month_to_month,bank_transfer,dsl,0,0,28.4,False,True,True,0
30,99.79,3048.19,month_to_month,electronic_check,fiber,1,0,75.3,False,False,True,1
35,84.55,2883.79,one_year,bank_transfer,fiber,1,2,51.2,False,True,False,1
34,50.74,1805.83,two_year,bank_transfer,dsl,1,0,44.7,False,True,False,0
57,55.76,3201.3,month_to_month,electronic_check,fiber,2,0,80.5,False,False,False,1
4,80.89,284.44,one_year,mailed_check,dsl,1,1,4.8,False,False,True,1
6,56.27,358.7,month_to_month,credit_card,dsl,0,0,27.2,False,False,False,1
20,23.42,499.4,month_to_month,electronic_check,fiber,2,0,11.1,False,False,True,0
35,68.83,2506.41,month_to_month,bank_transfer,dsl,0,0,38.3,False,False,True,0
48,37.44,1702.97,two_year,bank_transfer,dsl,0,2,111.2,True,False,True,1
35,105.56,3813.85,month_to_month,electronic_check,fiber,2,0,105.7,False,True,False,1
32,73.89,2366.56,month_to_month,electronic_check,fiber,3,0,14.8,True,False,False,1
68,50.09,3360.57,one_year,mailed_check,fiber,1,1,39.7,True,False,True,0
11,54.63,552.62,month_to_month,bank_transfer,fiber,0,1,91.6,False,False,True,0
41,28.43,1075.51,month_to_month,credit_card,fiber,3,3,30.5,False,False,True,1
39,45.81,1629.91,month_to_month,credit_card,none,0,1,34.8,True,True,True,1
34,92.36,3201.21,month_to_month,credit_card,fiber,0,0,16.7,False,False,False,1
58,119.1,7086.08,month_to_month,bank_transfer,none,0,0,24.4,False,False,False,0
19,85.98,1488.03,month_to_month,electronic_check,dsl,1,1,33.6,False,False,True,1
69,67.98,4605.08,one_year,electronic_check,dsl,2,0,32.2,False,True,True,0
24,60.5,1519.64,two_year,credit_card,dsl,2,0,47.0,False,False,True,1
39,48.96,1905.33,two_year,bank_transfer,dsl,1,1,56.3,False,True,False,0
38,115.31,4456.88,month_to_month,bank_transfer,none,4,0,109.4,True,True,True,1
62,65.85,4073.55,month_to_month,credit_card,fiber,2,0,38.6,True,False,True,0
32,116.54,3677.02,month_to_month,credit_card,fiber,0,0,46.5,False,False,True,0
20,100.66,1992.87,month_to_month,credit_card,fiber,2,0,36.9,True,False,False,0
1,31.7,0.0,one_year,bank_transfer,fiber,1,0,34.0,False,True,True,0
26,55.35,1336.19,month_to_month,mailed_check,fiber,1,0,33.6,True,False,True,1
60,55.28,3402.15,one_year,bank_transfer,dsl,0,0,65.4,False,True,True,0
0,68.24,107.27,two_year,mailed_check,fiber,0,0,27.1,False,False,False,1
65,68.67,4590.1,month_to_month,mailed_check,dsl,3,0,75.4,False,False,True,0
39,130.0,5109.68,two_year,electronic_check,dsl,1,0,64.2,False,True,True,0
10,46.3,259.95,month_to_month,credit_card,fiber,0,1,52.3,False,False,True,1
22,75.04,1593.73,two_year,credit_card,fiber,1,0,43.4,False,True,True,1
40,83.56,3461.62,one_year,credit_card,dsl,0,1,85.3,False,True,False,0
23,69.97,1755.38,month_to_month,bank_transfer,fiber,0,0,84.0,False,False,False,1
7,72.42,629.58,month_to_month,electronic_check,fiber,2,0,108.8,False,False,True,1
48,47.01,2235.22,month_to_month,electronic_check,fiber,0,0,46.7,False,True,True,1
49,72.34,3427.07,one_year,electronic_check,fiber,2,2,32.8,False,False,False,1
8,81.25,646.34,month_to_month,electronic_check,dsl,0,0,76.0,False,False,False,0
20,77.21,1545.53,two_year,credit_card,fiber,1,0,23.3,True,False,True,0
17,82.54,1544.08,month_to_month,electronic_check,fiber,2,0,122.3,False,False,False,0
48,101.08,4872.34,two_year,electronic_check,dsl,2,0,18.0,False,True,False,0
53,90.61,4803.83,month_to_month,credit_card,dsl,1,0,50.3,False,False,True,0
53,71.57,3799.82,one_year,credit_card,fiber,0,1,27.7,True,False,True,0
68,44.22,3042.95,two_year,credit_card,fiber,3,2,77.2,False,False,True,0
56,56.8,3237.18,month_to_month,electronic_check,fiber,0,0,46.6,False,True,True,0
23,65.17,1433.7,month_to_month,mailed_check,dsl,0,0,58.8,False,True,True,1
7,75.55,433.66,one_year,electronic_check,fiber,1,3,16.7,False,False,True,1
44,59.48,2740.47,one_year,bank_transfer,dsl,0,0,74.8,False,False,False,1
66,49.41,3113.37,two_year,mailed_check,fiber,2,0,67.5,True,False,True,0
71,43.86,3261.46,month_to_month,mailed_check,dsl,2,0,61.5,False,True,True,0
16,33.67,366.76,two_year,credit_card,fiber,0,0,50.7,False,False,False,1
17,64.83,1049.5,two_year,electronic_check,fiber,0,1,17.2,False,False,False,1
2,37.67,162.81,one_year,bank_transfer,dsl,1,0,39.6,False,False,True,1
10,47.99,479.93,month_to_month,bank_transfer,dsl,1,2,53.8,True,False,False,1
40,61.33,2334.72,month_to_month,bank_transfer,dsl,1,1,35.7,False,True,True,0
39,40.61,1622.17,two_year,credit_card,fiber,1,0,53.0,False,True,True,0
27,78.35,2121.48,one_year,mailed_check,dsl,2,0,57.9,True,True,True,0
22,86.28,1878.72,one_year,mailed_check,dsl,0,1,7.4,False,False,False,0
60,57.91,3418.45,two_year,bank_transfer,fiber,2,0,23.7,False,True,True,0
33,60.39,1989.76,month_to_month,mailed_check,fiber,1,2,44.7,False,False,False,0
59,81.82,4775.01,one_year,credit_card,dsl,2,0,90.3,False,False,True,0
70,54.29,4019.41,one_year,electronic_check,dsl,1,1,58.2,False,True,False,0
23,52.78,1192.34,two_year,bank_transfer,dsl,2,0,43.3,False,True,True,1
14,96.32,1314.84,one_year,bank_transfer,fiber,2,0,44.4,False,False,False,1
69,89.45,6123.3,month_to_month,credit_card,none,0,0,72.2,False,False,True,0
46,83.23,3988.51,month_to_month,electronic_check,none,2,0,19.9,True,False,False,0
21,90.36,1750.04,two_year,bank_transfer,dsl,2,1,55.9,True,True,False,0
45,26.5,1224.85,one_year,electronic_check,fiber,0,0,84.6,False,False,True,0
37,99.78,3670.32,month_to_month,bank_transfer,fiber,2,1,9.7,False,False,True,0
66,78.63,5061.47,two_year,mailed_check,dsl,1,0,18.7,False,True,False,0
18,92.24,1586.6,month_to_month,electronic_check,dsl,0,0,28.4,False,False,True,0
72,78.52,5681.97,month_to_month,bank_transfer,fiber,2,1,156.4,True,False,False,0
68,71.08,4755.64,two_year,electronic_check,fiber,3,0,45.8,False,False,True,0
13,63.94,854.58,one_year,credit_card,none,4,0,33.6,False,False,False,1
12,78.08,1092.58,two_year,mailed_check,fiber,1,1,24.9,False,False,True,0
38,63.14,2414.67,two_year,electronic_check,none,0,0,27.9,False,True,True,0
3,89.09,136.45,month_to_month,electronic_check,dsl,1,0,66.7,False,False,True,1
21,35.1,660.89,month_to_month,mailed_check,dsl,1,0,29.9,False,False,False,1
31,58.09,1775.1,two_year,electronic_check,fiber,1,1,27.2,True,True,True,0
70,114.99,8017.6,month_to_month,electronic_check,fiber,1,1,28.6,False,False,False,0
72,56.23,4062.24,one_year,credit_card,none,1,0,84.5,False,False,True,0
11,64.75,740.37,month_to_month,electronic_check,dsl,0,0,27.2,True,False,True,0
65,50.58,3443.45,month_to_month,electronic_check,fiber,0,0,11.0,True,True,True,0
6,77.39,464.01,month_to_month,bank_transfer,dsl,1,0,54.3,True,True,True,0
54,53.8,2801.5,one_year,credit_card,fiber,0,0,30.2,False,False,True,1
61,65.92,4124.96,one_year,credit_card,dsl,0,0,22.8,False,False,False,0
65,88.68,5877.87,month_to_month,bank_transfer,fiber,1,1,54.2,False,False,True,1
16,54.63,895.0,month_to_month,electronic_check,fiber,0,0,43.0,False,False,False,0
65,87.35,5655.57,month_to_month,credit_card,fiber,1,0,17.3,True,False,False,1
8,88.09,760.75,one_year,mailed_check,dsl,1,0,70.9,False,False,False,0
37,93.21,3429.77,month_to_month,bank_transfer,fiber,3,0,71.0,False,False,True,1
34,73.09,2300.05,one_year,credit_card,none,1,0,34.3,True,False,True,0
23,130.0,3040.71,one_year,credit_card,dsl,1,3,65.8,True,False,False,1
1,93.2,173.5,month_to_month,bank_transfer,none,1,2,62.4,True,True,False,1
56,77.15,4450.1,one_year,credit_card,dsl,1,0,56.9,False,True,False,0
24,50.73,1151.75,two_year,electronic_check,fiber,0,0,49.8,False,False,True,1
48,67.86,3277.63,month_to_month,credit_card,none,1,0,40.1,False,False,True,1
29,101.38,2962.32,month_to_month,electronic_check,fiber,1,0,65.2,False,False,False,1
27,107.61,2913.15,month_to_month,mailed_check,none,1,0,28.1,False,False,True,0
64,102.52,6571.62,one_year,bank_transfer,fiber,0,1,113.7,False,False,False,0
6,87.27,526.96,two_year,credit_card,dsl,2,0,65.8,False,False,False,0
53,42.38,2265.2,one_year,electronic_check,dsl,0,4,61.4,False,False,False,1
54,80.72,4425.54,two_year,mailed_check,dsl,2,0,26.6,False,False,False,0
27,42.69,1262.46,one_year,credit_card,dsl,1,0,20.4,False,False,True,1
19,37.28,640.25,month_to_month,bank_transfer,fiber,0,0,28.8,False,False,True,1
0,75.26,0.0,month_to_month,bank_transfer,fiber,3,3,103.8,False,True,False,1
68,81.51,5504.65,one_year,mailed_check,fiber,1,0,32.3,False,False,False,0
69,89.87,6150.12,one_year,credit_card,none,2,0,28.5,False,False,True,0
17,80.94,1230.54,month_to_month,bank_transfer,fiber,0,0,134.7,False,True,True,0
2,81.69,165.56,month_to_month,electronic_check,fiber,3,0,74.9,False,False,False,1
8,48.34,429.86,month_to_month,mailed_check,fiber,1,0,41.0,False,False,True,1
4,67.69,256.8,month_to_month,electronic_check,dsl,0,0,36.9,True,True,True,1
60,36.84,2209.59,one_year,credit_card,none,2,0,39.4,False,True,False,0
65,25.93,1723.11,one_year,credit_card,none,1,1,112.2,False,False,False,0
11,86.29,1076.19,two_year,mailed_check,fiber,3,0,37.2,False,False,True,0
54,53.43,2847.44,month_to_month,electronic_check,dsl,0,1,22.6,False,False,False,0
13,89.19,1054.02,two_year,electronic_check,fiber,1,2,44.4,False,True,True,0
26,94.38,2445.74,month_to_month,bank_transfer,dsl,0,0,33.4,False,False,True,0
43,56.38,2593.86,month_to_month,electronic_check,dsl,2,0,73.5,False,True,False,0
52,82.99,4211.0,two_year,electronic_check,fiber,2,1,35.6,False,False,False,0
63,55.45,3551.86,two_year,electronic_check,dsl,0,2,29.6,False,True,True,0
3,29.39,192.38,two_year,mailed_check,fiber,0,1,51.2,True,False,True,0
14,72.71,805.04,month_to_month,bank_transfer,fiber,2,0,38.7,True,False,True,1
20,59.64,1229.72,month_to_month,bank_transfer,fiber,2,0,16.6,False,True,True,1
22,60.32,1381.35,one_year,mailed_check,fiber,0,0,58.4,False,False,True,1
72,113.46,8145.06,two_year,bank_transfer,fiber,0,1,18.9,False,False,True,0
56,36.43,1981.9,month_to_month,credit_card,fiber,0,1,3.7,False,True,True,0
23,78.42,1750.5,month_to_month,electronic_check,dsl,0,0,32.0,False,False,True,1
70,48.11,3338.13,month_to_month,bank_transfer,dsl,0,0,63.7,False,False,False,0
36,89.98,3212.09,month_to_month,bank_transfer,none,0,0,41.6,False,False,False,0
36,76.57,2712.35,month_to_month,electronic_check,fiber,1,1,66.9,False,False,True,1
31,78.35,2397.85,one_year,mailed_check,dsl,0,0,36.7,False,False,True,1
10,49.21,599.27,month_to_month,electronic_check,none,0,0,87.1,False,False,False,0
68,53.16,3505.58,one_year,credit_card,fiber,0,0,48.0,False,True,False,0
1,90.4,0.0,one_year,credit_card,dsl,2,0,68.9,False,False,True,1
12,108.96,1416.13,month_to_month,mailed_check,none,1,0,153.0,False,True,False,0
16,80.57,1271.84,month_to_month,electronic_check,dsl,1,2,107.6,False,False,True,1
20,50.26,970.26,two_year,credit_card,fiber,1,1,110.8,False,False,False,1
9,77.46,687.13,one_year,credit_card,fiber,2,1,72.0,False,False,True,1
1,123.4,142.23,two_year,mailed_check,fiber,2,1,43.0,False,False,False,1
49,72.25,3493.09,month_to_month,credit_card,dsl,1,0,51.4,False,False,True,0
70,102.16,7196.73,one_year,credit_card,dsl,1,1,32.2,True,False,True,0
8,53.71,343.08,two_year,mailed_check,fiber,2,1,77.5,False,False,False,0
21,69.07,1423.31,month_to_month,bank_transfer,fiber,3,0,68.1,True,True,False,0
36,83.63,2811.36,month_to_month,electronic_check,fiber,2,1,16.7,False,False,True,1
67,78.74,5381.08,two_year,electronic_check,dsl,1,0,80.5,True,False,False,0
50,53.14,2641.15,month_to_month,bank_transfer,fiber,4,0,74.0,False,True,True,1
55,52.19,2930.76,month_to_month,credit_card,fiber,3,0,58.5,False,False,True,0
42,91.74,3895.97,two_year,electronic_check,dsl,0,0,43.5,True,False,True,0
30,96.21,2935.78,month_to_month,credit_card,fiber,1,1,45.2,False,False,False,1
14,103.27,1445.08,one_year,mailed_check,dsl,2,0,33.3,False,False,False,1
63,109.69,6945.41,one_year,bank_transfer,fiber,0,0,38.4,False,False,False,0
58,72.96,4145.16,one_year,credit_card,dsl,3,0,73.3,False,False,True,1
1,63.15,0.0,month_to_month,electronic_check,dsl,0,1,50.3,False,True,False,0
52,99.72,5176.34,month_to_month,electronic_check,fiber,0,0,125.6,False,False,False,1
6,85.69,452.96,two_year,mailed_check,fiber,2,1,46.8,False,False,False,1
53,48.39,2692.96,two_year,bank_transfer,none,0,1,12.9,False,True,True,0
60,47.26,2869.36,month_to_month,electronic_check,dsl,0,0,84.6,False,True,True,0
9,80.82,662.9,month_to_month,bank_transfer,fiber,1,2,35.6,False,False,True,1
31,66.1,2024.66,month_to_month,electronic_check,dsl,0,0,132.7,False,True,True,1
9,69.42,636.75,month_to_month,credit_card,fiber,1,1,103.0,False,True,True,0
41,93.6,3831.48,two_year,electronic_check,dsl,1,1,65.4,False,False,True,1
67,86.7,5833.36,two_year,mailed_check,dsl,1,1,27.8,True,False,True,0
5,99.26,502.48,month_to_month,bank_transfer,fiber,1,1,50.5,True,False,False,0
29,27.51,672.63,two_year,credit_card,dsl,2,1,59.5,False,True,True,0
71,75.57,5171.89,two_year,credit_card,fiber,0,0,7.5,False,False,True,0
21,85.28,1757.26,one_year,mailed_check,dsl,0,1,32.4,False,False,True,0
9,36.42,378.22,two_year,electronic_check,fiber,2,0,12.0,True,False,True,1
35,55.59,1913.04,month_to_month,electronic_check,none,0,1,31.5,False,False,True,1
37,51.51,2017.16,two_year,mailed_check,dsl,1,0,51.1,False,False,True,0
48,70.48,3378.82,month_to_month,mailed_check,dsl,1,0,72.9,False,True,True,0
22,105.81,2449.97,month_to_month,electronic_check,fiber,2,0,29.4,False,True,True,1
69,114.5,8004.17,one_year,electronic_check,fiber,0,0,57.2,False,False,False,0
38,52.09,2074.04,month_to_month,bank_transfer,dsl,1,1,74.7,True,False,True,0
20,81.58,1523.28,one_year,electronic_check,fiber,0,3,40.9,True,True,True,1
70,82.29,5761.84,month_to_month,bank_transfer,none,0,0,24.6,False,False,True,0
67,78.53,5371.56,month_to_month,bank_transfer,dsl,1,0,50.7,False,True,True,1
36,78.78,2860.59,one_year,bank_transfer,none,2,0,59.5,False,False,False,0
1,76.68,126.57,month_to_month,credit_card,fiber,2,2,19.3,False,False,True,1
43,107.13,4481.68,month_to_month,bank_transfer,fiber,1,0,30.0,False,False,False,0
40,94.25,3942.69,month_to_month,mailed_check,fiber,1,0,5.5,False,False,True,1
10,46.68,395.58,two_year,bank_transfer,none,0,0,5.5,False,True,True,0
46,87.51,3845.96,one_year,credit_card,fiber,0,1,17.5,False,False,True,1
61,89.63,5435.83,month_to_month,mailed_check,dsl,0,1,102.5,False,False,False,0
7,76.93,318.24,one_year,credit_card,dsl,0,1,46.1,False,True,True,0
52,94.89,4836.62,one_year,electronic_check,dsl,3,0,23.7,False,False,False,0
10,74.14,971.67,month_to_month,electronic_check,none,4,1,25.3,False,False,True,1
54,74.41,3983.94,month_to_month,electronic_check,dsl,2,1,37.6,False,False,True,1
30,72.67,2051.6,one_year,electronic_check,fiber,0,2,66.3,False,False,False,1
0,25.6,2.28,month_to_month,bank_transfer,dsl,0,0,19.1,False,False,True,1
70,68.23,4695.3,two_year,electronic_check,dsl,3,0,2.6,False,True,False,0
12,55.3,741.41,month_to_month,credit_card,dsl,1,1,14.9,True,True,True,1
43,43.9,1807.64,one_year,mailed_check,fiber,2,1,35.4,False,False,True,0
13,101.55,1344.52,month_to_month,electronic_check,dsl,0,1,43.5,False,False,True,1
68,81.09,5410.88,one_year,credit_card,fiber,1,1,103.3,False,False,False,0
53,69.34,3908.93,two_year,mailed_check,dsl,2,1,22.2,False,False,True,0
58,57.57,3384.39,month_to_month,electronic_check,fiber,2,0,54.6,False,False,True,1
31,76.52,2359.02,month_to_month,electronic_check,dsl,1,1,133.8,False,True,False,0
34,91.81,3095.17,one_year,electronic_check,fiber,1,0,105.3,False,False,True,0
46,51.81,2333.44,month_to_month,bank_transfer,fiber,0,0,46.8,False,False,True,0
57,69.89,3915.25,month_to_month,credit_card,none,0,2,45.5,True,False,True,0
61,89.1,5364.14,one_year,mailed_check,dsl,1,0,34.9,False,False,True,0
1,27.41,178.46,month_to_month,bank_transfer,fiber,2,0,13.4,True,False,True,1
48,68.73,3249.3,month_to_month,credit_card,dsl,1,1,67.3,False,False,True,0
7,60.56,232.27,month_to_month,mailed_check,dsl,0,2,75.2,False,False,False,1
21,67.06,1303.32,month_to_month,electronic_check,dsl,0,2,56.7,False,True,True,1
60,58.96,3621.1,two_year,bank_transfer,fiber,2,0,55.5,False,False,True,1
18,73.03,1291.83,month_to_month,bank_transfer,dsl,1,1,22.2,False,True,False,0
58,112.32,6502.49,month_to_month,bank_transfer,fiber,2,0,34.5,False,False,False,1
33,62.87,2179.99,one_year,bank_transfer,dsl,0,0,69.5,True,False,False,0
16,76.42,1152.78,two_year,electronic_check,fiber,3,0,24.6,True,False,True,0
24,113.88,2790.04,month_to_month,bank_transfer,dsl,0,0,39.8,False,False,True,0
38,57.9,2140.09,one_year,bank_transfer,fiber,1,1,5.7,False,False,False,1
55,109.92,6097.43,one_year,bank_transfer,fiber,0,0,27.0,False,True,True,0
44,70.12,3050.08,month_to_month,mailed_check,none,2,1,11.3,False,True,False,1
68,109.2,7403.86,month_to_month,credit_card,none,0,0,36.9,True,False,True,0
63,86.5,5523.31,one_year,mailed_check,none,0,0,70.9,False,False,False,0
54,76.76,4212.36,month_to_month,electronic_check,dsl,3,3,51.7,True,False,True,1
44,68.56,3001.75,month_to_month,electronic_check,fiber,1,0,45.1,False,False,True,1
21,56.27,1139.22,one_year,electronic_check,dsl,1,0,52.3,False,False,False,1
30,71.67,2294.02,month_to_month,electronic_check,fiber,0,0,34.8,False,False,True,1
8,89.74,770.96,month_to_month,credit_card,fiber,0,0,60.2,False,True,True,1
27,69.71,1846.97,month_to_month,electronic_check,fiber,1,3,16.6,False,True,True,0
67,63.03,4164.23,two_year,bank_transfer,fiber,2,0,59.8,False,False,False,0
31,64.48,2091.12,one_year,mailed_check,fiber,0,1,13.4,True,False,False,0
8,91.83,745.03,month_to_month,bank_transfer,fiber,2,0,21.9,False,False,True,1
47,96.95,4541.93,month_to_month,credit_card,dsl,0,0,99.5,False,True,False,0
70,55.32,3882.75,two_year,mailed_check,none,1,0,37.2,False,True,False,0
63,55.29,3513.67,one_year,bank_transfer,fiber,1,0,69.2,False,False,True,1
20,78.35,1561.9,one_year,bank_transfer,fiber,2,0,18.9,False,True,False,0
33,103.61,3527.46,month_to_month,electronic_check,fiber,0,0,72.2,False,False,True,0
38,95.21,3731.32,month_to_month,bank_transfer,dsl,0,0,68.2,False,False,True,1
18,42.46,812.15,month_to_month,electronic_check,fiber,1,0,132.0,False,False,True,1
19,64.19,1343.33,two_year,electronic_check,dsl,2,1,92.8,False,True,False,1
17,49.53,842.77,two_year,electronic_check,fiber,0,0,8.8,False,False,False,0
72,64.11,4678.05,month_to_month,bank_transfer,dsl,0,1,21.8,True,False,False,0
54,105.3,5776.6,one_year,electronic_check,dsl,1,0,48.3,False,False,False,0
61,38.7,2452.41,two_year,credit_card,fiber,0,0,52.5,False,True,False,0
59,34.38,2110.86,two_year,bank_transfer,none,1,1,34.6,False,True,True,0
70,51.77,3680.71,month_to_month,electronic_check,dsl,1,0,71.3,False,False,True,0
7,76.32,710.38,month_to_month,credit_card,fiber,2,0,63.2,True,True,True,1
64,83.66,5305.67,two_year,mailed_check,dsl,1,0,20.6,False,False,True,0
4,79.62,304.51,month_to_month,mailed_check,fiber,0,0,54.7,False,True,True,1
34,95.87,3240.27,month_to_month,mailed_check,none,1,1,15.2,False,True,True,0
43,31.21,1308.9,month_to_month,bank_transfer,fiber,2,0,30.6,False,False,False,0
26,96.14,2320.65,month_to_month,electronic_check,none,2,1,56.5,False,False,False,1
10,63.13,755.04,month_to_month,electronic_check,dsl,1,1,62.7,False,False,True,0
14,86.09,1112.92,one_year,credit_card,dsl,0,0,73.5,False,False,True,1
60,40.88,2468.08,two_year,mailed_check,fiber,1,2,15.2,False,True,True,0
23,70.11,1484.56,month_to_month,electronic_check,fiber,2,1,48.0,False,True,True,1
22,75.2,1710.26,two_year,electronic_check,none,1,0,35.7,True,True,True,0
67,95.43,6323.12,two_year,bank_transfer,dsl,3,0,45.9,True,False,True,0
10,35.12,248.96,one_year,credit_card,none,6,1,52.0,False,False,False,1
66,70.68,4682.37,one_year,credit_card,dsl,0,0,54.4,False,True,True,1
67,46.12,3026.97,two_year,mailed_check,dsl,1,0,60.3,False,False,True,0
43,81.12,3436.49,one_year,credit_card,none,2,1,21.5,True,False,True,0
12,87.1,1060.66,month_to_month,mailed_check,dsl,2,0,109.9,False,True,True,1
11,98.32,1153.52,two_year,credit_card,fiber,1,2,88.6,False,False,False,1
20,58.23,1090.94,month_to_month,credit_card,dsl,3,1,32.2,False,False,True,1
42,90.4,3707.59,two_year,electronic_check,fiber,1,0,52.2,False,True,False,0
11,99.94,1101.45,month_to_month,credit_card,dsl,0,0,112.8,True,False,True,0
33,33.85,1165.58,month_to_month,electronic_check,fiber,0,3,59.3,False,False,True,0
8,83.47,799.41,one_year,electronic_check,none,3,2,38.0,False,True,False,1
39,91.09,3456.09,one_year,electronic_check,none,1,1,92.3,False,False,True,0
1,64.31,35.69,month_to_month,credit_card,none,0,0,45.2,False,False,False,1
51,43.36,2317.18,two_year,electronic_check,fiber,1,0,28.3,False,True,False,0
4,90.75,540.58,month_to_month,electronic_check,dsl,1,2,53.7,False,True,True,1
14,43.61,521.16,month_to_month,credit_card,fiber,0,2,33.8,False,False,True,0
12,66.08,726.47,one_year,electronic_check,fiber,1,1,80.2,False,False,True,0
60,69.12,4181.5,month_to_month,electronic_check,dsl,3,0,24.4,False,False,True,0
3,85.74,205.22,month_to_month,mailed_check,fiber,0,0,77.5,False,True,False,1
31,56.21,1674.18,month_to_month,credit_card,fiber,2,0,55.7,False,False,False,0
43,54.94,2384.42,month_to_month,bank_transfer,dsl,1,0,4.3,False,False,False,0
37,72.18,2810.11,two_year,electronic_check,dsl,2,0,57.6,False,True,True,0
49,92.14,4397.01,month_to_month,credit_card,fiber,0,1,36.7,False,True,False,0
58,120.32,7113.41,one_year,electronic_check,dsl,1,1,13.3,False,False,False,1
28,36.84,979.79,one_year,credit_card,none,1,0,18.3,True,False,True,1
60,76.94,4647.52,month_to_month,bank_transfer,fiber,0,2,123.7,False,True,False,0
23,46.1,1203.48,two_year,mailed_check,dsl,2,0,77.5,False,True,True,0
71,92.41,6590.39,month_to_month,credit_card,dsl,1,1,11.5,False,False,True,0
36,49.35,1749.83,month_to_month,electronic_check,fiber,0,0,55.7,False,False,True,0
53,55.16,2988.12,one_year,bank_transfer,fiber,1,1,73.7,False,False,True,0
63,57.04,3577.94,one_year,bank_transfer,fiber,0,0,55.4,True,True,True,0
57,68.32,3941.16,month_to_month,credit_card,dsl,1,1,17.7,False,False,True,1
62,77.11,4762.4,two_year,credit_card,dsl,2,1,62.2,False,False,True,0
39,80.64,3222.46,two_year,credit_card,fiber,2,0,23.5,False,False,True,1
3,69.87,84.13,month_to_month,electronic_check,fiber,1,0,28.5,False,False,True,0
35,40.74,1334.68,one_year,credit_card,dsl,0,0,12.3,False,False,False,0
13,86.01,991.33,month_to_month,electronic_check,fiber,1,0,22.0,False,False,True,1
64,68.83,4400.04,month_to_month,credit_card,fiber,0,1,8.2,False,False,True,0
17,95.56,1486.86,month_to_month,credit_card,none,1,0,79.7,False,False,True,0
16,54.43,808.62,month_to_month,credit_card,fiber,2,0,25.9,False,False,False,1
18,34.75,525.82,one_year,electronic_check,dsl,2,0,118.0,False,True,True,0
46,69.25,3318.67,month_to_month,bank_transfer,fiber,0,0,81.4,False,False,True,0
41,98.51,3949.75,month_to_month,credit_card,fiber,4,0,80.0,False,False,False,0
69,73.54,4958.47,month_to_month,electronic_check,fiber,1,1,119.9,False,True,True,0
30,65.61,1990.65,month_to_month,credit_card,dsl,1,0,2.8,False,True,False,0
20,50.85,1168.81,one_year,electronic_check,dsl,1,0,65.2,True,False,True,0
3,108.67,315.56,month_to_month,credit_card,fiber,0,0,96.3,False,True,True,1
0,47.35,0.0,month_to_month,credit_card,dsl,1,1,81.3,False,False,True,1
27,54.04,1575.25,month_to_month,credit_card,dsl,2,0,56.7,False,True,True,1
67,82.54,5609.22,month_to_month,electronic_check,dsl,1,1,13.7,False,False,False,0
38,29.17,1146.75,one_year,electronic_check,dsl,6,0,15.6,False,True,False,0
65,98.04,6320.19,month_to_month,credit_card,dsl,3,0,34.0,False,False,True,1
7,83.73,627.15,one_year,electronic_check,fiber,2,0,43.1,False,False,True,1
6,89.78,416.21,one_year,mailed_check,dsl,1,0,25.7,False,True,True,1
60,82.28,4880.67,month_to_month,credit_card,dsl,0,0,150.8,False,True,False,0
7,66.46,594.05,month_to_month,bank_transfer,dsl,1,0,120.0,False,True,True,1
3,46.61,257.01,month_to_month,electronic_check,dsl,0,0,30.2,False,False,True,1
29,66.92,1980.05,month_to_month,mailed_check,dsl,1,0,17.4,False,False,True,0
67,48.54,3078.54,month_to_month,credit_card,dsl,4,1,65.4,False,False,True,0
50,80.7,3926.26,two_year,credit_card,none,0,2,41.3,False,True,True,0
7,87.75,553.1,month_to_month,bank_transfer,dsl,2,1,72.9,False,False,True,1
61,102.49,6236.44,month_to_month,electronic_check,dsl,2,1,92.1,False,False,True,0
61,78.18,4656.44,two_year,mailed_check,dsl,0,0,12.0,False,False,True,0
58,90.34,5217.55,two_year,electronic_check,fiber,2,0,39.0,False,True,True,0
65,63.46,4283.96,month_to_month,bank_transfer,dsl,1,0,25.8,False,False,True,0
17,59.48,1047.24,month_to_month,mailed_check,dsl,0,0,142.3,False,False,True,0
71,80.42,5729.51,month_to_month,credit_card,fiber,1,2,22.5,False,True,False,1
23,61.5,1322.92,two_year,mailed_check,dsl,1,0,28.6,False,False,True,1
58,75.92,4255.85,one_year,electronic_check,fiber,1,0,72.3,True,False,True,0
42,46.65,1848.76,month_to_month,bank_transfer,fiber,1,0,28.4,True,False,True,1
56,50.6,2682.45,month_to_month,electronic_check,dsl,0,0,16.6,False,False,True,0
45,83.98,3785.85,month_to_month,credit_card,fiber,1,2,122.4,False,True,False,1
46,89.51,4152.01,one_year,credit_card,dsl,3,1,48.1,False,False,False,0
44,48.32,2039.2,month_to_month,credit_card,dsl,3,1,23.3,False,True,True,1
56,84.75,4759.31,month_to_month,bank_transfer,fiber,0,0,15.2,False,False,True,0
53,58.28,3221.05,month_to_month,electronic_check,fiber,2,0,21.7,False,False,True,0
9,70.36,809.43,one_year,credit_card,fiber,1,0,25.7,True,False,True,1
60,101.17,6139.54,month_to_month,electronic_check,dsl,1,0,39.7,False,True,True,0
39,87.76,3406.9,two_year,bank_transfer,dsl,1,0,91.1,False,True,False,0
23,87.51,2079.16,month_to_month,electronic_check,dsl,1,0,60.1,False,True,False,1
37,111.99,4265.29,month_to_month,credit_card,fiber,0,1,90.7,False,False,False,1
70,54.51,3635.05,month_to_month,mailed_check,fiber,2,0,65.5,False,False,False,1
62,48.31,3128.61,month_to_month,mailed_check,none,3,0,53.8,False,True,False,0
60,54.11,3197.59,month_to_month,credit_card,none,3,0,16.7,False,False,True,0
33,64.4,2077.05,month_to_month,electronic_check,dsl,0,0,78.5,False,False,True,1
57,18.2,1005.46,month_to_month,credit_card,fiber,1,0,21.7,True,False,True,0
28,65.44,1861.13,month_to_month,credit_card,fiber,1,2,80.7,False,True,False,1
50,58.02,2800.99,two_year,electronic_check,fiber,0,0,125.4,False,False,False,0
46,87.24,3987.41,month_to_month,mailed_check,fiber,1,1,61.6,False,False,True,0
18,77.75,1446.77,two_year,electronic_check,dsl,3,1,30.0,False,False,True,1
19,56.78,1098.49,two_year,credit_card,fiber,1,0,11.3,False,False,False,1
4,82.98,366.19,one_year,credit_card,none,3,0,67.3,False,False,False,1
10,85.91,829.94,month_to_month,mailed_check,dsl,1,0,46.1,False,True,True,1
31,53.09,1708.22,one_year,bank_transfer,none,1,2,11.1,False,True,True,0
34,59.15,2106.18,two_year,electronic_check,none,2,0,50.3,True,False,False,0
12,21.04,342.16,month_to_month,bank_transfer,fiber,3,0,165.9,False,False,True,1
30,46.01,1418.78,month_to_month,mailed_check,dsl,0,0,23.3,False,True,False,0
44,53.67,2445.98,month_to_month,bank_transfer,dsl,2,0,18.8,False,False,True,1
16,71.63,1224.48,month_to_month,electronic_check,fiber,4,0,85.4,False,False,True,1
24,49.2,1421.69,month_to_month,credit_card,fiber,1,0,48.2,True,False,True,0
26,58.7,1635.83,month_to_month,bank_transfer,fiber,1,1,19.2,False,False,True,1
36,43.04,1541.45,one_year,electronic_check,fiber,1,0,22.2,False,True,True,0
26,73.76,1835.71,month_to_month,credit_card,dsl,2,1,54.6,True,True,True,0
53,79.37,4183.11,month_to_month,bank_transfer,fiber,0,0,15.6,False,False,True,0
23,78.85,1783.69,two_year,bank_transfer,fiber,0,1,59.9,False,False,True,0
31,70.27,2224.4,month_to_month,electronic_check,dsl,3,0,6.5,False,False,False,0
27,36.1,911.68,month_to_month,electronic_check,dsl,3,2,54.3,False,False,False,1
13,56.36,839.98,month_to_month,credit_card,fiber,1,0,49.9,False,False,True,0
50,61.04,2926.94,month_to_month,electronic_check,dsl,0,0,161.6,False,False,True,1
17,61.13,892.28,month_to_month,electronic_check,none,1,0,27.1,False,False,True,0
21,71.65,1492.49,month_to_month,credit_card,fiber,2,0,45.2,False,False,True,1
57,101.36,5701.69,two_year,electronic_check,dsl,0,0,14.5,False,False,True,0
69,87.87,5949.79,two_year,credit_card,fiber,1,0,55.7,True,False,True,0
48,48.27,2259.62,month_to_month,mailed_check,dsl,0,1,135.5,False,True,False,0
66,84.92,5536.19,one_year,credit_card,none,1,1,31.1,False,False,True,1
62,84.09,5214.49,one_year,electronic_check,fiber,1,0,30.2,False,True,True,0
35,52.27,1773.61,two_year,electronic_check,dsl,2,1,45.4,False,True,True,0
56,88.68,4917.56,month_to_month,credit_card,fiber,2,1,25.6,False,True,True,1
23,66.47,1528.37,one_year,credit_card,dsl,3,0,63.4,True,False,False,1
33,38.98,1377.62,month_to_month,mailed_check,dsl,2,1,18.0,False,False,True,0
39,80.01,3252.76,month_to_month,bank_transfer,fiber,2,1,60.4,False,False,True,1
70,74.77,5247.2,two_year,credit_card,none,3,1,8.9,False,True,False,0
61,64.99,3984.69,month_to_month,credit_card,dsl,1,0,28.8,False,False,True,1
35,69.18,2404.81,month_to_month,credit_card,fiber,2,0,25.1,False,False,True,0
47,54.18,2589.77,month_to_month,electronic_check,dsl,0,2,39.5,True,False,False,1
14,83.42,1203.0,two_year,credit_card,fiber,0,0,51.8,False,False,True,1
58,69.04,4123.65,month_to_month,electronic_check,none,0,0,68.9,False,False,False,0
40,73.66,2776.42,month_to_month,credit_card,fiber,0,1,33.5,True,False,True,0
38,77.86,2937.58,one_year,credit_card,dsl,1,1,32.4,True,True,True,1
55,44.6,2483.53,month_to_month,bank_transfer,dsl,1,0,61.1,False,False,True,1
46,50.33,2312.81,month_to_month,electronic_check,dsl,2,0,33.6,False,False,True,1
5,21.38,22.37,one_year,mailed_check,dsl,2,1,23.3,False,True,True,1
21,82.42,1613.88,two_year,credit_card,fiber,1,0,65.4,False,False,True,0
12,43.33,592.53,one_year,bank_transfer,dsl,1,1,73.1,False,True,True,1
53,72.92,3796.64,month_to_month,bank_transfer,fiber,0,0,77.7,False,True,False,1
2,78.16,0.0,month_to_month,bank_transfer,dsl,2,0,44.2,False,False,True,0
14,83.25,1242.59,one_year,bank_transfer,fiber,1,2,150.9,False,True,True,0
43,43.51,1912.24,month_to_month,electronic_check,dsl,3,0,20.0,False,True,True,1
50,68.57,3418.07,one_year,credit_card,dsl,2,0,34.3,False,True,True,0
36,106.75,3760.69,month_to_month,mailed_check,dsl,0,1,35.3,False,False,True,1
62,107.71,6667.81,two_year,credit_card,fiber,0,0,66.9,False,True,False,0
67,91.72,6254.64,month_to_month,bank_transfer,dsl,0,0,3.7,False,True,False,0
9,77.42,551.46,two_year,mailed_check,dsl,2,1,14.1,False,False,True,1
69,47.89,3163.65,month_to_month,electronic_check,none,4,0,47.5,True,True,False,0
44,85.81,3719.14,one_year,mailed_check,fiber,1,0,29.3,True,True,True,0
46,66.52,3057.52,month_to_month,credit_card,dsl,2,0,78.3,False,True,False,0
6,82.33,449.31,month_to_month,electronic_check,dsl,1,3,47.2,False,False,True,1
45,56.08,2581.45,month_to_month,bank_transfer,none,1,0,96.6,False,False,False,0
52,66.2,3540.4,month_to_month,bank_transfer,fiber,3,0,7.4,False,False,True,1
42,73.61,3116.71,month_to_month,credit_card,fiber,0,0,48.3,False,True,True,1
6,75.42,502.96,month_to_month,electronic_check,none,1,0,41.1,True,True,True,1
38,80.86,3097.17,two_year,bank_transfer,fiber,2,1,59.9,False,False,False,1
68,57.26,3894.54,two_year,bank_transfer,dsl,1,0,39.6,False,False,False,0
52,40.45,1986.98,one_year,bank_transfer,fiber,0,1,31.6,False,True,True,0
10,105.75,964.98,month_to_month,electronic_check,none,3,1,25.5,False,False,True,1
70,124.76,8611.62,month_to_month,credit_card,dsl,1,0,30.4,False,False,True,0
69,79.84,5495.59,month_to_month,credit_card,fiber,1,0,52.5,False,False,True,0
12,40.87,511.35,month_to_month,electronic_check,dsl,2,0,13.2,True,False,False,1
58,52.99,2942.99,one_year,bank_transfer,fiber,1,2,8.1,False,False,True,1
29,81.2,2361.33,two_year,electronic_check,fiber,3,0,11.1,False,True,True,0
43,99.5,4199.73,month_to_month,credit_card,dsl,4,0,68.8,False,True,False,0
32,43.32,1290.01,month_to_month,mailed_check,fiber,3,1,33.7,False,False,True,0
57,67.26,3777.54,month_to_month,credit_card,fiber,1,0,27.0,False,False,True,1
72,74.31,5249.48,month_to_month,bank_transfer,dsl,0,1,32.6,True,False,True,1
58,89.02,5217.76,month_to_month,electronic_check,fiber,0,0,76.2,False,False,True,0
67,62.44,4168.36,month_to_month,credit_card,none,2,0,7.5,False,False,False,0
69,35.6,2529.77,month_to_month,bank_transfer,dsl,0,1,76.4,True,False,False,1
6,83.67,462.11,month_to_month,mailed_check,none,0,1,18.5,False,True,False,0
18,94.75,1668.99,one_year,bank_transfer,dsl,2,0,83.3,False,False,False,1
52,68.18,3713.96,two_year,electronic_check,none,0,0,138.1,False,False,True,0
43,78.92,3247.48,month_to_month,electronic_check,fiber,3,1,35.6,True,True,False,0
3,59.56,294.28,month_to_month,bank_transfer,dsl,1,0,27.1,False,False,True,0
6,51.39,457.25,month_to_month,credit_card,none,1,0,104.5,False,False,False,0
37,92.58,3494.38,one_year,electronic_check,dsl,4,0,19.2,False,False,True,0
44,78.52,3425.14,month_to_month,credit_card,none,1,0,38.5,False,True,True,0
12,80.79,1097.9,one_year,electronic_check,none,0,0,29.8,False,False,True,1
12,103.05,1207.64,month_to_month,electronic_check,fiber,1,0,44.7,False,False,True,1
9,46.79,357.59,two_year,mailed_check,dsl,0,1,19.2,False,False,True,0
41,57.86,2337.32,month_to_month,credit_card,fiber,0,1,62.7,False,False,True,1
0,73.47,0.0,month_to_month,electronic_check,none,0,0,45.7,True,False,False,1
41,57.59,2275.99,month_to_month,mailed_check,none,1,1,45.1,True,False,True,1
34,87.23,3065.72,month_to_month,mailed_check,dsl,0,2,51.2,True,False,True,0
34,65.88,2170.31,month_to_month,mailed_check,fiber,1,0,18.3,False,False,True,1
49,48.16,2357.17,two_year,bank_transfer,fiber,0,0,64.7,False,False,True,0
38,71.45,2585.16,one_year,mailed_check,fiber,1,0,11.7,False,False,True,1
53,73.75,3911.52,two_year,electronic_check,dsl,2,0,40.4,False,True,True,1
55,90.56,4876.77,two_year,mailed_check,none,3,2,96.7,False,False,True,0
67,78.65,5163.31,month_to_month,electronic_check,fiber,0,0,16.0,False,True,True,1
58,80.15,4638.86,two_year,electronic_check,dsl,1,1,28.8,False,False,True,1
37,77.05,2945.98,one_year,electronic_check,dsl,1,0,34.5,False,True,False,0
35,65.86,2344.74,month_to_month,electronic_check,dsl,0,0,39.2,False,False,True,1
17,54.24,967.9,one_year,bank_transfer,fiber,2,1,31.5,True,False,False,1
43,76.35,3271.36,two_year,mailed_check,fiber,1,0,77.7,True,True,False,0
10,62.67,596.49,one_year,electronic_check,fiber,0,0,9.1,True,False,True,0
67,107.18,7252.26,one_year,bank_transfer,fiber,3,0,88.3,False,True,True,0
61,99.53,6020.64,month_to_month,bank_transfer,fiber,4,0,31.2,False,False,False,0
8,83.92,746.46,two_year,electronic_check,dsl,0,0,67.7,True,False,False,0
57,78.33,4576.05,month_to_month,bank_transfer,dsl,1,0,65.0,False,False,True,0
8,68.06,468.76,one_year,electronic_check,fiber,1,0,32.1,False,True,False,0
52,42.26,2135.02,one_year,electronic_check,dsl,0,0,25.8,False,True,False,0
6,65.24,342.33,month_to_month,credit_card,dsl,2,1,125.2,False,True,True,0
35,72.23,2396.02,month_to_month,mailed_check,fiber,3,0,123.2,False,False,False,1
48,75.05,3560.15,one_year,electronic_check,fiber,2,0,44.2,True,False,True,0
53,80.33,4374.62,month_to_month,electronic_check,fiber,3,0,77.3,False,False,False,1
30,90.27,2614.0,month_to_month,credit_card,dsl,1,2,37.2,False,True,False,1
67,54.77,3788.86,month_to_month,bank_transfer,dsl,2,1,31.1,False,True,False,0
56,54.97,3039.31,one_year,mailed_check,fiber,0,0,48.1,True,False,False,0
15,101.92,1719.06,month_to_month,credit_card,fiber,1,2,20.4,False,True,True,1
48,86.96,4112.72,month_to_month,bank_transfer,fiber,2,1,18.5,False,False,True,1
53,61.4,3241.24,two_year,bank_transfer,fiber,2,1,100.3,False,False,True,0
24,67.64,1541.44,month_to_month,electronic_check,dsl,0,0,62.2,False,False,False,0
53,67.74,3528.33,two_year,credit_card,dsl,0,0,23.5,False,False,True,0
65,70.69,4715.29,month_to_month,electronic_check,dsl,1,1,65.5,False,False,False,0
59,80.4,4786.31,month_to_month,bank_transfer,dsl,2,0,32.5,False,False,False,1
55,125.77,7009.94,one_year,electronic_check,fiber,1,0,36.2,False,False,False,0
46,74.17,3293.42,month_to_month,electronic_check,fiber,3,0,26.0,True,False,True,1
19,84.58,1665.95,two_year,mailed_check,dsl,3,0,49.9,False,False,True,0
58,32.9,1820.77,month_to_month,mailed_check,dsl,1,0,57.2,True,True,True,0
26,59.33,1422.22,two_year,credit_card,dsl,2,0,36.7,False,False,True,0
38,97.03,3708.63,month_to_month,bank_transfer,dsl,2,1,18.5,True,False,False,1
22,78.85,1755.27,two_year,mailed_check,dsl,1,1,66.7,False,False,True,1
22,18.0,400.8,month_to_month,electronic_check,dsl,3,0,25.9,True,False,True,1
11,84.83,997.71,one_year,credit_card,dsl,1,0,58.9,True,False,True,1
70,112.2,7932.62,month_to_month,electronic_check,none,0,1,101.2,False,False,True,0
10,26.09,393.18,two_year,bank_transfer,fiber,4,0,101.2,True,False,False,1
6,103.43,513.45,month_to_month,electronic_check,fiber,1,0,16.0,False,False,False,1
68,18.0,1359.18,month_to_month,bank_transfer,dsl,1,1,29.3,False,False,False,0
40,90.64,3795.01,one_year,electronic_check,fiber,3,1,53.0,False,False,False,0
31,69.81,2131.15,month_to_month,credit_card,fiber,1,0,79.3,False,True,False,0
53,18.3,819.74,one_year,bank_transfer,dsl,1,0,14.6,False,False,False,1
27,79.82,2030.63,one_year,electronic_check,dsl,1,0,85.5,False,False,True,0
9,95.32,816.31,month_to_month,mailed_check,dsl,0,0,56.9,False,True,False,1
53,78.01,4315.8,one_year,electronic_check,fiber,0,0,90.2,False,False,False,1
12,82.87,995.98,month_to_month,credit_card,fiber,0,1,15.7,True,False,True,1
40,60.94,2382.05,one_year,bank_transfer,dsl,2,0,33.3,False,True,False,1
69,29.05,1942.76,month_to_month,electronic_check,fiber,1,0,56.1,True,False,False,0
68,85.22,5675.91,month_to_month,credit_card,fiber,1,0,40.5,False,False,True,1
26,108.49,2899.45,two_year,credit_card,dsl,1,0,36.7,True,False,True,1
56,94.85,5303.31,two_year,credit_card,none,2,0,10.2,False,False,False,0
44,26.27,1344.86,two_year,bank_transfer,fiber,2,0,34.6,False,False,False,0
34,36.67,1303.32,one_year,credit_card,fiber,5,0,16.3,False,False,True,1
10,51.39,588.59,month_to_month,electronic_check,fiber,0,0,143.5,False,False,True,1
27,34.95,921.86,month_to_month,electronic_check,fiber,1,0,57.8,False,False,True,1
47,70.97,3237.4,month_to_month,mailed_check,dsl,0,0,206.5,True,True,True,0
72,78.66,5584.9,one_year,credit_card,fiber,0,0,29.6,False,True,True,0
0,38.53,0.0,month_to_month,electronic_check,fiber,1,1,39.8,False,True,True,1
52,87.1,4611.14,two_year,electronic_check,none,2,1,102.4,True,True,True,0
61,83.22,5041.78,month_to_month,bank_transfer,fiber,0,0,38.2,True,False,False,0
69,57.94,4083.59,month_to_month,credit_card,dsl,2,1,110.1,False,False,True,0
30,66.2,1998.23,two_year,electronic_check,none,1,0,128.9,False,False,True,0
8,27.1,190.45,month_to_month,mailed_check,dsl,0,0,47.1,False,False,False,1
19,62.69,1085.85,month_to_month,mailed_check,fiber,4,0,97.0,False,False,True,1
62,70.16,4377.07,month_to_month,mailed_check,fiber,3,3,75.3,False,False,True,1
64,73.71,4697.76,two_year,credit_card,none,3,0,9.4,False,False,False,0
46,78.34,3684.84,month_to_month,credit_card,none,1,0,110.4,False,True,True,0
8,75.37,538.57,month_to_month,electronic_check,fiber,0,1,66.9,True,False,True,1
8,64.18,568.89,month_to_month,credit_card,dsl,1,0,47.0,False,True,True,0
34,76.3,2741.88,one_year,bank_transfer,fiber,2,0,43.0,True,False,True,0
42,92.04,3890.21,month_to_month,electronic_check,fiber,2,2,138.9,False,True,True,0
2,67.9,206.48,one_year,credit_card,none,0,1,43.8,True,False,True,1
50,76.99,3900.97,month_to_month,credit_card,fiber,2,0,61.3,False,False,True,0
39,65.9,2740.93,two_year,bank_transfer,fiber,2,0,83.8,False,True,False,0
0,55.77,33.44,one_year,electronic_check,dsl,1,0,73.5,False,False,True,0
6,81.5,552.0,one_year,mailed_check,dsl,2,0,40.5,True,False,True,0
33,57.79,1903.81,month_to_month,credit_card,dsl,3,0,146.9,True,True,True,0
52,78.5,4012.31,month_to_month,credit_card,dsl,1,0,17.2,False,False,False,1
60,70.62,4128.46,month_to_month,mailed_check,dsl,1,0,70.5,False,False,True,0
31,63.31,2076.63,month_to_month,electronic_check,dsl,2,1,33.3,False,False,True,0
21,62.78,1227.63,month_to_month,mailed_check,none,0,0,54.5,False,False,True,1
70,58.82,4184.53,month_to_month,bank_transfer,dsl,1,1,51.4,False,True,True,0
33,33.79,1152.51,month_to_month,mailed_check,dsl,1,1,33.8,True,True,False,1
23,78.42,1886.26,month_to_month,credit_card,none,0,1,93.5,False,False,True,0
32,75.09,2356.56,month_to_month,electronic_check,fiber,0,0,84.5,False,False,True,0
0,88.69,0.0,month_to_month,electronic_check,dsl,1,0,23.7,False,False,False,1
22,58.31,1316.87,one_year,bank_transfer,dsl,0,0,152.4,True,True,True,0
37,111.7,4106.59,month_to_month,electronic_check,none,1,2,40.4,True,False,True,1
67,61.65,4019.76,one_year,electronic_check,fiber,1,1,59.1,False,False,True,0
53,50.75,2864.22,month_to_month,mailed_check,dsl,0,0,15.1,False,False,True,0
57,48.14,2672.75,two_year,credit_card,dsl,0,0,48.4,False,False,False,0
39,31.85,1152.72,month_to_month,electronic_check,dsl,0,0,80.1,False,False,True,0
8,103.72,807.97,month_to_month,bank_transfer,fiber,0,0,22.2,False,True,False,1
28,100.16,2917.24,one_year,electronic_check,fiber,1,2,48.3,False,False,False,0
72,83.22,5796.83,month_to_month,credit_card,fiber,1,0,56.0,False,True,True,0
3,50.29,256.16,month_to_month,electronic_check,fiber,0,0,59.9,False,False,False,1
64,109.85,6948.37,month_to_month,credit_card,fiber,1,0,6.1,False,False,True,1
49,62.26,3074.55,two_year,electronic_check,dsl,0,0,27.6,False,True,True,0
20,64.08,1220.76,two_year,bank_transfer,fiber,2,1,56.1,False,False,True,0
56,101.62,5869.99,month_to_month,credit_card,fiber,0,0,68.6,False,True,False,0
61,84.5,5165.72,two_year,electronic_check,dsl,0,1,41.7,False,True,True,0
3,118.42,291.53,month_to_month,mailed_check,fiber,2,1,108.3,False,False,True,1
7,75.47,501.19,month_to_month,bank_transfer,none,0,0,58.0,True,True,True,1
48,61.27,2949.03,month_to_month,credit_card,fiber,0,0,46.7,True,True,False,0
72,56.54,4086.87,month_to_month,mailed_check,dsl,0,2,41.9,False,False,True,0
1,29.37,68.86,two_year,electronic_check,fiber,0,0,50.0,False,False,True,1
48,63.87,3065.63,two_year,credit_card,none,1,0,18.7,False,False,True,0
9,95.18,732.68,two_year,mailed_check,dsl,1,0,47.9,True,False,True,1
47,83.17,3878.37,one_year,credit_card,none,2,0,32.7,False,True,True,0
45,70.45,3224.85,month_to_month,electronic_check,fiber,0,1,51.4,True,False,True,0
6,48.11,228.37,one_year,bank_transfer,dsl,1,0,33.6,False,True,True,0
49,74.99,3735.06,month_to_month,electronic_check,fiber,1,0,41.0,False,False,False,1
65,92.28,6001.05,two_year,electronic_check,fiber,1,0,46.5,False,False,False,1
63,79.48,4987.64,month_to_month,bank_transfer,fiber,2,0,26.3,False,False,True,0
2,73.67,254.81,two_year,electronic_check,dsl,2,0,52.7,False,True,False,1
17,52.47,735.56,one_year,electronic_check,dsl,1,1,63.0,True,False,True,1
17,89.08,1453.58,month_to_month,credit_card,dsl,3,1,67.7,True,False,True,1
33,18.0,704.92,month_to_month,credit_card,fiber,0,2,101.7,False,True,True,1
10,78.42,948.9,month_to_month,credit_card,fiber,1,1,38.0,True,True,False,1
62,126.55,8051.84,month_to_month,bank_transfer,dsl,1,0,67.7,False,False,False,1
56,36.82,2066.45,two_year,credit_card,fiber,1,0,82.1,False,True,False,0
59,64.69,3857.92,month_to_month,bank_transfer,fiber,2,0,23.3,False,False,True,1
14,69.83,1051.19,month_to_month,electronic_check,none,2,0,55.0,False,True,True,1
1,59.82,174.58,month_to_month,electronic_check,fiber,0,0,91.6,False,False,True,1
66,92.8,6152.98,month_to_month,mailed_check,dsl,1,0,52.2,False,False,False,0
21,80.39,1771.54,month_to_month,credit_card,fiber,0,0,96.3,True,False,False,1
47,73.35,3488.83,two_year,electronic_check,dsl,2,2,62.0,False,False,False,1
66,87.54,5824.64,one_year,mailed_check,dsl,0,0,98.2,True,True,True,1
2,70.37,58.09,two_year,credit_card,dsl,1,1,94.3,False,False,True,1
0,130.0,0.0,month_to_month,credit_card,dsl,2,0,91.0,True,True,False,1
0,73.33,0.0,month_to_month,electronic_check,fiber,2,0,55.4,False,False,False,1
11,74.3,710.3,month_to_month,bank_transfer,fiber,1,0,67.8,False,False,False,1
3,32.37,0.0,month_to_month,electronic_check,fiber,0,0,55.2,False,False,True,1
59,58.04,3386.23,month_to_month,credit_card,dsl,2,2,21.1,False,True,True,1
44,95.24,4166.81,month_to_month,bank_transfer,fiber,0,0,22.0,False,True,True,1
71,40.62,2893.47,one_year,bank_transfer,dsl,1,0,76.5,False,True,False,0
58,22.53,1356.76,month_to_month,electronic_check,fiber,1,0,171.1,False,False,True,0
70,70.71,4966.63,one_year,electronic_check,dsl,0,1,30.0,True,True,False,0
17,100.16,1679.6,one_year,bank_transfer,fiber,3,0,49.8,False,False,True,0
21,70.93,1407.17,one_year,mailed_check,none,1,0,52.5,False,True,False,0
62,62.61,3960.76,month_to_month,electronic_check,none,2,1,34.9,False,False,False,0
17,29.11,485.71,one_year,credit_card,fiber,2,1,58.3,False,True,False,0
4,79.95,280.76,month_to_month,bank_transfer,none,0,0,64.7,False,False,False,0
48,84.55,4041.62,month_to_month,bank_transfer,dsl,0,0,80.0,False,False,True,0
58,30.8,1720.45,month_to_month,mailed_check,fiber,2,1,56.4,False,False,True,0
70,94.96,6599.44,month_to_month,bank_transfer,dsl,3,0,16.6,False,True,False,1
67,86.85,5768.33,month_to_month,electronic_check,fiber,0,0,120.2,True,False,True,0
8,94.91,733.42,one_year,bank_transfer,dsl,3,0,52.3,False,False,False,1
56,82.84,4698.06,one_year,mailed_check,none,1,0,37.8,False,False,False,0
61,84.38,5183.82,month_to_month,electronic_check,dsl,2,0,35.3,False,True,False,0
50,81.46,4212.21,month_to_month,credit_card,dsl,0,0,19.5,True,True,True,1
59,89.11,5366.55,month_to_month,electronic_check,dsl,0,0,44.2,False,False,False,1
61,29.99,2005.47,two_year,electronic_check,dsl,2,0,37.5,False,True,True,0
32,36.98,1233.68,month_to_month,mailed_check,fiber,4,0,89.2,False,False,False,0
2,53.81,156.5,month_to_month,electronic_check,dsl,0,0,24.7,True,False,True,0
33,67.14,2171.75,month_to_month,bank_transfer,dsl,0,0,29.5,False,False,False,0
14,78.54,1173.9,one_year,electronic_check,dsl,1,0,63.7,False,False,True,1
8,77.14,558.07,month_to_month,electronic_check,fiber,0,0,40.7,False,False,False,1
9,94.58,718.88,month_to_month,credit_card,fiber,0,0,121.6,False,False,True,0
50,95.27,4900.87,month_to_month,electronic_check,fiber,1,0,30.8,False,False,True,0
36,50.81,1716.73,one_year,bank_transfer,dsl,2,0,71.1,True,False,True,1
39,75.25,2974.25,month_to_month,electronic_check,fiber,2,0,76.0,False,False,True,1
54,51.35,2693.67,two_year,bank_transfer,fiber,3,0,16.5,False,False,False,0
40,65.86,2735.8,two_year,mailed_check,none,2,1,45.9,False,False,True,1
45,77.08,3582.27,month_to_month,credit_card,none,1,0,18.0,True,False,True,0
6,18.0,155.63,two_year,electronic_check,fiber,0,2,35.1,True,False,True,1
62,123.05,7741.27,two_year,bank_transfer,dsl,0,0,8.4,True,True,False,0
32,82.46,2639.38,month_to_month,electronic_check,fiber,0,1,29.6,False,False,False,0
11,56.89,826.87,one_year,electronic_check,dsl,0,1,56.3,False,True,False,1
59,112.4,6698.75,month_to_month,mailed_check,fiber,1,0,27.0,False,True,True,0
53,62.36,3224.03,month_to_month,electronic_check,dsl,0,0,54.8,False,False,False,0
3,72.92,225.02,month_to_month,credit_card,dsl,3,0,146.9,False,True,False,1
14,59.28,816.19,two_year,electronic_check,fiber,2,0,71.5,True,False,True,0
1,106.34,83.8,two_year,bank_transfer,dsl,2,0,89.6,False,False,True,1
19,67.69,1136.97,month_to_month,bank_transfer,fiber,0,1,13.6,False,True,True,1
7,73.29,547.85,one_year,credit_card,fiber,1,1,13.7,False,True,True,1
51,96.48,4795.76,one_year,credit_card,none,0,0,30.0,False,False,False,0
38,82.87,2921.77,two_year,electronic_check,fiber,2,1,15.3,False,False,True,0
71,68.8,4853.84,month_to_month,electronic_check,fiber,1,0,6.7,False,False,True,1
54,94.43,5031.19,month_to_month,bank_transfer,fiber,1,0,32.3,False,False,False,1
44,125.85,5459.86,month_to_month,mailed_check,fiber,1,0,55.2,False,False,False,1
37,76.98,2568.98,month_to_month,bank_transfer,dsl,1,0,26.9,False,False,True,0
3,72.57,141.13,month_to_month,bank_transfer,fiber,1,0,36.8,True,False,False,0
5,73.75,353.12,month_to_month,credit_card,none,4,0,40.5,False,False,True,1
44,98.83,4291.45,month_to_month,credit_card,fiber,3,0,28.8,False,True,True,1
0,56.82,34.86,two_year,bank_transfer,fiber,1,0,19.8,False,False,True,1
3,63.88,316.98,month_to_month,electronic_check,dsl,1,0,54.7,True,False,True,1
15,36.18,589.17,month_to_month,credit_card,fiber,1,0,34.4,False,True,True,0
64,43.95,2905.18,one_year,electronic_check,fiber,1,0,22.4,True,True,True,0
33,58.61,2033.95,month_to_month,credit_card,fiber,0,0,121.2,False,True,True,1
51,68.77,3415.57,one_year,bank_transfer,fiber,1,0,46.1,False,False,False,0
30,108.92,3307.12,two_year,credit_card,dsl,1,2,14.2,False,False,False,0
12,81.79,1071.04,month_to_month,bank_transfer,none,1,1,34.0,False,False,True,1
27,49.93,1308.87,month_to_month,mailed_check,fiber,2,0,71.7,False,False,False,0
6,53.98,252.72,month_to_month,mailed_check,dsl,2,0,34.6,False,False,False,1
56,100.24,5661.18,month_to_month,bank_transfer,dsl,1,0,33.4,False,False,False,0
13,94.79,1098.92,one_year,mailed_check,fiber,1,0,44.0,False,False,True,0
27,70.62,1808.82,month_to_month,credit_card,fiber,3,0,19.9,False,False,True,0
71,60.26,4218.45,month_to_month,bank_transfer,none,0,1,9.0,True,True,False,0
43,94.75,4114.8,month_to_month,bank_transfer,fiber,1,0,90.5,True,True,True,1
33,48.15,1608.65,month_to_month,mailed_check,fiber,1,1,54.4,True,True,False,0
39,78.62,3159.09,month_to_month,credit_card,fiber,2,0,46.9,False,False,False,1
57,120.0,6757.03,month_to_month,credit_card,dsl,2,2,41.8,True,True,True,1
18,74.52,1253.57,month_to_month,bank_transfer,none,0,0,44.5,False,True,True,1
46,52.94,2482.39,one_year,bank_transfer,fiber,5,1,133.7,True,False,False,1
63,79.03,4907.01,two_year,electronic_check,fiber,1,0,26.0,False,False,True,0
41,59.66,2391.74,one_year,credit_card,fiber,0,0,87.7,False,False,False,0
32,39.33,1091.45,month_to_month,credit_card,dsl,1,1,89.8,False,False,False,0
10,85.42,880.38,month_to_month,bank_transfer,fiber,3,0,59.5,False,False,True,1
18,94.59,1841.34,one_year,mailed_check,fiber,1,0,88.2,True,False,True,1
69,63.16,4265.4,one_year,credit_card,fiber,0,0,50.9,False,False,True,0
39,61.7,2498.25,two_year,mailed_check,fiber,1,0,32.3,False,False,True,0
21,48.85,1020.5,month_to_month,electronic_check,none,1,0,56.8,False,False,True,0
30,66.7,1842.11,month_to_month,electronic_check,dsl,2,1,189.6,False,False,True,0
42,57.63,2339.93,month_to_month,credit_card,fiber,2,0,54.3,False,False,True,1
39,47.76,1776.56,two_year,credit_card,none,1,0,59.5,False,False,True,0
51,111.63,5664.64,one_year,bank_transfer,none,3,1,11.2,False,False,False,0
18,80.26,1482.44,two_year,bank_transfer,fiber,0,0,18.3,False,False,False,0
47,82.59,4048.13,one_year,credit_card,fiber,0,0,31.9,False,False,True,0
32,89.43,2732.96,two_year,credit_card,none,3,0,44.0,False,True,True,0
68,86.96,5869.65,month_to_month,mailed_check,fiber,4,1,68.1,False,True,True,1
11,60.91,589.37,two_year,electronic_check,fiber,1,0,118.5,False,False,True,1
10,76.0,645.88,two_year,electronic_check,fiber,0,0,19.7,False,False,True,0
33,64.08,2123.23,two_year,bank_transfer,dsl,1,1,43.1,False,False,False,1
37,79.65,2947.18,two_year,bank_transfer,fiber,0,0,73.5,False,True,False,1
50,77.52,3712.76,month_to_month,credit_card,fiber,1,0,25.7,True,False,False,0
29,61.58,1787.45,one_year,electronic_check,dsl,2,3,125.9,False,True,True,1
66,40.76,2581.67,one_year,credit_card,dsl,0,1,47.3,False,False,False,1
34,73.22,2490.54,one_year,electronic_check,fiber,0,0,33.2,False,False,True,0
9,65.51,703.84,one_year,electronic_check,fiber,0,2,39.3,False,False,True,0
8,28.41,268.96,one_year,electronic_check,dsl,0,0,11.4,True,True,True,0
71,81.17,5779.05,month_to_month,electronic_check,fiber,2,0,104.1,False,False,True,0
9,91.24,773.57,one_year,credit_card,dsl,1,2,51.1,False,False,False,0
69,125.62,8673.8,two_year,bank_transfer,fiber,2,0,112.8,False,False,True,1
20,61.39,1278.49,one_year,electronic_check,dsl,2,0,45.2,False,False,False,1
6,58.15,390.67,month_to_month,credit_card,fiber,3,0,145.9,False,True,False,1
22,45.59,994.05,two_year,credit_card,fiber,1,1,17.3,False,False,True,0
44,74.59,3301.52,one_year,electronic_check,fiber,1,0,78.3,False,False,True,0
31,74.45,2189.46,month_to_month,bank_transfer,fiber,2,0,33.2,False,False,False,1
57,52.15,2906.46,one_year,electronic_check,dsl,1,0,114.3,False,True,True,0
44,66.15,2974.28,one_year,mailed_check,dsl,2,0,34.9,False,True,False,1
29,26.47,843.41,one_year,bank_transfer,dsl,4,0,11.7,False,True,True,0
46,90.38,4165.9,month_to_month,electronic_check,dsl,1,0,19.1,False,False,False,1
70,53.05,3846.61,month_to_month,mailed_check,fiber,1,0,22.0,False,True,False,0
30,69.24,2122.92,two_year,credit_card,dsl,1,0,23.2,True,False,True,1
11,38.61,403.73,two_year,electronic_check,fiber,3,1,17.9,False,False,True,1
29,57.19,1548.73,month_to_month,credit_card,dsl,1,2,84.8,False,False,True,1
61,63.85,4024.34,two_year,bank_transfer,dsl,5,0,49.7,False,True,False,0
15,69.75,1115.58,month_to_month,bank_transfer,fiber,1,0,27.2,False,True,True,1
69,80.55,5719.8,month_to_month,bank_transfer,dsl,2,1,42.1,True,False,True,0
42,101.66,4464.74,one_year,mailed_check,none,1,0,105.8,False,False,False,0
43,86.12,3587.34,month_to_month,mailed_check,fiber,2,1,57.6,False,True,True,1
23,91.17,1981.32,month_to_month,electronic_check,dsl,1,0,32.4,False,True,True,0
67,101.81,6563.58,two_year,mailed_check,fiber,1,0,26.3,False,True,True,0
2,82.53,247.71,month_to_month,electronic_check,fiber,1,1,111.2,False,False,True,1
21,69.19,1512.07,month_to_month,mailed_check,fiber,3,0,27.5,False,True,False,1
30,92.2,2774.8,month_to_month,electronic_check,fiber,1,1,7.6,True,True,False,1
34,93.61,3072.39,one_year,electronic_check,fiber,0,0,77.8,False,False,False,0
34,84.27,2857.17,one_year,credit_card,dsl,0,0,15.6,False,False,False,0
10,38.0,396.62,month_to_month,electronic_check,fiber,3,1,78.7,False,True,True,1
16,51.49,894.29,month_to_month,bank_transfer,dsl,1,2,24.4,False,True,True,1
6,63.95,408.27,month_to_month,electronic_check,fiber,1,1,21.0,True,False,True,1
41,87.15,3632.89,one_year,credit_card,fiber,0,0,9.0,True,False,False,0
25,69.53,1727.08,two_year,mailed_check,dsl,1,0,52.9,True,False,False,0
41,95.01,4001.74,month_to_month,bank_transfer,dsl,0,0,71.1,True,False,True,0
43,98.94,4311.28,two_year,credit_card,dsl,1,1,46.5,False,False,False,0
51,96.38,4808.56,two_year,mailed_check,dsl,0,0,35.8,False,True,True,0
39,96.52,3889.31,month_to_month,electronic_check,dsl,1,0,26.7,False,False,True,1
47,47.19,2328.23,month_to_month,electronic_check,fiber,3,0,31.9,False,False,False,0
42,80.62,3427.93,one_year,electronic_check,fiber,0,0,44.8,False,False,True,0
47,56.63,2686.87,two_year,electronic_check,fiber,1,0,37.1,False,False,True,0
45,33.72,1666.68,month_to_month,electronic_check,fiber,0,0,33.0,True,True,True,0
23,63.68,1317.64,month_to_month,bank_transfer,fiber,0,0,31.8,False,True,False,1
17,99.14,1797.09,one_year,electronic_check,dsl,2,1,91.0,False,False,False,1
57,80.14,4525.12,two_year,bank_transfer,fiber,0,1,14.2,False,False,True,0
25,114.39,2958.32,month_to_month,bank_transfer,fiber,1,0,223.8,False,False,True,1
40,73.9,2966.83,month_to_month,credit_card,fiber,1,0,140.7,False,True,True,1
14,123.85,1622.04,month_to_month,credit_card,none,1,0,20.2,False,False,True,1
31,73.91,2246.52,two_year,electronic_check,none,1,0,101.8,False,False,True,0
38,70.49,2770.58,one_year,bank_transfer,none,1,1,37.9,True,False,True,1
45,41.85,1864.33,month_to_month,credit_card,dsl,2,0,10.7,False,False,True,0
38,94.43,3532.41,two_year,bank_transfer,none,0,0,59.4,False,False,False,0
26,58.95,1476.16,month_to_month,credit_card,fiber,1,0,32.0,False,True,True,1
70,55.76,3961.0,two_year,bank_transfer,dsl,1,0,96.6,False,False,False,0
37,98.19,3790.59,month_to_month,electronic_check,dsl,1,0,150.4,True,False,True,0
59,95.48,5440.64,month_to_month,credit_card,dsl,2,1,16.4,False,False,False,1
53,94.91,5282.29,month_to_month,credit_card,fiber,3,0,25.0,False,False,False,1
40,62.03,2499.54,month_to_month,bank_transfer,dsl,1,2,39.7,False,False,False,0
64,68.88,4460.54,two_year,credit_card,none,1,1,54.6,True,True,True,0
9,68.68,578.86,month_to_month,bank_transfer,dsl,1,1,21.7,False,False,True,1
67,87.22,5843.42,month_to_month,electronic_check,fiber,1,0,65.0,False,False,False,1
62,104.18,6476.49,one_year,mailed_check,fiber,2,0,15.1,False,True,False,1
36,78.1,2717.18,month_to_month,mailed_check,fiber,0,1,17.2,False,True,True,1
53,113.45,5940.34,month_to_month,electronic_check,dsl,1,0,82.4,False,True,True,0
37,89.74,3426.99,month_to_month,electronic_check,dsl,2,0,40.0,True,True,False,1
19,64.83,1092.06,two_year,credit_card,fiber,1,0,37.9,False,True,False,1
58,88.23,5157.03,one_year,electronic_check,none,1,2,74.2,False,False,False,1
17,107.53,1794.66,two_year,electronic_check,fiber,1,0,3.9,False,False,False,0
22,113.96,2420.66,one_year,credit_card,dsl,2,1,35.5,False,False,True,1
37,96.11,3733.54,month_to_month,bank_transfer,dsl,2,0,46.8,False,False,False,0
61,70.56,4218.25,month_to_month,electronic_check,dsl,1,0,15.5,False,False,True,0
28,65.23,1724.73,one_year,mailed_check,none,1,0,40.9,False,True,True,0
36,82.67,2959.29,month_to_month,electronic_check,none,2,1,89.7,False,False,True,0
3,106.83,251.32,two_year,electronic_check,fiber,4,0,64.5,False,False,True,1
8,79.54,636.89,month_to_month,electronic_check,fiber,2,1,5.0,True,False,False,1
4,80.0,333.99,month_to_month,mailed_check,none,0,0,40.4,False,False,True,0
5,71.13,376.77,one_year,mailed_check,dsl,1,0,91.3,False,False,True,0
63,62.79,3944.62,month_to_month,electronic_check,fiber,0,0,69.8,False,False,False,1
61,66.43,3989.04,one_year,bank_transfer,none,0,3,35.6,False,True,True,0
59,72.98,4363.73,one_year,electronic_check,dsl,1,0,78.7,False,False,True,1
4,107.8,421.15,one_year,electronic_check,fiber,0,0,85.9,True,False,True,1
5,64.73,279.04,two_year,electronic_check,fiber,0,1,27.8,False,False,False,1
20,71.16,1556.4,month_to_month,bank_transfer,dsl,1,1,75.2,False,False,False,1
41,50.96,2078.44,month_to_month,credit_card,dsl,3,0,27.7,False,False,True,1
24,85.77,2156.76,two_year,credit_card,none,1,1,24.6,False,True,True,1
35,100.07,3612.87,month_to_month,electronic_check,dsl,1,0,52.7,False,False,True,0
12,105.74,1384.77,month_to_month,mailed_check,fiber,0,0,18.4,False,False,False,1
53,74.47,4009.11,month_to_month,mailed_check,fiber,0,0,36.5,False,True,True,0
22,82.64,1818.02,one_year,electronic_check,fiber,1,1,25.0,False,False,True,0
4,66.62,260.72,one_year,bank_transfer,fiber,0,1,36.9,True,False,False,0
54,81.62,4385.51,month_to_month,bank_transfer,dsl,0,0,121.9,False,False,True,1
65,76.91,4804.13,month_to_month,mailed_check,fiber,4,0,160.5,False,True,True,0
1,71.28,135.97,month_to_month,credit_card,fiber,0,0,18.6,True,True,True,0
31,73.03,2285.93,month_to_month,electronic_check,none,2,0,134.5,False,False,True,1
60,79.94,4870.7,month_to_month,credit_card,dsl,4,0,26.1,False,False,True,1
51,63.53,3229.5,one_year,bank_transfer,fiber,0,0,77.4,False,True,False,0
62,64.67,4069.37,two_year,credit_card,fiber,1,0,23.1,True,False,False,0
30,107.56,3102.82,one_year,electronic_check,fiber,1,1,54.8,True,False,True,0
27,129.63,3394.78,two_year,bank_transfer,dsl,1,0,66.5,False,False,True,0
51,43.5,1995.64,two_year,mailed_check,dsl,4,1,82.0,True,False,True,1
11,42.29,453.1,one_year,credit_card,dsl,1,0,137.9,False,True,True,0
17,48.94,762.45,one_year,credit_card,fiber,2,0,32.1,False,False,False,1
43,67.73,2831.09,two_year,credit_card,dsl,0,0,69.6,False,False,False,0
48,89.71,4336.2,one_year,credit_card,fiber,1,1,53.5,False,False,True,0
8,83.01,625.78,month_to_month,electronic_check,dsl,0,0,124.8,False,True,True,1
37,73.78,2600.88,month_to_month,credit_card,fiber,1,1,93.4,True,True,True,0
26,81.64,2351.67,one_year,credit_card,fiber,2,0,84.4,True,True,False,0
36,54.77,1968.39,two_year,mailed_check,fiber,1,1,7.5,False,False,True,0
69,64.63,4361.99,one_year,electronic_check,dsl,3,1,156.5,False,False,True,0
5,69.56,287.51,month_to_month,electronic_check,fiber,1,0,13.8,False,False,True,0
72,35.15,2515.22,one_year,credit_card,fiber,0,0,16.2,False,False,True,0
32,44.45,1406.63,two_year,bank_transfer,dsl,1,1,32.8,False,False,True,0
56,45.33,2655.67,one_year,credit_card,fiber,2,0,47.4,False,False,False,0
30,86.81,2597.15,month_to_month,electronic_check,fiber,3,1,70.2,False,True,True,0
22,75.4,1825.77,month_to_month,credit_card,fiber,0,0,69.9,True,False,True,1
56,83.44,4633.72,month_to_month,electronic_check,fiber,0,0,46.4,False,True,True,0
50,29.53,1514.88,two_year,credit_card,dsl,0,0,79.6,False,False,True,0
10,37.36,465.58,month_to_month,bank_transfer,fiber,2,0,203.7,False,False,True,1
51,84.59,4421.65,two_year,credit_card,fiber,2,0,123.3,False,False,False,1
54,18.0,1090.07,month_to_month,credit_card,none,0,2,33.0,False,False,False,0
28,96.94,2689.84,two_year,electronic_check,fiber,2,1,35.5,False,False,False,1
67,29.89,2002.14,month_to_month,bank_transfer,dsl,1,0,24.5,True,True,True,0
46,88.55,3850.15,one_year,mailed_check,dsl,0,1,67.6,False,False,True,0
24,50.45,1193.16,one_year,credit_card,fiber,0,0,19.7,False,False,True,0
0,93.08,98.21,one_year,bank_transfer,dsl,2,1,22.3,False,True,True,1
49,130.0,6450.72,one_year,credit_card,dsl,1,0,46.3,False,False,True,0
15,19.99,292.07,month_to_month,bank_transfer,fiber,2,0,50.0,False,False,False,1
55,85.3,4844.42,month_to_month,electronic_check,fiber,0,0,57.5,False,False,False,0
38,30.22,1113.8,month_to_month,mailed_check,fiber,1,0,8.4,False,False,True,1
34,79.39,2634.81,one_year,electronic_check,fiber,1,0,23.1,True,True,True,0
11,65.45,677.82,one_year,electronic_check,fiber,0,0,49.7,False,True,True,0
51,72.86,3614.84,month_to_month,electronic_check,fiber,1,3,103.1,False,False,False,1
12,49.94,655.3,one_year,credit_card,dsl,0,1,35.5,True,False,True,1
30,87.17,2641.06,month_to_month,bank_transfer,fiber,1,0,131.7,False,False,True,0
61,38.14,2381.44,month_to_month,bank_transfer,dsl,1,1,94.0,True,True,False,0
67,97.32,6483.15,month_to_month,electronic_check,fiber,0,1,10.3,False,False,True,1
72,61.0,4386.77,one_year,bank_transfer,dsl,0,0,85.1,True,True,True,0
69,39.14,2504.6,month_to_month,electronic_check,dsl,0,1,24.1,False,False,True,0
40,105.09,4237.46,two_year,bank_transfer,fiber,2,2,59.8,False,False,False,1
14,68.52,968.18,one_year,electronic_check,fiber,3,1,22.3,False,False,False,0
61,111.97,6731.12,one_year,credit_card,fiber,3,0,14.6,False,True,True,1
58,96.87,5609.04,month_to_month,credit_card,fiber,1,2,18.2,True,True,False,1
72,52.44,3752.47,one_year,credit_card,fiber,2,1,57.9,True,False,True,0
47,68.13,3360.9,two_year,bank_transfer,dsl,2,1,68.2,False,False,False,0
10,72.66,631.1,month_to_month,mailed_check,dsl,1,0,13.4,False,False,True,0
36,103.58,3758.71,month_to_month,credit_card,fiber,2,0,21.1,False,False,False,0
32,79.63,2449.99,month_to_month,credit_card,none,2,4,23.3,False,False,True,1
61,73.88,4456.47,month_to_month,electronic_check,none,0,0,12.1,False,False,False,0
28,65.6,1861.71,month_to_month,bank_transfer,fiber,3,1,33.8,False,True,True,1
23,68.89,1565.45,one_year,credit_card,dsl,0,2,149.8,False,False,True,1
5,98.7,492.96,month_to_month,bank_transfer,fiber,0,1,53.2,False,False,False,0
60,70.08,4234.74,two_year,credit_card,dsl,0,0,39.9,False,False,False,0
55,61.31,3327.62,month_to_month,credit_card,dsl,3,0,72.7,False,True,True,0
3,57.58,252.31,one_year,mailed_check,fiber,1,1,84.1,False,False,True,1
31,57.82,1764.93,two_year,electronic_check,fiber,1,2,24.8,False,False,True,1
35,39.15,1361.47,month_to_month,bank_transfer,dsl,0,0,24.5,False,True,True,0
34,53.49,1851.18,month_to_month,credit_card,fiber,0,0,32.7,True,True,False,1
67,102.97,6919.42,month_to_month,electronic_check,dsl,0,1,12.8,False,False,True,1
10,65.45,712.48,month_to_month,electronic_check,none,2,1,18.4,False,False,True,1
22,85.5,1909.53,one_year,bank_transfer,fiber,2,1,70.8,False,False,True,1
13,18.0,276.21,two_year,electronic_check,fiber,1,1,19.2,False,False,False,0
17,82.5,1373.22,one_year,mailed_check,dsl,1,1,19.9,True,False,False,1
66,66.45,4289.51,two_year,electronic_check,dsl,2,0,113.0,False,True,False,0
68,59.41,3911.39,month_to_month,electronic_check,dsl,0,0,158.1,False,False,False,0
3,73.98,71.58,month_to_month,bank_transfer,fiber,1,0,38.3,False,True,True,0
46,59.09,2876.79,month_to_month,electronic_check,dsl,3,0,62.5,False,False,True,1
16,23.27,173.17,one_year,electronic_check,fiber,2,0,53.8,False,False,True,0
14,90.29,1371.5,month_to_month,credit_card,fiber,1,1,36.6,False,False,True,1
21,75.35,1508.47,month_to_month,credit_card,fiber,2,0,84.9,True,False,False,1
14,63.09,990.04,two_year,credit_card,dsl,2,1,16.8,False,False,True,0
35,48.74,1507.67,month_to_month,credit_card,none,0,0,37.1,False,False,False,1
72,37.66,2690.36,month_to_month,bank_transfer,dsl,1,1,42.1,False,False,True,0
42,74.93,3277.92,month_to_month,bank_transfer,dsl,0,0,12.8,False,True,False,0
52,105.5,5550.19,month_to_month,credit_card,fiber,1,2,41.6,False,True,False,0
36,74.47,2650.57,month_to_month,bank_transfer,dsl,0,1,20.0,False,False,True,0
1,39.58,0.0,month_to_month,electronic_check,dsl,3,0,53.1,False,False,True,1
6,74.95,330.68,month_to_month,credit_card,dsl,0,0,56.2,False,False,True,1
19,68.83,1432.79,two_year,credit_card,dsl,0,0,72.1,False,False,True,0
17,89.01,1481.83,month_to_month,credit_card,fiber,0,0,45.3,False,False,True,0
61,83.35,5077.89,one_year,electronic_check,fiber,2,0,53.1,False,False,False,0
61,18.0,1123.52,one_year,electronic_check,dsl,2,1,71.7,True,False,False,0
62,82.0,4966.74,one_year,electronic_check,fiber,0,0,178.7,False,False,True,1
46,47.92,2240.98,two_year,electronic_check,fiber,1,2,14.4,False,False,True,0
40,38.72,1511.03,month_to_month,credit_card,none,2,0,132.2,True,False,True,1
47,65.85,3121.38,month_to_month,credit_card,none,1,1,7.5,False,False,False,1
29,79.04,2240.14,month_to_month,electronic_check,fiber,1,0,23.5,False,True,True,1
48,33.9,1485.62,month_to_month,bank_transfer,fiber,0,1,63.9,False,False,True,0
57,85.5,4835.04,two_year,credit_card,fiber,4,1,23.8,False,False,True,1
55,86.79,4831.12,one_year,electronic_check,fiber,1,1,40.9,False,True,True,0
44,71.03,3160.79,month_to_month,electronic_check,fiber,1,1,67.8,False,True,True,0
4,50.91,206.42,month_to_month,credit_card,fiber,2,0,13.4,False,True,True,1
52,48.45,2600.23,two_year,credit_card,dsl,0,1,88.1,False,False,True,0
26,92.57,2388.5,month_to_month,bank_transfer,fiber,0,1,27.3,False,False,True,1
54,36.75,1989.56,month_to_month,electronic_check,fiber,0,1,101.2,False,True,False,0
39,93.42,3600.2,two_year,credit_card,dsl,1,0,50.2,False,True,True,0
64,66.37,4333.78,one_year,credit_card,fiber,3,0,35.9,False,False,True,1
24,67.89,1655.6,month_to_month,bank_transfer,none,2,1,11.3,False,False,False,1
67,32.42,2122.01,month_to_month,bank_transfer,fiber,1,0,22.5,False,True,False,0
61,66.77,3938.96,one_year,electronic_check,fiber,0,1,49.0,False,False,True,1
24,83.5,2103.45,month_to_month,mailed_check,fiber,1,0,68.9,False,False,False,1
35,40.6,1354.03,two_year,electronic_check,fiber,3,0,27.9,False,False,True,1
38,80.97,3083.35,one_year,mailed_check,fiber,2,0,81.6,True,True,True,0
56,71.96,4241.49,one_year,electronic_check,none,2,1,80.0,False,True,False,0
50,55.84,2864.14,one_year,credit_card,none,0,0,59.3,False,False,False,1
62,88.8,5650.6,two_year,credit_card,none,1,1,17.6,False,False,False,0
27,21.55,533.42,month_to_month,electronic_check,dsl,0,2,22.1,False,True,True,1
36,77.63,2891.07,month_to_month,bank_transfer,fiber,0,0,104.2,False,False,True,0
31,105.63,3276.93,one_year,electronic_check,none,0,1,22.5,False,False,True,1
66,101.68,6743.82,month_to_month,electronic_check,dsl,0,0,51.8,False,False,False,1
22,78.58,1910.64,one_year,electronic_check,fiber,2,1,28.3,False,True,True,0
42,63.36,2636.04,month_to_month,mailed_check,dsl,0,0,52.0,False,True,True,0
8,56.01,449.81,month_to_month,mailed_check,dsl,0,0,31.0,True,False,False,0
62,63.34,3845.79,month_to_month,credit_card,dsl,3,1,56.4,False,False,False,1
28,81.96,2374.84,one_year,credit_card,dsl,0,0,66.0,False,True,True,1
24,52.24,1203.3,month_to_month,electronic_check,none,0,0,17.2,False,True,False,0
42,86.66,3731.76,month_to_month,credit_card,dsl,1,0,10.1,False,True,True,0
36,116.93,4060.99,month_to_month,mailed_check,none,1,0,139.5,False,False,True,1
61,68.64,4236.42,month_to_month,bank_transfer,dsl,0,1,26.2,False,False,True,0
38,40.42,1478.03,one_year,bank_transfer,fiber,2,1,17.0,False,False,True,1
37,40.42,1561.29,two_year,electronic_check,dsl,1,1,69.9,False,False,True,1
7,87.08,608.34,one_year,bank_transfer,dsl,0,0,37.9,False,True,True,0
1,68.69,20.51,one_year,mailed_check,fiber,1,0,36.9,True,True,True,1
29,89.29,2554.62,month_to_month,mailed_check,dsl,0,0,12.0,False,True,False,0
72,58.26,4118.19,two_year,credit_card,fiber,3,0,52.6,False,True,True,1
66,88.27,5901.22,two_year,electronic_check,fiber,0,1,24.2,True,False,False,0
45,66.52,2899.02,two_year,mailed_check,dsl,1,1,22.5,True,True,True,0
46,53.88,2454.44,month_to_month,credit_card,none,0,0,13.6,False,False,True,0
28,61.18,1744.11,month_to_month,electronic_check,fiber,0,1,71.0,True,False,True,1
12,43.66,669.13,month_to_month,electronic_check,dsl,0,0,33.3,False,False,True,0
0,113.77,0.0,month_to_month,credit_card,fiber,1,0,28.7,True,True,True,1
24,67.88,1607.29,month_to_month,bank_transfer,dsl,0,1,50.7,True,True,True,0
23,84.18,1960.77,two_year,mailed_check,dsl,1,1,63.1,False,False,False,0
13,58.19,569.86,month_to_month,mailed_check,none,1,1,75.1,False,False,True,1
18,46.86,735.6,month_to_month,credit_card,fiber,0,0,47.2,False,True,True,0
1,64.85,31.07,two_year,mailed_check,dsl,4,0,54.9,False,False,False,1
44,94.23,4081.95,two_year,electronic_check,none,2,0,43.3,True,False,True,1
67,58.54,3778.11,month_to_month,electronic_check,fiber,2,1,21.8,True,False,True,0
50,50.85,2619.7,month_to_month,electronic_check,fiber,2,0,89.9,False,False,False,1
32,73.42,2372.82,two_year,bank_transfer,dsl,0,0,38.8,False,True,True,0
30,80.98,2442.02,two_year,mailed_check,fiber,1,0,130.8,False,False,False,0
22,106.14,2272.62,one_year,bank_transfer,dsl,1,1,69.6,False,False,True,1
10,77.78,784.95,month_to_month,mailed_check,fiber,0,3,17.6,True,True,True,1
43,84.17,3665.61,one_year,credit_card,dsl,2,1,92.0,False,False,True,0
41,85.82,3494.78,one_year,bank_transfer,fiber,2,1,49.9,False,False,True,1
0,44.63,40.01,month_to_month,electronic_check,fiber,1,1,32.9,False,True,True,1
30,48.81,1392.65,month_to_month,bank_transfer,fiber,2,0,15.2,False,False,True,1
20,46.15,931.77,two_year,bank_transfer,none,1,1,43.6,False,False,True,0
12,40.69,591.1,one_year,credit_card,dsl,1,1,30.7,False,True,True,1
51,87.5,4573.38,month_to_month,electronic_check,fiber,1,2,73.8,False,False,True,0
38,76.38,3021.92,one_year,electronic_check,dsl,2,0,64.1,False,True,True,0
46,71.75,3326.2,one_year,mailed_check,fiber,0,1,43.9,False,True,False,0
52,18.0,938.85,month_to_month,credit_card,fiber,2,0,11.6,False,False,True,1
71,115.22,8140.23,month_to_month,credit_card,dsl,1,1,40.8,False,False,True,1
58,50.33,2756.47,month_to_month,mailed_check,fiber,2,0,20.5,False,False,False,0
45,115.14,5060.26,two_year,credit_card,fiber,2,0,39.3,True,False,True,0
64,38.12,2424.56,month_to_month,electronic_check,dsl,2,0,29.1,True,False,True,0
34,52.13,1762.67,two_year,bank_transfer,none,2,1,106.2,False,False,True,0
71,21.54,1656.44,month_to_month,electronic_check,fiber,5,0,15.2,False,False,False,1
55,77.97,4406.68,two_year,credit_card,fiber,1,0,27.5,False,True,True,0
47,45.77,2089.41,two_year,bank_transfer,dsl,2,1,62.0,False,False,True,0
65,46.39,3089.0,two_year,credit_card,dsl,1,1,84.5,False,True,True,0
37,39.8,1429.66,two_year,electronic_check,fiber,1,0,122.1,False,True,True,0
52,87.1,4590.64,month_to_month,electronic_check,dsl,1,0,69.0,False,True,False,0
20,85.65,1785.54,month_to_month,mailed_check,none,2,0,67.6,True,False,False,1
70,109.86,7801.99,month_to_month,credit_card,fiber,2,0,94.4,True,False,True,0
45,54.91,2426.61,one_year,mailed_check,fiber,0,0,108.3,False,False,True,0
57,74.81,4355.46,month_to_month,bank_transfer,dsl,1,0,132.7,True,False,True,0
33,41.63,1205.24,month_to_month,electronic_check,fiber,0,0,128.3,False,False,False,1
63,62.63,4062.35,month_to_month,credit_card,fiber,1,1,60.5,False,False,True,1
5,58.59,290.7,one_year,credit_card,dsl,1,2,21.2,True,False,False,0
8,80.22,641.42,month_to_month,bank_transfer,dsl,1,0,77.5,False,False,True,1
37,92.37,3234.32,month_to_month,credit_card,dsl,1,1,101.0,False,False,True,1
53,91.8,4830.42,one_year,bank_transfer,dsl,1,0,59.1,False,False,False,1
59,51.46,3158.13,month_to_month,bank_transfer,dsl,1,0,63.5,False,False,False,0
32,91.97,2904.64,two_year,electronic_check,dsl,1,0,15.8,False,False,False,1
47,69.03,3308.62,one_year,mailed_check,none,0,0,42.8,False,True,True,0
40,62.86,2517.51,one_year,credit_card,dsl,1,0,28.8,False,False,True,0
70,54.41,3904.34,month_to_month,bank_transfer,dsl,1,0,20.1,False,False,False,0
47,57.68,2728.2,month_to_month,electronic_check,dsl,2,3,31.8,False,False,False,0
30,108.33,3166.04,one_year,electronic_check,dsl,4,0,72.6,False,True,True,1
70,76.76,5378.28,month_to_month,bank_transfer,fiber,1,2,44.1,False,False,True,1
7,73.84,660.99,two_year,electronic_check,fiber,2,0,21.4,False,False,False,0
71,64.23,4605.12,two_year,mailed_check,fiber,0,0,37.5,False,False,False,1
11,123.81,1351.43,month_to_month,bank_transfer,dsl,0,0,86.3,False,False,False,0
21,98.71,2275.93,one_year,bank_transfer,fiber,0,1,90.0,False,True,False,0
59,54.14,3298.59,month_to_month,credit_card,fiber,1,0,31.9,False,False,False,0
53,63.98,3464.45,month_to_month,mailed_check,fiber,0,1,78.6,False,True,True,0
70,65.29,4598.86,month_to_month,mailed_check,fiber,3,0,86.7,False,True,True,0
54,73.21,4019.06,one_year,electronic_check,dsl,1,0,106.1,False,True,False,0
46,54.57,2578.87,two_year,credit_card,dsl,1,1,43.7,False,False,False,1
25,79.65,1794.8,month_to_month,mailed_check,dsl,2,0,8.0,False,False,False,0
0,101.95,35.54,one_year,electronic_check,dsl,0,1,34.4,False,True,True,1
9,41.1,355.43,month_to_month,electronic_check,fiber,1,0,95.7,False,False,False,1
21,45.18,903.8,month_to_month,mailed_check,dsl,1,0,18.2,False,True,False,0
2,59.37,101.15,one_year,credit_card,dsl,0,0,49.6,False,False,True,0
37,60.39,2094.4,one_year,mailed_check,dsl,4,0,14.0,False,True,True,1
56,113.97,6219.91,one_year,credit_card,dsl,0,0,28.7,False,False,True,0
70,92.04,6554.99,two_year,credit_card,fiber,1,0,10.5,False,False,True,0
35,90.78,3218.89,month_to_month,credit_card,dsl,2,1,60.0,False,True,True,1
63,64.18,3826.17,month_to_month,credit_card,dsl,2,1,39.0,False,True,True,0
71,63.7,4470.83,month_to_month,mailed_check,fiber,1,0,21.0,True,False,True,0
62,38.06,2438.97,two_year,bank_transfer,fiber,3,1,43.9,True,False,False,1
33,87.2,2852.4,month_to_month,mailed_check,dsl,1,2,51.1,True,False,False,1
23,80.8,1970.45,month_to_month,electronic_check,fiber,1,0,18.8,True,False,False,1
71,98.29,7073.07,one_year,mailed_check,none,2,1,22.9,False,False,True,0
17,65.36,989.02,month_to_month,bank_transfer,dsl,1,1,27.2,False,False,True,1
30,66.88,1993.5,one_year,electronic_check,fiber,0,0,8.5,False,True,True,0
5,73.74,328.37,two_year,credit_card,fiber,2,0,82.0,False,False,True,0
57,89.62,4983.31,month_to_month,electronic_check,dsl,3,0,69.5,False,True,True,0
47,37.66,1639.14,month_to_month,electronic_check,dsl,1,1,19.1,False,False,True,0
6,86.19,444.6,two_year,mailed_check,dsl,3,0,36.9,True,False,True,1
16,69.55,1055.12,one_year,mailed_check,fiber,2,1,3.4,False,False,True,1
40,46.71,1893.89,month_to_month,electronic_check,none,1,0,167.3,False,False,False,0
39,24.14,1035.44,two_year,electronic_check,fiber,2,1,28.7,False,True,True,0
58,67.0,3932.23,month_to_month,electronic_check,fiber,3,0,42.4,True,False,True,1
19,101.85,2002.68,one_year,bank_transfer,fiber,0,0,49.9,False,False,True,1
67,106.84,7134.28,one_year,bank_transfer,dsl,1,0,49.7,False,False,True,0
32,77.82,2544.51,month_to_month,credit_card,dsl,2,0,33.6,False,False,True,1
60,113.16,6776.25,two_year,credit_card,fiber,2,0,40.1,False,False,False,0
17,69.06,1134.29,month_to_month,mailed_check,dsl,0,0,26.9,False,False,True,1
2,90.97,352.68,two_year,electronic_check,none,2,0,14.1,False,False,True,0
4,60.07,30.54,two_year,electronic_check,dsl,0,1,25.4,False,True,False,1
27,58.68,1415.76,two_year,credit_card,fiber,3,1,70.9,False,True,False,0
69,55.09,3835.65,month_to_month,mailed_check,fiber,2,0,77.5,False,False,True,0
3,24.67,50.16,month_to_month,bank_transfer,fiber,2,0,71.2,True,False,False,1
26,98.32,2426.99,month_to_month,mailed_check,none,1,1,54.6,True,False,True,1
7,55.88,296.25,month_to_month,mailed_check,fiber,2,1,40.3,False,False,True,1
68,52.37,3477.96,month_to_month,electronic_check,fiber,4,0,20.5,False,False,False,1
49,44.04,2238.27,one_year,bank_transfer,fiber,0,0,18.6,False,False,False,0
55,65.5,3711.62,month_to_month,mailed_check,fiber,5,0,1.4,False,False,False,1
52,108.8,5805.16,two_year,electronic_check,fiber,0,0,48.9,False,True,True,0
47,116.06,5311.81,month_to_month,bank_transfer,none,1,0,87.4,False,False,True,0
56,33.46,1750.72,month_to_month,electronic_check,fiber,1,0,72.6,False,False,True,1
0,62.2,0.0,one_year,bank_transfer,fiber,4,0,55.4,True,False,True,1
63,47.24,3092.12,month_to_month,electronic_check,fiber,3,1,61.2,False,False,False,0
54,91.74,4991.51,one_year,credit_card,none,2,0,5.1,False,True,False,0
53,76.31,4051.65,one_year,bank_transfer,none,0,1,72.0,False,False,False,1
28,56.0,1588.67,one_year,credit_card,none,3,0,36.4,False,True,False,0
58,71.6,4147.69,one_year,electronic_check,fiber,0,0,109.4,False,False,True,0
27,59.5,1505.6,two_year,electronic_check,dsl,4,0,51.7,True,True,False,1
3,105.51,362.72,two_year,mailed_check,dsl,1,1,66.0,False,False,False,0
66,82.03,5397.23,month_to_month,mailed_check,fiber,1,0,19.5,False,False,True,1
17,84.74,1332.55,month_to_month,bank_transfer,dsl,2,1,45.5,False,False,True,1
7,18.0,177.69,two_year,electronic_check,dsl,0,1,68.8,False,True,True,0
45,68.53,3045.53,month_to_month,bank_transfer,dsl,1,2,58.9,False,True,True,1
17,115.83,1989.58,month_to_month,bank_transfer,fiber,2,0,66.3,False,False,True,1
62,99.17,6137.29,one_year,credit_card,fiber,1,0,148.2,False,False,True,0
32,29.36,1019.74,month_to_month,electronic_check,dsl,2,0,58.8,False,False,True,1
0,63.1,19.81,month_to_month,electronic_check,fiber,2,0,58.2,True,True,False,1
69,43.57,2926.8,one_year,electronic_check,fiber,2,0,23.8,False,False,True,0
37,107.64,4011.66,month_to_month,bank_transfer,dsl,0,0,102.2,False,True,False,0
19,75.37,1463.95,month_to_month,electronic_check,fiber,0,0,8.5,True,False,True,1
49,53.11,2648.41,two_year,credit_card,fiber,4,0,8.1,False,False,True,0
38,70.75,2781.73,two_year,credit_card,fiber,1,0,53.0,False,True,True,0
2,18.0,0.0,one_year,credit_card,fiber,0,0,31.6,False,False,True,0
55,46.13,2597.26,month_to_month,credit_card,fiber,1,0,51.4,False,False,True,0
29,70.8,1897.97,month_to_month,credit_card,dsl,2,0,95.2,True,False,True,0
51,88.6,4507.8,two_year,electronic_check,dsl,2,0,65.8,False,False,True,1
65,27.29,1749.13,month_to_month,electronic_check,fiber,2,0,38.3,False,False,True,0
44,61.61,2841.15,two_year,credit_card,dsl,3,0,72.1,False,False,True,0
49,92.21,4504.22,one_year,credit_card,fiber,1,0,65.4,False,False,False,0
18,38.07,739.98,month_to_month,credit_card,fiber,2,0,34.2,False,True,True,1
17,75.04,1117.12,one_year,credit_card,dsl,0,0,27.5,False,False,True,0
30,71.45,2111.84,two_year,electronic_check,none,1,0,105.9,False,False,True,0
62,107.72,6602.47,two_year,electronic_check,fiber,1,0,16.8,False,False,False,0
38,64.94,2690.52,one_year,bank_transfer,dsl,1,0,154.2,False,False,False,0
25,66.22,1595.49,month_to_month,credit_card,fiber,0,2,61.5,True,False,False,1
56,88.81,4979.96,one_year,credit_card,dsl,1,0,4.2,False,False,True,0
62,40.82,2542.23,one_year,electronic_check,dsl,0,0,26.4,False,False,False,0
65,65.14,4091.05,one_year,bank_transfer,dsl,0,0,44.1,False,False,False,0
21,59.97,1212.03,month_to_month,credit_card,dsl,0,0,45.1,False,False,True,1
51,66.94,3450.37,two_year,bank_transfer,dsl,1,1,81.1,False,False,False,0
43,88.66,3820.1,month_to_month,credit_card,none,1,0,20.4,False,False,True,0
32,82.19,2423.04,month_to_month,credit_card,fiber,1,0,60.8,False,False,True,1
28,53.53,1447.81,month_to_month,bank_transfer,none,1,0,32.2,False,True,True,0
8,73.01,675.95,month_to_month,electronic_check,dsl,1,0,38.8,False,False,False,1
20,102.79,2108.74,month_to_month,electronic_check,dsl,0,0,88.2,False,False,False,1
40,51.71,2178.02,month_to_month,electronic_check,dsl,4,0,15.8,True,True,True,1
64,73.19,4595.45,month_to_month,mailed_check,none,2,1,15.5,True,False,True,0
63,65.75,4257.53,month_to_month,mailed_check,dsl,0,0,12.7,False,False,True,1
13,68.61,887.93,month_to_month,bank_transfer,fiber,0,2,118.9,False,True,True,0
49,34.13,1815.67,month_to_month,credit_card,fiber,2,0,46.3,False,False,False,0
6,101.04,606.54,month_to_month,electronic_check,fiber,2,1,42.2,False,False,True,1
49,52.96,2410.77,month_to_month,bank_transfer,fiber,0,0,48.3,False,True,True,1
24,92.57,2298.11,month_to_month,electronic_check,fiber,1,3,101.7,True,True,False,0
32,56.33,1762.64,one_year,electronic_check,dsl,0,0,26.0,False,False,False,0
52,56.24,2890.62,month_to_month,bank_transfer,fiber,1,0,30.7,False,False,True,0
31,96.69,2866.61,one_year,electronic_check,fiber,1,1,33.4,False,True,True,0
58,91.87,5474.46,month_to_month,bank_transfer,fiber,2,0,92.0,False,False,True,1
38,74.59,2787.52,month_to_month,bank_transfer,fiber,0,1,13.6,False,True,True,0
72,86.75,6387.75,month_to_month,bank_transfer,dsl,0,1,27.1,True,False,True,0
46,63.65,2889.09,month_to_month,bank_transfer,fiber,0,0,45.3,False,False,True,1
21,69.82,1382.72,one_year,electronic_check,none,1,0,55.3,True,False,True,1
56,55.44,3223.4,one_year,bank_transfer,dsl,2,1,37.9,False,False,True,0
29,89.89,2600.21,one_year,bank_transfer,dsl,1,0,50.3,True,False,True,0
38,54.74,2074.4,month_to_month,bank_transfer,fiber,2,0,69.0,True,False,False,1
9,102.67,808.68,month_to_month,mailed_check,dsl,0,0,29.5,False,True,False,0
8,63.05,463.21,two_year,mailed_check,dsl,0,1,24.3,False,False,True,0
41,70.45,2927.03,month_to_month,bank_transfer,none,1,0,53.3,False,True,True,0
13,86.69,1010.04,month_to_month,mailed_check,dsl,1,0,38.7,False,False,False,1
72,70.53,5029.64,month_to_month,electronic_check,none,1,0,79.1,False,False,True,1
62,63.45,3896.06,two_year,mailed_check,none,0,1,132.1,False,False,False,0
51,69.34,3542.32,two_year,mailed_check,none,0,2,53.8,False,False,False,0
53,89.66,4885.14,month_to_month,electronic_check,dsl,3,2,26.7,False,True,True,0
43,55.42,2356.06,month_to_month,credit_card,fiber,1,3,96.3,True,True,False,0
4,67.22,206.73,one_year,credit_card,dsl,2,0,30.6,False,True,True,1
28,70.23,2213.61,month_to_month,bank_transfer,none,1,0,184.9,False,True,True,0
36,89.02,3165.73,month_to_month,electronic_check,none,0,1,12.3,False,False,False,1
66,67.8,4457.64,month_to_month,credit_card,none,1,1,53.3,False,True,True,0
16,109.78,1724.27,month_to_month,credit_card,fiber,2,1,51.3,False,False,True,1
36,66.56,2371.25,month_to_month,credit_card,dsl,0,0,24.2,True,False,True,1
25,64.77,1626.25,one_year,mailed_check,dsl,0,0,82.6,False,False,True,0
9,66.24,679.03,one_year,credit_card,dsl,3,1,112.4,False,False,True,1
7,41.03,323.57,one_year,credit_card,fiber,1,1,55.9,False,False,True,1
26,47.19,1323.88,month_to_month,mailed_check,fiber,3,0,31.9,False,False,False,0
6,58.33,443.94,month_to_month,electronic_check,fiber,2,0,30.0,False,True,True,1
4,94.99,398.73,two_year,electronic_check,fiber,0,3,15.7,False,True,False,1
25,69.27,1765.62,month_to_month,electronic_check,fiber,0,0,114.1,False,False,True,0
14,59.34,930.55,month_to_month,mailed_check,dsl,2,1,26.0,False,False,True,1
40,96.98,3779.19,month_to_month,mailed_check,fiber,1,1,15.2,False,False,False,1
1,104.13,328.97,month_to_month,credit_card,dsl,0,0,36.0,False,False,True,0
22,97.62,2101.51,month_to_month,electronic_check,fiber,2,1,11.8,False,False,False,0
33,51.23,1659.0,month_to_month,credit_card,fiber,0,1,93.8,False,True,False,0
70,59.1,4027.93,one_year,credit_card,fiber,1,1,50.4,False,False,True,0
46,109.9,4949.01,month_to_month,credit_card,fiber,3,0,40.8,False,True,False,0
64,75.31,4907.5,one_year,electronic_check,dsl,0,0,10.5,False,False,True,0
25,64.11,1807.07,one_year,electronic_check,dsl,0,1,5.8,False,False,False,1
32,85.8,2694.55,month_to_month,mailed_check,dsl,2,2,59.9,True,False,True,1
30,92.16,2796.06,two_year,bank_transfer,dsl,1,0,53.6,False,True,True,0
64,57.43,3695.33,two_year,electronic_check,dsl,1,2,61.0,False,False,False,0
70,74.83,5328.12,month_to_month,mailed_check,dsl,1,1,22.2,False,False,True,0
70,90.38,6526.28,one_year,credit_card,dsl,2,0,13.5,False,True,False,0
54,44.47,2538.27,one_year,bank_transfer,fiber,2,0,76.7,False,False,True,0
36,70.27,2508.24,one_year,electronic_check,none,2,0,31.0,False,False,True,0
39,45.48,1821.31,month_to_month,mailed_check,fiber,5,0,13.7,False,False,True,1
71,48.36,3490.09,month_to_month,electronic_check,none,1,0,59.7,True,False,False,0
20,57.61,1150.39,month_to_month,mailed_check,none,0,0,34.6,True,False,True,1
25,80.5,1913.87,month_to_month,bank_transfer,fiber,1,0,60.8,False,False,True,0
65,62.92,4017.91,month_to_month,electronic_check,none,1,0,96.2,True,True,True,0
28,55.73,1663.77,two_year,electronic_check,fiber,2,0,20.1,False,True,False,0
17,71.13,1321.83,month_to_month,bank_transfer,dsl,0,0,96.8,True,False,False,0
40,44.77,1772.12,month_to_month,electronic_check,dsl,1,0,45.3,False,False,True,0
23,79.43,1850.38,month_to_month,electronic_check,dsl,0,1,23.5,False,False,True,1
65,94.89,6275.6,month_to_month,bank_transfer,fiber,0,0,48.5,False,False,False,0
66,68.26,4351.78,one_year,electronic_check,fiber,1,0,57.3,False,False,True,0
22,65.54,1401.71,two_year,credit_card,fiber,0,1,58.5,False,False,True,0
38,78.22,3153.97,month_to_month,credit_card,fiber,0,0,125.4,False,False,True,0
71,25.37,1828.21,month_to_month,electronic_check,fiber,1,0,16.1,False,True,True,1
54,81.81,4316.11,month_to_month,credit_card,fiber,0,1,64.2,False,True,True,1
15,130.0,1960.56,two_year,electronic_check,dsl,0,0,26.5,True,False,True,0
43,67.3,2985.83,month_to_month,mailed_check,dsl,0,0,77.0,False,False,False,0
45,67.38,2802.91,month_to_month,electronic_check,fiber,3,1,123.0,True,True,True,1
47,86.36,4074.79,month_to_month,bank_transfer,fiber,1,0,36.5,True,False,False,0
1,106.2,72.68,month_to_month,bank_transfer,none,5,1,54.0,True,True,True,0
21,91.45,1772.67,month_to_month,bank_transfer,dsl,1,0,139.5,False,False,False,1
62,22.58,1407.33,two_year,electronic_check,fiber,0,3,29.3,False,False,True,0
17,82.39,1388.35,month_to_month,electronic_check,dsl,2,0,109.7,False,False,False,0
21,126.58,2656.01,month_to_month,credit_card,fiber,2,0,76.4,False,True,True,1
23,83.69,1893.53,month_to_month,bank_transfer,fiber,1,1,93.2,False,True,False,0
12,44.6,443.28,month_to_month,bank_transfer,dsl,1,0,27.0,False,False,True,0
11,76.2,707.27,two_year,electronic_check,fiber,1,0,31.7,False,False,True,0
25,41.82,983.34,one_year,bank_transfer,fiber,2,0,64.1,False,True,True,0
63,97.12,6195.89,two_year,electronic_check,dsl,1,0,57.8,False,False,True,0
0,48.97,20.98,two_year,credit_card,dsl,3,0,65.7,False,False,True,1
20,71.63,1426.37,one_year,credit_card,fiber,1,1,19.2,False,False,True,0
4,51.13,110.94,one_year,electronic_check,dsl,2,0,33.3,False,False,False,1
40,57.98,2285.55,month_to_month,mailed_check,none,1,1,27.4,False,True,True,1
18,102.7,1914.94,one_year,bank_transfer,none,2,1,31.0,False,False,True,1
57,72.28,4165.39,one_year,electronic_check,fiber,0,0,81.8,False,False,True,0
42,57.7,2380.45,one_year,electronic_check,fiber,0,0,69.8,False,False,False,0
57,44.8,2318.57,month_to_month,bank_transfer,dsl,3,0,36.8,False,False,True,1
46,28.82,1264.98,one_year,bank_transfer,none,2,0,23.3,False,False,True,0
32,42.47,1315.6,month_to_month,electronic_check,dsl,1,0,89.7,False,True,False,0
62,72.46,4410.88,one_year,electronic_check,none,1,0,7.8,False,False,False,0
34,91.57,3076.19,month_to_month,bank_transfer,dsl,0,0,182.0,False,False,True,0
69,57.67,4052.72,month_to_month,credit_card,fiber,1,0,14.7,False,False,True,0
72,104.55,7524.24,month_to_month,electronic_check,fiber,4,0,56.5,False,True,True,1
42,54.21,2365.89,one_year,credit_card,none,1,0,161.7,False,False,False,0
49,64.76,3037.49,one_year,credit_card,fiber,1,0,74.4,False,False,True,0
18,46.25,805.04,month_to_month,electronic_check,dsl,2,0,60.1,False,True,True,1
59,91.8,5241.69,month_to_month,credit_card,fiber,0,0,12.9,True,False,True,1
49,116.15,5652.96,month_to_month,electronic_check,fiber,1,0,133.5,False,False,True,1
65,31.24,1936.49,month_to_month,electronic_check,dsl,1,0,24.8,False,True,True,0
19,62.38,1300.53,month_to_month,mailed_check,fiber,0,0,98.1,True,False,True,0
57,97.83,5613.18,one_year,electronic_check,none,4,0,17.6,False,False,True,0
34,38.17,1389.11,one_year,electronic_check,fiber,1,0,60.1,False,False,False,0
13,82.47,1033.47,month_to_month,mailed_check,dsl,3,0,7.7,False,True,True,1
12,96.87,1070.67,two_year,mailed_check,fiber,2,0,35.7,False,True,True,1
41,71.72,2845.88,month_to_month,bank_transfer,fiber,2,0,36.4,False,False,False,0
23,82.11,1912.42,one_year,electronic_check,fiber,3,0,46.7,False,False,True,0
7,108.74,924.09,month_to_month,bank_transfer,fiber,0,2,27.9,True,True,False,1
31,112.87,3536.08,one_year,bank_transfer,dsl,1,1,56.6,False,False,False,0
47,68.64,3192.35,month_to_month,bank_transfer,fiber,0,1,5.7,False,False,False,0
23,58.29,1323.68,month_to_month,electronic_check,fiber,2,0,31.4,False,False,True,1
69,49.76,3430.62,month_to_month,credit_card,none,1,0,22.7,False,False,False,1
56,91.49,5305.84,one_year,electronic_check,dsl,2,1,41.3,False,False,True,0
37,39.82,1584.36,two_year,bank_transfer,none,0,0,105.3,False,False,True,0
68,64.44,4405.32,one_year,electronic_check,dsl,3,0,12.0,False,False,True,0
31,72.26,2249.94,one_year,credit_card,dsl,2,1,52.2,False,False,False,0
10,58.93,616.24,month_to_month,bank_transfer,fiber,0,1,19.5,False,True,False,1
2,76.16,196.8,one_year,mailed_check,none,1,0,62.8,False,False,True,0
68,126.42,8559.37,two_year,mailed_check,fiber,0,0,58.1,True,False,True,0
70,67.32,4636.43,month_to_month,bank_transfer,dsl,1,0,78.0,False,True,False,0
53,60.42,3295.16,month_to_month,electronic_check,fiber,0,0,68.7,False,True,False,0
7,92.34,648.36,month_to_month,mailed_check,fiber,0,1,30.8,False,True,False,1
21,75.27,1666.06,month_to_month,electronic_check,dsl,1,1,8.3,False,False,True,1
2,101.67,351.49,month_to_month,electronic_check,fiber,3,0,79.5,False,True,True,0
3,73.62,267.72,one_year,credit_card,fiber,5,0,133.3,False,False,True,0
17,64.53,1129.28,one_year,bank_transfer,dsl,0,0,19.9,False,False,False,1
41,30.76,1549.18,month_to_month,electronic_check,dsl,1,0,65.2,False,False,False,0
4,34.37,156.11,two_year,electronic_check,none,1,0,15.0,False,False,True,1
71,29.61,2004.16,two_year,electronic_check,dsl,1,0,52.9,False,False,False,0
33,78.35,2560.24,one_year,bank_transfer,fiber,1,1,127.0,True,False,True,0
19,40.03,900.22,two_year,bank_transfer,dsl,3,0,65.2,False,False,True,0
37,97.62,3495.46,two_year,credit_card,fiber,0,0,18.4,False,False,True,0
57,70.67,3960.47,month_to_month,credit_card,fiber,0,0,21.0,False,False,False,0
22,64.63,1521.44,two_year,bank_transfer,none,0,1,81.5,False,False,True,0
3,51.44,129.87,month_to_month,credit_card,dsl,1,1,37.6,True,True,True,1
3,83.69,241.15,month_to_month,credit_card,fiber,0,1,57.2,False,False,False,1
62,52.3,3339.2,month_to_month,credit_card,fiber,3,0,21.1,False,False,False,1
8,48.32,322.05,one_year,bank_transfer,none,2,0,41.7,False,True,True,1
46,96.14,4290.27,two_year,bank_transfer,fiber,1,0,112.0,False,False,True,0
28,77.8,2053.4,month_to_month,electronic_check,fiber,0,0,76.2,False,False,True,0
56,64.83,3682.84,one_year,mailed_check,fiber,1,0,54.6,True,True,True,1
4,84.11,359.76,month_to_month,credit_card,fiber,2,1,63.5,False,False,False,1
65,70.2,4500.67,two_year,mailed_check,fiber,1,0,103.9,False,False,True,0
50,78.43,3817.21,month_to_month,credit_card,dsl,3,2,69.8,False,True,False,0
32,52.03,1640.61,one_year,credit_card,fiber,2,1,72.2,False,True,False,0
15,115.55,1833.74,one_year,electronic_check,fiber,3,0,9.6,False,False,False,1
71,57.25,3989.53,month_to_month,credit_card,fiber,0,0,81.3,False,False,True,0
22,104.23,2233.42,two_year,credit_card,fiber,0,1,32.7,False,False,False,1
35,65.84,2197.25,two_year,mailed_check,fiber,0,0,53.3,False,True,False,0
28,87.76,2424.21,month_to_month,mailed_check,dsl,1,3,33.5,True,True,False,1
16,86.15,1408.83,one_year,credit_card,fiber,0,0,40.9,False,True,True,0
30,95.23,3047.27,two_year,mailed_check,fiber,0,0,100.3,False,True,True,1
11,51.51,586.21,month_to_month,mailed_check,none,0,0,94.4,False,True,True,0
0,93.66,0.0,month_to_month,mailed_check,fiber,1,1,25.8,True,True,False,1
21,110.62,2400.68,one_year,credit_card,dsl,1,0,23.0,False,False,False,0
8,64.31,577.14,one_year,electronic_check,none,0,0,33.3,False,True,False,0
30,70.76,2070.81,one_year,mailed_check,fiber,1,1,54.3,False,False,True,0
62,58.48,3832.95,one_year,credit_card,fiber,2,0,21.8,False,False,False,0
11,62.38,683.99,one_year,credit_card,fiber,5,0,26.7,True,True,True,1
0,107.65,21.27,month_to_month,credit_card,none,0,2,39.0,False,False,False,1
8,47.91,432.9,month_to_month,electronic_check,dsl,2,1,30.1,False,False,False,0
37,49.27,1854.12,month_to_month,electronic_check,fiber,0,1,61.6,False,False,True,1
20,105.44,2246.09,month_to_month,electronic_check,fiber,0,1,55.2,False,False,False,1
35,83.74,2877.81,one_year,credit_card,fiber,2,1,41.5,False,False,True,0
2,116.65,303.8,two_year,credit_card,dsl,0,1,36.3,False,False,False,1
24,60.09,1456.97,month_to_month,credit_card,dsl,2,0,13.1,False,False,True,1
29,72.78,2199.07,one_year,electronic_check,fiber,1,0,21.8,False,False,False,1
31,55.47,1700.22,month_to_month,electronic_check,fiber,1,0,14.5,False,False,True,1
40,73.15,2894.46,month_to_month,credit_card,dsl,1,0,68.0,False,True,True,0
56,30.97,1800.21,two_year,electronic_check,none,2,1,53.1,False,False,True,1
34,85.07,2924.6,month_to_month,mailed_check,fiber,1,0,6.9,False,False,True,1
61,77.12,4630.49,one_year,credit_card,dsl,3,1,110.0,False,False,True,1
38,68.73,2732.85,month_to_month,electronic_check,none,0,1,24.3,True,False,True,0
19,61.41,1232.72,month_to_month,credit_card,fiber,0,0,4.9,False,False,False,1
16,50.32,798.44,one_year,bank_transfer,fiber,4,0,62.8,False,False,True,1
23,86.01,1936.09,one_year,electronic_check,fiber,1,2,12.8,False,False,True,0
43,44.24,1935.09,one_year,bank_transfer,fiber,1,1,27.3,False,False,True,0
17,81.26,1440.86,two_year,electronic_check,fiber,2,0,25.4,False,True,True,1
66,115.64,7488.77,two_year,credit_card,dsl,1,0,58.6,True,False,False,0
35,102.68,3627.61,one_year,electronic_check,dsl,1,2,99.0,False,False,True,1
63,36.89,2382.8,month_to_month,credit_card,dsl,0,1,37.3,False,True,True,0
49,58.19,2639.59,month_to_month,bank_transfer,dsl,1,0,26.6,False,False,False,1
24,79.27,1920.14,one_year,bank_transfer,none,2,0,17.6,False,False,True,0
16,68.45,1157.71,one_year,credit_card,dsl,3,1,63.9,False,True,False,0
54,39.21,2169.62,month_to_month,electronic_check,none,0,0,23.3,False,False,False,0
24,78.48,1955.74,month_to_month,bank_transfer,none,1,0,47.3,False,False,True,1
18,69.78,1226.56,month_to_month,credit_card,fiber,0,0,60.6,False,True,True,0
67,112.12,7418.45,month_to_month,credit_card,none,1,0,125.4,False,True,True,0
35,64.43,2093.07,month_to_month,credit_card,none,1,1,123.0,False,False,True,0
3,95.7,385.4,two_year,credit_card,fiber,0,1,24.1,True,True,True,0
36,42.12,1579.6,one_year,bank_transfer,dsl,0,0,96.9,True,False,False,0
33,47.38,1668.7,two_year,credit_card,fiber,1,0,94.3,False,False,True,0
63,85.88,5345.18,one_year,mailed_check,fiber,0,0,35.7,False,False,True,0
51,93.84,4858.19,month_to_month,bank_transfer,dsl,1,0,84.4,False,True,True,0
13,48.94,500.98,one_year,credit_card,fiber,1,3,52.5,False,True,False,1
10,70.53,627.05,two_year,electronic_check,dsl,1,1,61.7,False,True,False,1
44,39.61,1754.18,one_year,electronic_check,dsl,1,0,127.0,False,False,True,0
3,66.01,257.72,month_to_month,electronic_check,fiber,0,0,28.7,False,False,False,1
23,88.41,2184.54,one_year,electronic_check,dsl,2,0,46.8,False,False,False,0
10,60.43,582.69,month_to_month,electronic_check,none,3,3,142.2,False,False,True,1
1,64.52,0.0,month_to_month,bank_transfer,fiber,2,1,102.6,True,False,True,1
67,45.14,2941.84,month_to_month,electronic_check,fiber,1,0,71.4,True,False,False,0
6,55.74,272.53,month_to_month,electronic_check,fiber,2,1,53.4,False,False,False,0
0,108.68,199.89,two_year,credit_card,fiber,2,1,89.8,False,False,False,1
68,71.6,4936.92,month_to_month,bank_transfer,dsl,1,1,49.9,False,False,True,0
13,47.95,723.48,month_to_month,electronic_check,fiber,1,1,114.5,False,False,True,1
59,63.08,3700.21,one_year,mailed_check,dsl,3,0,18.9,False,True,True,0
2,34.86,69.57,two_year,mailed_check,fiber,0,1,47.6,False,True,False,0
11,47.69,587.52,month_to_month,mailed_check,dsl,1,0,17.7,False,True,True,1
8,99.93,753.92,month_to_month,bank_transfer,fiber,5,1,16.6,False,False,True,1
51,66.87,3384.15,month_to_month,bank_transfer,none,1,0,23.6,False,False,True,0
45,111.6,4961.28,one_year,credit_card,fiber,2,1,37.7,False,False,True,0
34,67.9,2268.33,two_year,bank_transfer,fiber,1,1,133.3,False,False,True,1
17,69.21,1180.98,month_to_month,electronic_check,fiber,2,1,7.3,False,True,True,1
6,84.1,430.65,two_year,electronic_check,dsl,1,1,36.0,False,True,True,1
41,18.0,763.74,one_year,mailed_check,none,0,2,42.9,False,True,False,1
16,74.51,1217.77,one_year,credit_card,dsl,4,1,39.9,True,False,True,1
43,68.92,2947.43,month_to_month,electronic_check,fiber,1,0,37.9,True,False,True,1
50,102.69,5060.03,two_year,electronic_check,dsl,2,0,27.6,False,True,True,1
62,91.22,5665.09,month_to_month,credit_card,fiber,0,1,30.4,False,False,True,0
36,45.06,1576.72,month_to_month,bank_transfer,dsl,1,0,19.4,False,False,True,0
0,97.33,4.19,month_to_month,mailed_check,fiber,1,0,15.9,False,True,True,1
20,64.23,1383.43,month_to_month,electronic_check,dsl,1,2,58.6,False,False,False,1
62,50.1,2993.44,month_to_month,electronic_check,none,1,0,26.6,False,True,True,0
38,74.34,3020.53,month_to_month,electronic_check,fiber,3,0,22.2,False,False,False,0
45,65.54,2942.77,month_to_month,bank_transfer,fiber,1,1,42.4,False,False,True,1
33,103.85,3464.12,month_to_month,credit_card,dsl,4,1,63.2,False,False,True,1
11,77.49,784.64,one_year,bank_transfer,dsl,2,0,43.1,True,True,True,1
65,74.52,4946.6,one_year,credit_card,dsl,2,1,37.5,False,False,False,0
56,89.81,5018.05,one_year,electronic_check,dsl,4,0,65.8,False,False,True,0
72,94.04,6735.41,month_to_month,electronic_check,fiber,0,0,81.2,False,True,True,0
62,87.24,5357.08,month_to_month,electronic_check,dsl,0,0,90.6,False,False,False,0
21,101.23,2101.67,one_year,bank_transfer,fiber,0,0,69.8,False,False,True,0
18,83.39,1538.67,one_year,credit_card,dsl,3,0,48.0,False,False,True,1
18,73.69,1341.97,month_to_month,mailed_check,fiber,2,3,21.9,False,False,True,1
67,97.26,6512.83,two_year,electronic_check,fiber,0,1,65.6,False,False,True,1
40,68.0,2655.97,one_year,mailed_check,dsl,1,0,61.2,False,False,True,0
33,70.73,2264.86,two_year,electronic_check,fiber,2,0,33.0,False,False,False,0
70,107.87,7509.42,one_year,electronic_check,dsl,0,1,38.3,False,False,True,0
44,105.68,4691.34,month_to_month,electronic_check,none,1,0,56.5,True,True,False,1
66,69.82,4667.72,two_year,electronic_check,dsl,1,0,40.9,False,True,True,0
71,60.02,4333.15,two_year,electronic_check,dsl,0,0,37.2,False,False,True,0
5,102.19,510.82,two_year,electronic_check,none,2,2,23.6,False,False,True,1
26,87.61,2312.38,two_year,credit_card,dsl,0,0,30.1,False,True,True,1
53,76.94,4062.66,two_year,bank_transfer,fiber,1,0,65.8,True,False,False,0
59,62.92,3555.47,one_year,bank_transfer,fiber,0,0,7.8,False,False,False,0
10,77.3,753.57,month_to_month,bank_transfer,fiber,3,1,18.3,False,False,True,1
23,69.52,1565.18,month_to_month,bank_transfer,fiber,4,0,23.1,False,False,True,0
40,55.38,2121.69,one_year,mailed_check,fiber,0,1,43.6,False,False,True,0
58,72.84,4173.65,one_year,electronic_check,fiber,3,0,24.4,False,False,False,0
8,75.84,618.88,month_to_month,mailed_check,fiber,1,1,51.2,True,False,True,1
43,61.74,2552.83,month_to_month,credit_card,fiber,2,0,58.4,False,True,False,0
21,89.88,1823.51,two_year,credit_card,fiber,0,0,15.6,False,False,True,0
15,98.35,1614.56,month_to_month,credit_card,fiber,1,1,20.6,False,False,True,1
37,91.34,3235.34,month_to_month,electronic_check,dsl,1,0,58.6,False,True,False,0
30,63.92,1901.11,one_year,electronic_check,none,0,1,23.0,False,False,False,1
46,86.63,3880.01,month_to_month,credit_card,dsl,1,0,76.9,False,False,True,1
23,71.72,1581.91,month_to_month,bank_transfer,none,1,0,113.4,True,False,False,1
60,42.81,2550.8,one_year,mailed_check,fiber,4,1,166.0,False,False,False,0
5,84.8,335.12,two_year,electronic_check,dsl,3,0,117.6,False,False,False,1
62,73.21,4590.67,month_to_month,electronic_check,fiber,1,0,34.3,False,False,True,0
2,127.06,375.72,month_to_month,credit_card,dsl,2,1,95.6,False,False,True,1
53,102.06,5484.93,month_to_month,credit_card,dsl,0,0,39.1,False,False,True,0
25,85.65,2233.47,one_year,electronic_check,dsl,1,0,74.1,True,False,False,1
27,75.48,1913.78,month_to_month,credit_card,fiber,1,0,47.6,True,False,False,0
1,73.6,51.72,month_to_month,bank_transfer,fiber,1,0,45.3,False,False,False,0
51,47.92,2485.99,one_year,electronic_check,dsl,3,0,62.1,False,False,True,0
12,31.74,459.29,two_year,electronic_check,dsl,1,0,98.8,False,False,True,1
48,50.8,2596.2,month_to_month,electronic_check,fiber,0,2,40.3,False,True,True,1
52,68.95,3681.61,one_year,credit_card,fiber,1,0,32.1,False,True,True,0
61,23.68,1525.16,one_year,electronic_check,fiber,2,0,82.0,False,False,True,1
51,58.02,3196.04,month_to_month,credit_card,fiber,1,2,125.0,True,True,True,0
22,64.55,1428.77,two_year,mailed_check,dsl,0,1,27.3,True,False,True,1
53,65.26,3432.76,month_to_month,electronic_check,fiber,0,0,22.7,False,False,True,0
60,55.44,3342.36,month_to_month,electronic_check,dsl,0,0,49.1,False,True,False,1
23,62.49,1354.92,month_to_month,electronic_check,dsl,1,0,122.1,False,False,True,0
9,107.93,977.46,month_to_month,mailed_check,fiber,0,0,75.6,False,False,False,0
64,84.57,5257.06,one_year,credit_card,fiber,1,0,32.5,False,False,True,1
10,57.67,529.04,one_year,bank_transfer,none,1,2,59.0,False,True,True,1
43,68.5,2935.12,one_year,mailed_check,none,2,0,13.9,False,False,True,0
17,69.38,1264.93,one_year,mailed_check,none,2,1,118.9,False,False,True,1
9,53.1,577.9,month_to_month,mailed_check,dsl,0,1,56.2,False,False,False,1
56,53.08,2885.75,two_year,electronic_check,none,2,1,19.8,False,False,True,0
10,92.23,1109.14,two_year,credit_card,fiber,1,1,16.4,False,False,True,1
48,60.76,2929.83,month_to_month,mailed_check,fiber,2,0,124.6,True,False,True,0
50,45.92,2317.6,one_year,bank_transfer,fiber,1,0,90.7,False,False,True,0
4,69.05,130.61,two_year,bank_transfer,dsl,2,0,40.3,False,False,False,0
12,72.6,815.39,month_to_month,mailed_check,fiber,1,0,28.0,False,True,True,1
57,26.6,1610.68,month_to_month,bank_transfer,dsl,4,0,48.7,False,False,False,0
37,69.1,2571.98,month_to_month,bank_transfer,fiber,3,0,52.3,False,True,True,0
8,89.1,722.5,two_year,credit_card,dsl,1,1,47.5,True,False,True,0
72,79.93,5775.41,one_year,electronic_check,none,2,0,11.6,False,False,True,0
19,119.06,2132.25,one_year,electronic_check,dsl,1,1,115.6,True,False,True,1
0,97.52,0.0,two_year,bank_transfer,fiber,2,1,32.0,False,False,True,1
67,101.88,6952.71,month_to_month,mailed_check,fiber,4,1,18.1,False,False,True,1
1,130.0,227.8,two_year,mailed_check,fiber,0,0,25.5,False,False,False,1
40,86.68,3455.93,month_to_month,electronic_check,dsl,1,1,66.7,False,False,True,1
72,73.59,5439.21,one_year,bank_transfer,fiber,2,0,32.5,False,False,False,0
42,91.42,3726.32,month_to_month,electronic_check,dsl,2,0,30.0,True,False,True,1
42,57.7,2335.95,month_to_month,credit_card,none,3,0,33.8,True,False,True,1
28,72.37,2194.09,month_to_month,mailed_check,fiber,1,0,47.0,True,False,True,1
9,55.75,553.77,month_to_month,mailed_check,fiber,1,1,38.5,False,False,True,1
41,78.76,3203.16,month_to_month,credit_card,fiber,1,1,75.0,False,True,True,1
65,55.66,3612.92,month_to_month,bank_transfer,dsl,2,1,129.5,False,True,True,0
6,54.89,256.74,one_year,credit_card,fiber,6,0,38.3,False,False,True,1
64,79.1,5087.29,two_year,bank_transfer,dsl,1,0,48.2,False,False,False,0
30,66.97,2026.86,month_to_month,electronic_check,fiber,2,1,108.3,False,False,True,1
39,27.59,1077.8,month_to_month,electronic_check,fiber,1,1,30.1,False,False,False,0
12,37.98,351.38,one_year,bank_transfer,dsl,1,1,85.3,False,False,False,0
45,44.76,2038.03,one_year,electronic_check,fiber,2,0,65.0,False,False,False,0
13,50.57,609.75,one_year,bank_transfer,dsl,2,1,33.9,False,True,False,0
19,79.12,1414.54,two_year,credit_card,fiber,0,0,11.2,False,False,True,0
52,74.82,4004.65,month_to_month,electronic_check,dsl,1,1,69.7,True,True,True,0
3,93.44,475.59,month_to_month,electronic_check,none,2,1,43.5,False,False,True,1
32,86.56,2944.76,two_year,electronic_check,fiber,1,0,15.1,False,True,True,1
43,93.58,4082.45,one_year,electronic_check,dsl,4,0,21.4,False,True,True,0
9,83.38,726.52,one_year,bank_transfer,dsl,2,1,38.6,False,False,True,0
21,74.61,1560.48,two_year,credit_card,fiber,2,0,62.2,False,True,False,1
25,94.19,2391.25,month_to_month,credit_card,dsl,3,0,8.6,False,True,True,0
48,90.23,4293.22,month_to_month,bank_transfer,fiber,3,1,27.4,False,False,False,0
71,78.27,5675.86,month_to_month,bank_transfer,dsl,0,0,29.9,True,True,True,0
61,97.96,5792.34,two_year,bank_transfer,dsl,3,0,103.3,False,False,True,0
13,18.39,212.45,two_year,credit_card,fiber,0,0,72.2,True,True,False,1
1,63.61,135.71,month_to_month,bank_transfer,dsl,2,1,17.4,False,False,True,1
3,63.27,113.75,month_to_month,electronic_check,dsl,0,0,188.8,False,False,True,1
43,95.36,4078.87,one_year,electronic_check,fiber,1,1,41.5,False,False,True,0
11,104.57,1203.7,month_to_month,electronic_check,fiber,3,0,24.3,False,False,True,1
16,38.1,746.24,two_year,bank_transfer,fiber,4,0,69.5,False,False,True,0
61,101.05,6047.6,month_to_month,credit_card,none,1,2,62.5,False,False,False,0
63,44.23,2663.36,two_year,mailed_check,fiber,1,1,79.5,True,True,True,0
61,44.89,2653.15,one_year,electronic_check,fiber,1,3,85.2,False,False,True,1
18,64.85,1028.92,month_to_month,credit_card,fiber,0,0,73.1,False,True,True,1
45,63.0,2703.03,one_year,electronic_check,fiber,3,0,59.1,False,True,False,0
44,35.71,1483.7,one_year,bank_transfer,fiber,3,0,22.0,False,False,True,0
13,84.3,1206.91,month_to_month,credit_card,fiber,1,0,61.4,False,False,True,1
40,84.95,3369.91,month_to_month,bank_transfer,fiber,2,0,66.3,False,False,True,1
38,93.19,3544.04,two_year,credit_card,fiber,1,0,26.1,False,False,True,0
28,60.46,1606.89,one_year,electronic_check,dsl,1,0,27.5,False,True,False,1
54,69.13,3790.04,one_year,bank_transfer,dsl,0,1,21.6,False,True,True,0
49,69.33,3565.99,month_to_month,bank_transfer,dsl,1,0,100.7,False,False,False,0
38,107.14,3991.43,one_year,credit_card,fiber,0,2,143.9,False,True,True,0
52,18.0,1091.23,one_year,electronic_check,none,0,2,83.1,False,False,True,0
55,48.95,2725.05,month_to_month,bank_transfer,fiber,2,0,40.9,False,False,False,0
41,70.12,2876.44,month_to_month,bank_transfer,dsl,0,0,85.2,False,False,True,1
19,46.12,912.29,month_to_month,mailed_check,dsl,2,0,82.3,False,False,True,0
55,64.32,3572.75,one_year,electronic_check,fiber,1,2,26.5,False,True,False,0
52,67.23,3663.1,month_to_month,mailed_check,fiber,1,0,17.3,False,False,False,0
71,55.53,3989.45,two_year,mailed_check,dsl,1,0,12.7,False,True,False,0
10,71.42,762.9,month_to_month,electronic_check,dsl,1,0,23.3,False,False,True,1
30,83.82,2476.67,two_year,bank_transfer,none,4,0,47.7,False,False,True,0
67,64.8,4417.12,month_to_month,electronic_check,dsl,0,1,76.2,False,False,False,0
37,60.03,2134.99,one_year,electronic_check,none,4,1,45.5,False,True,False,0
68,66.35,4521.61,one_year,bank_transfer,dsl,3,0,80.5,False,False,False,0
0,69.84,259.5,one_year,electronic_check,dsl,1,0,29.3,False,False,True,0
2,31.71,0.0,two_year,electronic_check,none,2,0,61.4,False,False,True,1
58,80.15,4669.68,month_to_month,bank_transfer,dsl,3,0,58.9,True,False,False,1
26,60.08,1586.53,month_to_month,mailed_check,fiber,0,1,157.2,False,False,True,1
37,97.75,3596.22,month_to_month,electronic_check,dsl,2,1,20.1,False,True,False,1
31,83.0,2554.59,month_to_month,electronic_check,fiber,1,1,157.1,False,False,True,0
29,95.74,2784.69,two_year,electronic_check,none,1,1,136.6,False,False,False,1
68,47.76,3225.0,month_to_month,electronic_check,dsl,3,0,20.7,False,True,True,1
6,61.83,390.96,one_year,mailed_check,fiber,0,1,47.2,False,False,True,1
56,42.67,2345.64,month_to_month,credit_card,none,0,0,107.6,False,False,True,0
64,54.49,3669.38,two_year,bank_transfer,fiber,1,0,9.5,False,False,False,0
47,97.55,4562.17,month_to_month,credit_card,fiber,3,2,23.6,False,False,True,1
28,102.72,2927.43,two_year,mailed_check,fiber,0,0,2.7,True,False,True,1
11,44.74,431.93,one_year,credit_card,fiber,1,0,78.5,True,False,True,1
49,59.92,3020.06,two_year,mailed_check,fiber,1,0,8.1,False,False,True,0
34,68.32,2388.89,one_year,bank_transfer,dsl,3,0,38.5,False,False,True,1
10,82.88,866.53,month_to_month,mailed_check,fiber,1,0,60.9,False,True,False,0
26,31.28,720.82,two_year,credit_card,none,2,0,15.8,False,False,True,0
70,34.73,2363.38,month_to_month,mailed_check,fiber,2,1,143.0,False,True,True,1
19,80.77,1686.39,month_to_month,electronic_check,fiber,2,0,70.0,False,False,True,1
13,27.12,283.85,month_to_month,bank_transfer,fiber,2,0,82.1,False,False,False,1
49,60.17,3006.01,two_year,bank_transfer,fiber,0,1,45.6,False,True,False,0
14,73.57,944.96,one_year,credit_card,dsl,0,0,51.7,False,False,False,0
67,79.14,5393.13,month_to_month,credit_card,none,1,0,30.5,False,False,True,0
62,66.88,4084.78,two_year,electronic_check,fiber,1,0,33.7,False,False,True,0
71,61.95,4311.76,month_to_month,mailed_check,fiber,1,1,28.9,True,False,False,1
66,88.58,5782.17,month_to_month,credit_card,fiber,1,1,18.1,False,True,True,0
17,76.27,1246.75,month_to_month,electronic_check,dsl,1,0,32.1,False,False,True,0
15,55.77,872.97,month_to_month,bank_transfer,fiber,0,0,11.8,False,True,True,0
25,70.83,1776.99,one_year,bank_transfer,fiber,1,0,157.8,False,False,False,0
34,78.43,2568.06,month_to_month,electronic_check,dsl,0,0,29.4,False,False,False,0
64,107.8,6896.68,month_to_month,electronic_check,dsl,1,1,25.8,False,False,True,1
53,87.3,4523.98,month_to_month,credit_card,fiber,1,0,38.0,False,False,True,0
47,96.72,4603.76,two_year,bank_transfer,dsl,0,0,57.3,True,False,False,0
64,56.57,3694.9,one_year,electronic_check,dsl,1,2,22.1,False,False,False,0
47,58.47,2745.93,month_to_month,electronic_check,fiber,3,3,57.7,False,False,True,1
27,64.82,1774.59,one_year,bank_transfer,dsl,0,1,19.1,False,False,True,0
30,66.84,2162.89,month_to_month,electronic_check,fiber,0,0,17.1,False,True,False,1
37,47.82,1755.16,two_year,mailed_check,fiber,1,0,81.1,True,True,True,0
6,97.85,502.12,month_to_month,bank_transfer,fiber,3,0,29.0,True,False,False,1
54,89.43,4881.35,month_to_month,mailed_check,dsl,1,1,31.4,True,False,True,0
47,63.28,2872.22,month_to_month,electronic_check,fiber,1,0,8.5,True,False,True,1
53,84.12,4439.41,month_to_month,electronic_check,dsl,0,0,57.1,False,False,False,0
38,74.9,2792.29,month_to_month,credit_card,fiber,2,2,32.7,False,False,True,0
57,85.84,4829.72,one_year,electronic_check,dsl,0,0,80.9,False,True,True,0
69,40.43,2767.16,month_to_month,electronic_check,none,2,0,81.5,False,False,True,1
41,66.8,2819.79,month_to_month,credit_card,fiber,2,0,46.3,False,False,True,1
32,68.72,2298.55,one_year,credit_card,dsl,4,0,42.6,False,False,False,1
7,83.72,669.4,one_year,electronic_check,dsl,2,2,29.2,False,True,False,1
56,56.17,3175.79,two_year,electronic_check,none,1,0,163.9,False,True,True,0
65,18.0,1146.81,month_to_month,electronic_check,dsl,5,0,27.8,False,False,True,0
51,46.2,2144.0,two_year,bank_transfer,dsl,1,0,98.6,False,False,False,0
63,68.66,4358.67,one_year,electronic_check,dsl,0,1,47.1,False,False,True,0
62,71.41,4222.28,one_year,bank_transfer,none,0,0,6.9,True,True,True,0
58,107.04,6035.22,month_to_month,bank_transfer,none,1,0,171.7,False,False,True,0
36,82.82,2966.97,month_to_month,bank_transfer,fiber,3,0,21.3,False,True,True,1
7,71.79,526.34,month_to_month,mailed_check,dsl,0,1,28.7,False,False,True,0
0,69.29,0.0,one_year,mailed_check,fiber,0,0,51.1,True,False,False,0
14,94.29,1458.26,one_year,electronic_check,fiber,1,0,80.9,True,True,True,0
31,57.02,1809.21,month_to_month,electronic_check,dsl,0,0,56.5,False,True,True,0
54,66.91,3590.69,month_to_month,bank_transfer,fiber,0,0,36.3,False,False,True,0
33,46.04,1644.09,two_year,bank_transfer,dsl,2,0,37.7,False,True,False,0
1,101.22,242.08,month_to_month,electronic_check,fiber,0,0,35.2,False,False,True,0
15,78.63,1225.58,one_year,mailed_check,dsl,1,1,46.3,False,True,True,0
71,54.43,3794.76,two_year,mailed_check,fiber,1,0,64.6,True,False,True,1
72,67.48,4809.04,month_to_month,mailed_check,fiber,0,0,87.9,False,True,False,0
27,81.21,2062.46,one_year,electronic_check,dsl,1,2,50.3,False,False,True,0
58,64.48,3736.02,one_year,credit_card,dsl,3,0,41.6,False,True,True,1
52,58.24,2933.98,month_to_month,credit_card,dsl,2,0,122.7,False,False,True,0
67,55.61,3696.25,month_to_month,credit_card,dsl,0,0,33.2,False,False,True,0
64,77.46,4980.89,two_year,electronic_check,dsl,3,3,41.0,False,True,False,0
45,62.12,2616.87,month_to_month,electronic_check,fiber,1,0,30.3,False,False,False,1
28,60.02,1566.82,month_to_month,mailed_check,fiber,1,0,29.4,False,True,True,0
45,40.61,1781.83,month_to_month,credit_card,fiber,2,1,59.3,False,True,True,1
23,71.71,1644.6,one_year,credit_card,fiber,0,1,15.3,False,False,False,0
25,66.01,1605.8,month_to_month,electronic_check,dsl,1,1,37.3,False,True,False,0
44,62.92,2744.13,month_to_month,mailed_check,fiber,0,0,28.4,False,False,True,0
41,74.37,2985.61,month_to_month,mailed_check,fiber,1,0,41.3,False,True,False,0
42,86.46,3500.87,month_to_month,bank_transfer,fiber,2,0,38.5,False,True,False,0
28,85.43,2343.91,one_year,electronic_check,dsl,1,2,116.1,False,False,True,0
29,82.16,2363.45,two_year,electronic_check,none,0,0,85.8,False,False,True,0
0,64.71,0.0,month_to_month,credit_card,dsl,0,0,99.1,False,False,True,1
43,57.53,2483.85,one_year,bank_transfer,fiber,0,0,40.8,False,False,False,0
42,47.03,2012.96,one_year,mailed_check,fiber,4,1,52.3,True,False,True,1
68,56.95,3933.96,one_year,electronic_check,fiber,0,0,59.7,False,True,True,0
36,70.43,2478.46,one_year,electronic_check,fiber,0,1,30.1,False,True,True,0
34,52.7,1649.98,month_to_month,credit_card,dsl,1,1,14.7,False,False,True,1
4,72.11,402.88,one_year,credit_card,none,2,0,28.4,False,True,False,0
14,48.76,717.33,one_year,bank_transfer,fiber,0,0,60.0,False,False,True,1
24,33.46,717.12,one_year,credit_card,fiber,3,0,85.6,False,False,True,1
27,88.03,2401.8,month_to_month,mailed_check,fiber,0,1,233.9,False,False,True,0
26,59.56,1644.68,month_to_month,electronic_check,dsl,1,0,12.8,False,True,True,0
28,51.59,1600.15,month_to_month,credit_card,none,2,0,71.8,False,False,False,0
56,45.94,2595.19,month_to_month,credit_card,fiber,1,1,51.0,False,False,True,0
9,79.31,809.16,month_to_month,bank_transfer,dsl,1,0,141.0,False,False,True,1
24,100.25,2297.14,month_to_month,bank_transfer,fiber,1,0,86.0,False,False,False,0
11,61.13,669.2,month_to_month,mailed_check,dsl,3,0,31.9,True,False,True,0
22,65.26,1405.57,month_to_month,credit_card,fiber,2,0,29.9,True,False,True,1
49,93.58,4616.25,two_year,electronic_check,fiber,0,0,31.1,False,False,True,0
3,30.17,235.52,month_to_month,bank_transfer,dsl,1,0,11.0,False,False,True,1
24,113.27,2740.97,month_to_month,mailed_check,fiber,0,0,10.0,False,True,True,0
1,123.77,39.38,one_year,electronic_check,fiber,1,0,21.5,False,False,False,0
69,18.0,1128.29,month_to_month,electronic_check,fiber,0,1,14.4,True,False,True,1
53,67.85,3744.17,month_to_month,electronic_check,fiber,0,0,4.8,False,True,True,1
17,54.18,967.3,month_to_month,bank_transfer,dsl,3,0,38.1,False,True,False,0
14,64.18,938.85,month_to_month,credit_card,fiber,1,0,46.6,False,False,False,1
7,60.8,394.66,one_year,electronic_check,dsl,1,0,140.4,False,False,True,0
34,87.86,3011.35,month_to_month,electronic_check,dsl,2,1,2.2,False,True,True,1
55,67.52,3624.77,month_to_month,bank_transfer,fiber,3,1,34.2,False,False,True,0
42,49.96,2133.17,month_to_month,credit_card,fiber,1,0,41.5,True,True,True,1
64,66.21,4131.7,month_to_month,electronic_check,dsl,0,1,41.0,False,True,False,0
25,81.33,2000.91,one_year,credit_card,dsl,1,1,134.8,False,False,False,1
20,43.96,821.34,month_to_month,electronic_check,dsl,0,0,9.8,True,False,False,1
34,33.78,855.36,month_to_month,electronic_check,dsl,1,0,35.2,False,False,True,0
14,113.84,1562.55,month_to_month,electronic_check,dsl,2,0,15.6,True,True,True,0
71,55.87,3885.87,one_year,electronic_check,dsl,2,1,25.2,False,False,True,0
13,66.98,851.8,month_to_month,electronic_check,dsl,0,1,20.3,False,False,True,1
34,61.25,2082.66,two_year,electronic_check,dsl,2,0,73.2,False,False,True,1
38,82.06,3277.39,month_to_month,electronic_check,none,0,1,40.8,False,False,True,1
4,109.0,463.42,two_year,bank_transfer,dsl,3,0,68.5,True,False,True,1
34,82.76,2843.91,month_to_month,bank_transfer,fiber,1,0,115.4,False,False,False,1
33,36.6,1252.41,one_year,electronic_check,dsl,1,0,75.9,False,True,True,1
18,39.55,790.36,month_to_month,bank_transfer,fiber,0,0,17.4,True,True,True,1
9,61.22,591.87,month_to_month,electronic_check,none,2,0,90.0,False,False,True,1
3,64.1,217.65,one_year,mailed_check,fiber,0,1,41.4,False,False,False,1
0,32.12,64.01,two_year,electronic_check,fiber,0,0,49.9,False,False,False,1
35,88.03,2862.65,one_year,electronic_check,fiber,1,0,95.3,False,False,False,0
6,46.1,464.61,month_to_month,credit_card,none,1,0,10.4,False,False,True,0
70,102.85,7342.58,month_to_month,electronic_check,none,1,0,56.0,False,False,False,0
17,110.05,1890.39,month_to_month,electronic_check,fiber,0,1,9.6,False,True,True,1
47,64.54,2906.21,one_year,electronic_check,fiber,3,0,25.8,False,False,True,0
49,79.66,4012.27,month_to_month,bank_transfer,dsl,3,0,93.7,True,True,True,1
36,42.9,1481.95,month_to_month,electronic_check,fiber,0,0,27.8,True,False,False,0
64,83.72,5406.13,month_to_month,electronic_check,none,0,2,42.9,True,True,True,0
8,59.04,356.86,two_year,mailed_check,fiber,2,0,86.2,True,False,False,0
17,46.08,983.74,month_to_month,electronic_check,dsl,0,0,34.0,False,False,True,0
18,63.63,1015.54,month_to_month,electronic_check,fiber,0,1,34.9,False,True,False,1
9,59.75,543.96,month_to_month,credit_card,none,1,0,33.2,False,False,True,0
21,62.85,1128.85,month_to_month,electronic_check,dsl,1,1,16.6,False,False,True,0
22,90.89,1995.87,month_to_month,bank_transfer,none,1,3,67.1,False,False,True,0
55,52.72,2861.32,one_year,electronic_check,fiber,3,0,62.0,True,False,True,1
22,108.17,2482.09,month_to_month,electronic_check,dsl,4,1,119.2,False,False,True,0
63,40.85,2535.27,month_to_month,bank_transfer,fiber,3,1,24.7,False,False,True,1
56,105.54,6012.72,month_to_month,bank_transfer,dsl,4,2,56.2,True,True,False,1
65,47.64,3004.43,month_to_month,bank_transfer,fiber,0,0,24.7,False,True,True,0
7,69.98,464.48,one_year,electronic_check,fiber,0,1,112.7,True,False,False,1
71,59.22,4181.05,month_to_month,credit_card,dsl,0,0,48.0,True,True,True,0
44,62.44,2791.96,one_year,mailed_check,fiber,2,3,145.8,False,False,True,1
71,87.63,6254.88,month_to_month,credit_card,dsl,1,0,32.4,False,False,True,0
25,103.0,2640.0,month_to_month,mailed_check,dsl,0,1,50.3,False,True,True,1
69,96.19,6661.12,month_to_month,bank_transfer,dsl,0,0,32.4,False,False,True,1
42,61.09,2625.3,month_to_month,bank_transfer,dsl,2,0,133.0,False,False,False,0
5,74.05,289.44,month_to_month,electronic_check,fiber,1,1,84.7,False,False,True,1
29,52.79,1565.9,month_to_month,mailed_check,fiber,1,0,73.4,False,True,True,0
10,48.19,626.64,two_year,mailed_check,dsl,2,1,80.3,True,False,False,1
68,44.78,2893.84,month_to_month,bank_transfer,fiber,2,0,87.0,False,True,True,0
22,60.37,1372.15,month_to_month,mailed_check,none,2,1,59.1,False,False,True,1
16,75.49,1268.75,month_to_month,bank_transfer,dsl,0,1,41.0,True,False,False,1
40,27.94,1249.11,month_to_month,credit_card,fiber,2,0,19.8,True,False,False,1
31,68.98,2203.72,month_to_month,bank_transfer,fiber,1,0,16.6,True,False,True,1
7,103.35,732.48,one_year,bank_transfer,dsl,0,0,18.8,False,False,True,1
59,94.68,5624.83,one_year,bank_transfer,none,0,1,71.8,False,False,True,1
61,57.13,3418.78,one_year,credit_card,dsl,1,0,50.3,False,False,False,0
54,39.27,2085.66,month_to_month,credit_card,dsl,2,1,28.9,False,False,False,0
45,80.12,3485.19,month_to_month,mailed_check,none,0,1,25.0,False,False,False,0
29,19.02,685.41,one_year,electronic_check,fiber,1,1,12.7,False,True,True,1
39,94.42,3722.89,month_to_month,bank_transfer,fiber,1,1,35.6,False,False,True,0
38,65.3,2398.95,one_year,credit_card,dsl,1,0,23.6,False,False,True,1
12,110.29,1347.9,one_year,bank_transfer,dsl,2,1,18.9,False,False,True,0
5,32.01,264.39,month_to_month,electronic_check,fiber,0,0,9.5,False,False,True,0
18,90.2,1712.95,month_to_month,credit_card,dsl,2,1,24.7,False,False,True,1
33,67.79,2153.58,one_year,electronic_check,fiber,0,0,16.6,False,True,True,0
11,62.72,407.87,month_to_month,bank_transfer,dsl,1,0,72.8,False,False,True,1
7,39.86,314.6,month_to_month,bank_transfer,dsl,1,0,38.8,False,False,False,1
62,83.11,5073.0,month_to_month,bank_transfer,fiber,1,0,66.9,False,True,True,0
27,84.88,2347.77,month_to_month,credit_card,dsl,1,1,39.7,True,True,True,1
42,109.27,4674.86,one_year,electronic_check,none,0,1,93.8,False,True,False,1
38,92.18,3603.07,month_to_month,bank_transfer,fiber,0,0,4.7,False,True,True,1
53,56.93,3174.32,two_year,mailed_check,fiber,3,0,28.0,False,True,True,1
54,47.92,2698.95,two_year,bank_transfer,none,2,0,71.7,False,False,False,0
21,39.89,995.15,two_year,electronic_check,fiber,3,1,27.8,False,False,False,0
61,102.41,6371.13,month_to_month,credit_card,fiber,2,1,28.2,False,False,True,1
27,52.88,1559.72,month_to_month,bank_transfer,fiber,1,0,13.8,False,False,True,0
60,102.57,6150.52,two_year,credit_card,fiber,1,0,28.0,False,False,False,0
29,81.55,2248.91,one_year,credit_card,dsl,0,0,40.3,False,False,True,0
8,77.26,841.48,month_to_month,mailed_check,dsl,0,0,128.2,False,True,False,0
55,63.25,3484.42,two_year,mailed_check,dsl,1,0,25.3,False,False,True,0
2,84.53,279.64,one_year,electronic_check,fiber,2,0,40.8,False,False,False,0
56,69.66,3851.44,one_year,credit_card,none,1,0,188.7,False,True,False,0
3,61.88,272.39,two_year,bank_transfer,fiber,3,0,126.8,True,False,True,1
15,85.31,1059.6,two_year,mailed_check,fiber,1,0,74.1,True,False,False,1
44,66.83,2903.58,month_to_month,electronic_check,none,1,1,62.4,False,True,True,1
68,52.44,3557.06,month_to_month,electronic_check,fiber,0,1,40.0,False,False,True,0
29,83.2,2454.43,one_year,credit_card,dsl,2,1,70.8,False,True,True,0
8,68.59,645.2,one_year,credit_card,dsl,0,1,45.1,False,True,False,0
17,80.76,1274.45,one_year,electronic_check,fiber,0,1,5.9,False,False,True,1
65,60.02,3960.7,month_to_month,mailed_check,dsl,3,0,37.0,False,True,False,0
53,43.4,2410.6,one_year,electronic_check,none,1,0,30.3,False,False,False,1
7,108.17,968.32,month_to_month,electronic_check,fiber,1,1,31.9,False,True,True,1
28,104.03,2976.44,two_year,electronic_check,none,2,0,42.7,False,False,True,0
19,89.44,1658.0,two_year,electronic_check,fiber,2,0,28.9,False,False,False,1
12,61.47,623.18,month_to_month,electronic_check,dsl,0,1,83.1,False,False,True,1
61,63.39,4031.42,one_year,credit_card,fiber,0,0,100.6,False,False,True,0
45,100.41,4584.81,one_year,electronic_check,dsl,0,1,89.0,False,True,True,0
13,62.22,806.88,month_to_month,credit_card,dsl,1,0,21.2,False,False,True,1
47,56.08,2489.98,month_to_month,credit_card,fiber,1,0,103.6,False,False,False,1
30,111.19,3251.89,one_year,credit_card,fiber,1,0,36.6,False,False,True,0
4,68.95,332.62,one_year,mailed_check,dsl,2,2,182.8,False,False,True,1
32,108.91,3516.96,month_to_month,mailed_check,dsl,1,0,147.3,False,True,False,0
13,39.24,334.95,two_year,credit_card,fiber,1,1,15.0,True,True,False,0
17,81.4,1440.74,two_year,credit_card,dsl,0,1,42.7,False,False,False,1
64,115.56,7254.68,two_year,bank_transfer,fiber,1,1,26.6,False,True,True,0
51,70.65,3725.01,two_year,credit_card,dsl,0,1,63.7,False,False,True,0
9,64.19,596.48,month_to_month,bank_transfer,dsl,0,1,65.9,True,True,True,1
62,44.31,2705.51,two_year,credit_card,dsl,2,0,96.0,False,True,True,0
41,93.81,3935.32,two_year,electronic_check,dsl,3,0,113.6,False,False,True,1
63,53.06,3374.59,one_year,credit_card,fiber,0,0,15.8,False,True,True,0
54,67.91,3786.38,month_to_month,mailed_check,fiber,0,1,136.1,False,True,False,0
24,42.84,1035.4,month_to_month,credit_card,fiber,1,0,43.0,False,False,False,0
39,104.25,4078.24,month_to_month,bank_transfer,dsl,3,2,43.8,False,False,True,0
38,95.41,3599.91,one_year,bank_transfer,fiber,1,1,9.8,False,False,True,0
52,69.31,3627.79,month_to_month,credit_card,fiber,1,0,50.9,False,True,True,0
18,44.61,955.8,one_year,electronic_check,fiber,3,1,29.2,False,False,True,1
24,103.79,2445.71,one_year,credit_card,fiber,0,2,12.4,False,False,True,1
17,61.95,1111.47,month_to_month,electronic_check,dsl,0,1,41.2,False,True,False,1
21,45.69,880.25,month_to_month,credit_card,none,1,0,34.2,False,False,True,1
11,31.23,157.52,one_year,electronic_check,fiber,1,0,113.1,True,False,True,1
2,55.79,130.25,month_to_month,mailed_check,fiber,1,1,103.2,False,False,True,1
68,38.0,2617.34,two_year,bank_transfer,fiber,1,0,31.8,False,True,True,0
5,56.3,271.6,two_year,electronic_check,dsl,2,0,56.1,False,False,False,1
64,86.38,5393.68,month_to_month,bank_transfer,dsl,0,0,92.1,False,True,True,1
0,61.74,27.39,one_year,bank_transfer,fiber,0,0,12.7,True,False,True,0
56,77.83,4382.45,two_year,bank_transfer,fiber,1,0,39.9,False,False,False,0
23,54.09,1164.08,two_year,electronic_check,none,1,2,34.9,False,False,True,1
37,71.43,2521.1,one_year,credit_card,dsl,1,1,7.1,False,True,True,0
20,112.26,2222.49,two_year,credit_card,dsl,3,1,29.6,False,True,True,1
35,62.33,2240.31,month_to_month,credit_card,fiber,0,0,6.6,False,False,True,0
32,78.46,2548.22,month_to_month,credit_card,dsl,1,0,12.8,False,True,True,0
38,35.56,1272.0,one_year,electronic_check,dsl,1,1,28.9,False,False,True,1
28,103.44,2908.64,one_year,mailed_check,fiber,3,0,66.9,False,False,True,0
39,59.5,2400.34,two_year,mailed_check,fiber,2,0,13.8,False,False,False,0
60,93.11,5481.06,month_to_month,electronic_check,fiber,2,1,54.6,True,False,False,0
31,67.29,2091.67,month_to_month,electronic_check,dsl,2,0,78.8,False,False,True,0
26,83.45,2290.27,one_year,electronic_check,fiber,1,0,26.3,False,False,True,1
9,84.76,648.1,two_year,mailed_check,fiber,2,0,65.4,False,False,True,1
26,60.05,1665.3,one_year,electronic_check,dsl,0,0,62.3,False,True,True,0
9,94.02,991.91,month_to_month,bank_transfer,dsl,1,0,39.6,False,True,True,0
13,53.3,672.9,two_year,bank_transfer,fiber,0,0,30.7,False,False,False,0
69,87.11,5979.72,one_year,electronic_check,fiber,2,1,35.8,False,True,False,0
6,61.42,461.5,two_year,bank_transfer,fiber,2,1,168.2,False,True,True,0
35,77.69,2702.4,two_year,credit_card,fiber,0,0,18.2,True,False,True,1
60,59.84,3378.62,month_to_month,electronic_check,fiber,1,0,135.3,False,True,False,0
69,71.1,4897.01,two_year,mailed_check,none,0,0,20.9,False,False,False,0
10,46.36,505.94,month_to_month,credit_card,none,0,0,68.9,False,False,True,1
11,75.45,896.56,two_year,electronic_check,dsl,1,3,9.7,False,False,False,0
27,70.97,1836.93,month_to_month,bank_transfer,fiber,2,0,10.8,False,False,False,0
40,58.12,2300.52,one_year,bank_transfer,fiber,4,1,111.8,False,False,True,1
70,68.79,4903.22,month_to_month,bank_transfer,dsl,0,0,15.9,False,False,True,0
15,72.95,1088.85,month_to_month,credit_card,fiber,1,0,75.6,True,False,True,1
12,56.44,539.69,two_year,bank_transfer,none,2,0,53.6,False,False,False,0
18,67.17,1320.45,month_to_month,electronic_check,dsl,0,0,43.5,False,False,False,1
63,47.88,2997.17,month_to_month,credit_card,none,1,0,71.7,False,False,True,0
2,121.61,341.43,two_year,electronic_check,dsl,1,0,69.1,True,True,False,0
27,93.3,2393.51,month_to_month,bank_transfer,fiber,1,0,43.4,False,False,True,1
8,76.01,597.19,one_year,bank_transfer,fiber,0,0,5.1,False,False,True,1
11,95.79,1099.57,two_year,electronic_check,dsl,1,0,40.9,True,False,True,1
66,26.46,1738.52,month_to_month,electronic_check,dsl,4,0,139.8,False,False,True,1
0,18.0,0.0,month_to_month,bank_transfer,none,2,0,24.3,False,True,True,1
23,61.22,1193.25,one_year,electronic_check,fiber,2,1,34.8,False,False,True,0
66,39.67,2755.31,one_year,electronic_check,dsl,3,0,12.0,True,False,False,0
44,64.79,2873.08,month_to_month,credit_card,fiber,2,1,32.6,True,True,True,1
5,74.52,477.61,month_to_month,credit_card,fiber,1,0,43.7,False,True,True,1
33,90.25,3061.83,month_to_month,electronic_check,dsl,0,0,29.3,True,False,True,1
70,44.96,3200.92,month_to_month,bank_transfer,fiber,0,0,41.6,True,False,False,1
29,78.79,2255.99,month_to_month,electronic_check,fiber,0,0,34.2,False,True,True,1
38,70.32,2716.24,two_year,bank_transfer,dsl,1,1,107.3,False,False,True,0
38,77.65,3079.63,month_to_month,bank_transfer,fiber,2,0,21.2,False,False,False,1
48,58.57,2818.83,month_to_month,electronic_check,dsl,1,2,86.2,False,False,True,1
13,100.43,1476.74,two_year,bank_transfer,fiber,1,0,27.4,False,False,False,0
61,67.72,3995.97,month_to_month,bank_transfer,dsl,3,0,22.0,False,False,True,0
72,109.03,7705.54,two_year,mailed_check,fiber,1,0,70.9,False,False,True,0
10,52.61,615.03,two_year,bank_transfer,dsl,0,0,20.1,False,True,True,0
59,86.34,5020.37,month_to_month,credit_card,fiber,0,0,44.1,False,True,True,0
59,68.69,4236.61,month_to_month,bank_transfer,dsl,2,0,38.9,False,True,True,0
54,62.79,3511.02,month_to_month,bank_transfer,dsl,2,0,133.3,False,False,True,0
27,83.91,2408.45,month_to_month,bank_transfer,fiber,0,1,42.5,False,True,False,1
34,63.42,2235.88,month_to_month,credit_card,dsl,1,1,5.1,False,False,True,1
61,18.0,1015.06,month_to_month,bank_transfer,fiber,1,1,53.4,False,False,True,0
11,18.0,48.66,month_to_month,electronic_check,fiber,0,2,88.5,False,True,False,1
60,97.99,6013.98,two_year,mailed_check,fiber,0,0,68.1,False,False,False,0
67,97.07,6368.73,month_to_month,electronic_check,dsl,1,1,50.3,False,False,False,0
49,111.52,5607.12,month_to_month,electronic_check,dsl,1,0,32.9,False,False,False,0
24,69.61,1730.91,month_to_month,electronic_check,none,0,1,63.7,False,True,False,0
40,41.56,1655.54,month_to_month,mailed_check,fiber,2,0,43.1,False,False,True,0
3,60.77,222.09,one_year,bank_transfer,fiber,4,1,49.8,False,True,True,0
68,70.25,4818.88,one_year,credit_card,dsl,0,0,69.5,False,False,False,0
24,47.85,1130.18,month_to_month,mailed_check,dsl,1,0,110.0,False,False,True,1
4,106.27,553.39,one_year,electronic_check,fiber,2,0,27.3,False,False,True,0
57,119.27,6923.62,month_to_month,electronic_check,fiber,3,2,26.9,False,False,True,1
48,80.52,3878.97,two_year,electronic_check,none,2,0,48.4,False,False,False,1
45,69.76,3085.2,month_to_month,credit_card,fiber,2,1,43.8,True,False,True,1
3,41.51,242.07,one_year,credit_card,fiber,2,2,46.6,False,True,True,1
54,104.02,5435.05,month_to_month,electronic_check,fiber,1,0,26.9,False,False,True,1
46,71.68,3337.23,month_to_month,electronic_check,fiber,2,0,15.4,False,False,True,1
57,63.64,3694.04,month_to_month,credit_card,fiber,0,0,13.4,False,False,False,0
60,80.59,4760.85,month_to_month,electronic_check,fiber,2,0,14.8,False,False,True,0
15,57.11,944.29,one_year,credit_card,fiber,3,0,22.8,False,True,True,1
15,73.23,1096.08,one_year,credit_card,fiber,0,0,128.5,False,True,True,1
67,38.27,2514.98,month_to_month,electronic_check,fiber,0,0,58.8,False,False,True,1
38,93.92,3655.65,two_year,electronic_check,fiber,2,1,77.8,False,False,True,1
31,67.7,2000.99,month_to_month,bank_transfer,none,2,0,14.9,False,False,True,0
20,95.49,1988.03,two_year,bank_transfer,fiber,2,1,41.3,False,False,False,1
46,65.58,2838.27,month_to_month,credit_card,fiber,2,0,71.3,False,True,False,0
55,67.0,3710.71,month_to_month,credit_card,dsl,2,0,18.7,True,False,True,0
0,43.33,3.95,month_to_month,mailed_check,dsl,0,0,46.1,False,False,True,0
40,86.71,3419.83,one_year,bank_transfer,dsl,1,1,26.7,False,False,True,0
72,50.73,3687.63,one_year,electronic_check,fiber,1,0,12.6,False,True,True,0
20,59.3,1178.84,one_year,mailed_check,dsl,2,0,9.2,False,True,True,1
20,70.02,1495.32,month_to_month,credit_card,dsl,0,0,50.5,False,False,True,1
64,72.67,4701.29,month_to_month,credit_card,fiber,2,0,31.2,False,False,False,0
4,32.47,170.62,one_year,bank_transfer,fiber,1,0,38.8,False,True,True,0
29,64.92,1908.95,two_year,credit_card,fiber,0,0,11.0,False,True,True,1
33,87.5,2845.01,month_to_month,mailed_check,fiber,2,0,61.4,False,False,False,1
58,61.68,3550.28,two_year,electronic_check,fiber,1,0,147.8,True,True,False,1
9,65.06,607.88,one_year,credit_card,fiber,1,0,79.9,False,True,True,1
31,73.57,2265.07,month_to_month,electronic_check,none,4,0,24.6,False,False,True,1
11,67.23,839.56,one_year,bank_transfer,dsl,1,0,6.7,False,False,False,0
57,47.33,2706.22,month_to_month,electronic_check,fiber,1,0,71.6,False,True,True,1
46,69.2,3217.04,month_to_month,credit_card,fiber,1,2,90.8,False,False,True,1
36,91.87,3181.08,one_year,mailed_check,dsl,1,0,60.8,False,False,False,0
28,46.87,1397.25,two_year,electronic_check,fiber,1,0,37.8,False,False,True,0
11,61.76,627.05,month_to_month,electronic_check,dsl,4,0,87.9,False,False,False,0
67,39.6,2559.36,month_to_month,credit_card,none,1,2,48.6,False,False,True,1
47,90.71,4411.53,month_to_month,credit_card,dsl,2,1,36.3,False,False,False,1
23,67.97,1626.1,month_to_month,electronic_check,fiber,2,0,76.9,False,True,True,1
30,51.3,1626.94,one_year,electronic_check,none,1,2,102.5,False,False,True,1
53,72.03,3858.49,month_to_month,electronic_check,fiber,1,0,26.3,False,False,True,0
52,43.52,2254.66,month_to_month,electronic_check,fiber,0,0,21.2,False,True,False,0
33,47.26,1534.42,one_year,bank_transfer,dsl,2,0,47.0,False,False,False,0
22,37.88,903.48,month_to_month,electronic_check,fiber,1,0,52.8,False,True,True,0
48,46.53,2335.37,month_to_month,credit_card,fiber,2,0,40.5,False,True,True,0
48,99.86,4787.14,one_year,electronic_check,dsl,1,0,96.7,False,False,False,0
43,53.87,2502.94,month_to_month,mailed_check,fiber,1,0,66.4,False,False,True,0
5,80.26,383.54,month_to_month,bank_transfer,fiber,1,1,54.1,False,False,True,0
34,51.6,1628.94,month_to_month,credit_card,dsl,0,0,38.5,False,False,True,1
44,86.71,3660.3,month_to_month,bank_transfer,fiber,0,0,129.6,False,True,False,0
69,47.43,3120.77,two_year,electronic_check,dsl,1,1,82.8,False,False,True,0
38,70.86,2655.44,one_year,electronic_check,none,1,1,140.6,False,True,False,0
25,71.16,1758.12,month_to_month,credit_card,none,0,0,49.1,False,False,False,1
40,121.21,4909.83,month_to_month,credit_card,fiber,1,1,29.0,False,True,True,1
12,83.87,1003.87,month_to_month,electronic_check,none,1,2,87.8,False,True,True,1
6,56.96,417.66,two_year,credit_card,fiber,2,0,40.8,True,False,True,0
49,85.07,4172.47,one_year,bank_transfer,fiber,2,2,27.2,False,False,True,0
71,117.04,8311.06,one_year,mailed_check,fiber,0,0,37.5,False,False,True,0
61,34.15,2031.17,month_to_month,mailed_check,dsl,0,1,70.5,True,False,True,1
42,51.47,2289.77,two_year,credit_card,fiber,1,0,43.5,True,False,True,1
2,64.79,0.0,two_year,bank_transfer,dsl,1,1,29.8,False,False,False,0
72,60.82,4406.16,month_to_month,credit_card,dsl,0,1,38.6,False,False,False,0
32,62.68,1989.41,month_to_month,credit_card,fiber,1,0,28.4,False,True,False,1
21,41.31,937.87,month_to_month,bank_transfer,dsl,0,0,22.0,False,False,False,1
65,100.89,6555.98,one_year,electronic_check,fiber,2,0,13.3,False,False,False,1
54,38.7,2090.58,month_to_month,mailed_check,fiber,1,0,96.3,False,False,True,0
54,65.6,3518.4,month_to_month,electronic_check,fiber,0,0,95.7,False,True,False,0
20,93.01,1985.59,one_year,electronic_check,dsl,2,1,51.7,False,True,False,1
72,69.34,4992.7,one_year,electronic_check,fiber,0,0,24.2,False,False,True,0
33,48.45,1776.12,month_to_month,bank_transfer,dsl,2,0,34.2,False,False,True,1
38,40.33,1557.04,month_to_month,electronic_check,fiber,1,0,16.3,True,False,True,1
54,64.94,3508.72,month_to_month,credit_card,dsl,0,0,14.2,False,True,True,0
48,53.35,2547.72,month_to_month,electronic_check,fiber,0,1,25.5,False,False,False,0
12,74.52,945.02,two_year,bank_transfer,fiber,1,0,62.4,False,False,True,0
22,39.17,808.78,one_year,credit_card,fiber,4,0,11.9,False,True,True,1
26,87.89,2298.26,two_year,mailed_check,fiber,2,0,66.6,False,False,False,0
69,72.54,5005.99,one_year,electronic_check,fiber,2,1,55.8,False,True,False,1
52,74.18,3886.63,one_year,electronic_check,dsl,2,0,54.6,False,True,True,0
26,101.7,2675.7,month_to_month,electronic_check,fiber,1,1,43.8,False,False,False,1
53,60.37,3235.79,month_to_month,credit_card,fiber,2,2,54.1,False,True,True,0
53,54.03,2872.13,two_year,bank_transfer,fiber,1,0,39.6,False,False,True,0
28,57.95,1763.8,one_year,electronic_check,none,2,1,11.6,False,False,True,1
29,65.76,1945.07,two_year,mailed_check,fiber,1,0,121.7,False,False,True,0
65,68.0,4654.54,one_year,electronic_check,fiber,1,1,31.3,False,False,True,0
41,51.72,2125.01,month_to_month,bank_transfer,fiber,1,0,33.2,False,False,True,0
10,25.49,341.2,month_to_month,bank_transfer,dsl,1,1,45.4,False,True,False,1
52,57.66,2932.98,month_to_month,mailed_check,fiber,0,1,137.6,True,False,False,0
43,77.92,3476.63,one_year,credit_card,fiber,1,1,81.1,False,False,True,0
37,73.0,2637.61,two_year,bank_transfer,none,0,0,51.4,False,True,True,0
52,96.39,5053.31,two_year,electronic_check,none,1,0,43.2,False,False,False,0
66,113.02,7435.52,month_to_month,credit_card,fiber,1,0,31.9,False,False,True,0
24,86.71,2121.72,month_to_month,bank_transfer,dsl,1,1,58.7,False,True,True,1
30,100.42,2991.47,month_to_month,electronic_check,none,1,2,27.6,False,False,False,1
13,86.87,1058.28,month_to_month,bank_transfer,none,0,2,41.8,False,False,True,1
47,107.62,5033.7,two_year,electronic_check,fiber,1,0,100.3,False,False,False,0
29,110.72,3349.62,one_year,electronic_check,dsl,3,0,39.2,True,True,False,1
24,90.93,2224.37,month_to_month,bank_transfer,fiber,4,3,61.5,False,False,True,1
50,85.54,4161.0,two_year,electronic_check,dsl,1,0,33.7,True,True,True,0
29,65.48,1997.5,month_to_month,bank_transfer,dsl,1,1,31.6,False,True,True,1
33,69.09,2199.73,two_year,mailed_check,dsl,1,0,95.5,False,False,False,0
32,62.57,2069.14,one_year,electronic_check,none,0,0,72.1,False,False,False,0
18,83.67,1555.84,month_to_month,electronic_check,fiber,2,1,88.1,False,True,False,1
9,54.15,542.82,one_year,electronic_check,fiber,2,0,58.3,False,False,True,0
60,65.8,4114.79,month_to_month,credit_card,dsl,2,0,46.8,False,False,True,0
6,18.19,34.56,one_year,bank_transfer,fiber,0,0,8.8,False,False,True,0
23,107.91,2536.9,month_to_month,mailed_check,dsl,0,1,20.4,False,False,False,0
48,65.15,3240.56,month_to_month,credit_card,dsl,3,1,17.2,False,False,True,1
9,80.02,662.28,one_year,electronic_check,dsl,2,0,37.1,True,False,True,1
47,102.07,4730.17,month_to_month,electronic_check,dsl,3,0,52.8,True,False,True,0
53,76.61,4034.48,month_to_month,electronic_check,fiber,1,0,18.1,False,False,True,1
48,101.78,4914.67,two_year,credit_card,fiber,3,0,15.3,False,False,False,0
22,42.68,812.02,month_to_month,mailed_check,none,0,0,34.0,False,True,True,1
1,122.74,172.37,one_year,electronic_check,fiber,0,0,13.0,False,True,False,1
64,93.92,5884.13,one_year,bank_transfer,dsl,3,0,98.0,False,False,False,0
23,74.6,1832.2,month_to_month,credit_card,fiber,0,0,19.5,False,True,True,0
58,101.35,5924.54,two_year,mailed_check,dsl,2,1,34.8,False,False,True,0
14,44.29,792.24,month_to_month,mailed_check,fiber,1,0,23.7,False,False,False,1
11,63.65,760.34,month_to_month,mailed_check,dsl,0,1,34.8,False,False,True,1
56,101.77,5671.69,month_to_month,credit_card,fiber,1,0,7.6,False,False,False,0
68,28.92,1894.68,one_year,electronic_check,fiber,2,3,102.8,True,False,True,1
62,82.33,5125.96,month_to_month,electronic_check,fiber,1,0,116.3,False,False,True,0
54,81.71,4409.62,month_to_month,electronic_check,fiber,2,0,14.8,False,False,True,1
18,113.32,2146.51,month_to_month,bank_transfer,none,0,0,48.5,True,True,True,0
66,35.17,2237.64,one_year,mailed_check,fiber,0,0,51.2,False,True,True,0
48,105.41,5241.56,month_to_month,credit_card,fiber,0,0,41.9,False,True,True,0
12,57.69,807.01,month_to_month,credit_card,fiber,1,0,90.0,True,False,True,0
9,60.17,523.21,month_to_month,electronic_check,dsl,0,0,69.3,False,True,True,1
63,43.12,2878.36,month_to_month,bank_transfer,fiber,1,0,28.9,False,False,False,0
20,46.07,850.92,one_year,electronic_check,dsl,1,0,69.8,False,False,True,1
55,78.88,4356.9,month_to_month,electronic_check,none,3,0,27.7,False,False,True,1
10,45.53,340.42,month_to_month,electronic_check,fiber,0,0,13.0,False,True,False,1
20,86.29,1891.99,month_to_month,mailed_check,dsl,2,1,113.3,False,True,True,1
20,55.41,959.94,one_year,credit_card,none,1,0,134.8,True,False,True,1
20,43.31,736.56,one_year,mailed_check,none,0,0,16.0,False,False,True,1
49,58.39,2803.99,month_to_month,credit_card,dsl,3,0,45.5,True,True,True,0
66,77.41,5228.07,one_year,bank_transfer,none,1,1,89.4,False,False,False,0
66,63.9,4303.34,one_year,bank_transfer,fiber,0,1,42.4,False,True,True,0
54,70.75,3831.48,month_to_month,mailed_check,dsl,0,0,36.7,False,False,True,0
14,85.32,1286.18,month_to_month,electronic_check,dsl,0,0,53.1,False,False,False,1
70,93.81,6556.31,month_to_month,electronic_check,fiber,6,1,58.9,False,False,True,1
39,63.18,2502.04,two_year,electronic_check,fiber,0,0,43.2,False,True,False,0
39,47.03,1982.83,month_to_month,credit_card,fiber,0,0,85.8,True,False,False,1
51,71.67,3632.97,month_to_month,electronic_check,fiber,2,0,48.5,False,False,True,0
56,80.35,4430.63,month_to_month,bank_transfer,fiber,2,0,34.0,False,True,False,1
69,37.86,2654.67,month_to_month,credit_card,dsl,2,0,134.8,False,False,True,1
42,50.41,2183.84,two_year,mailed_check,dsl,0,0,22.8,False,True,True,0
44,54.18,2393.86,month_to_month,bank_transfer,dsl,2,0,56.0,False,False,True,1
54,65.43,3623.52,month_to_month,bank_transfer,dsl,0,0,36.4,False,False,True,0
18,53.26,940.57,one_year,bank_transfer,fiber,1,0,54.9,False,True,True,0
22,85.55,1893.58,one_year,electronic_check,fiber,3,0,18.9,False,True,True,1
45,34.69,1594.76,two_year,electronic_check,fiber,2,0,17.2,False,False,True,0
4,35.25,166.86,one_year,credit_card,none,1,0,48.3,False,True,False,1
23,62.65,1586.14,month_to_month,mailed_check,dsl,2,0,56.6,False,True,True,1
52,66.14,3472.54,month_to_month,electronic_check,dsl,1,0,7.3,False,False,False,0
71,38.0,2670.65,two_year,credit_card,fiber,1,1,53.6,False,False,True,0
37,56.65,2143.57,one_year,bank_transfer,none,2,0,36.9,True,False,True,1
29,61.18,1865.02,month_to_month,electronic_check,fiber,1,0,10.4,False,True,False,1
32,61.35,2032.88,month_to_month,mailed_check,fiber,1,0,16.2,False,False,True,0
50,73.34,3731.69,one_year,mailed_check,dsl,2,0,15.2,False,True,True,0
39,55.45,2027.73,month_to_month,electronic_check,dsl,2,0,42.6,False,True,False,1
1,102.51,0.0,one_year,bank_transfer,none,0,0,5.4,False,False,True,1
39,80.74,3263.63,one_year,electronic_check,dsl,3,1,54.8,True,False,True,0
29,52.24,1554.46,month_to_month,credit_card,none,2,1,31.9,False,False,False,1
51,72.08,3674.14,two_year,mailed_check,dsl,1,1,137.7,False,False,True,0
63,72.73,4644.48,two_year,electronic_check,none,2,0,5.0,False,False,False,0
70,96.72,6943.86,month_to_month,mailed_check,dsl,2,2,28.0,False,True,True,1
44,56.79,2625.98,month_to_month,mailed_check,dsl,0,1,4.8,False,False,True,1
26,86.88,2345.48,two_year,bank_transfer,dsl,2,0,38.3,False,False,False,1
32,70.92,2189.63,month_to_month,electronic_check,none,1,0,27.0,False,False,True,1
12,102.81,1165.61,two_year,electronic_check,fiber,2,1,88.6,False,True,True,1
68,98.4,6476.42,month_to_month,credit_card,dsl,2,1,23.9,False,False,True,0
61,74.33,4591.15,one_year,electronic_check,fiber,0,0,16.7,False,False,True,0
62,64.23,4082.04,one_year,electronic_check,dsl,3,0,26.4,True,False,True,0
23,81.15,1973.57,month_to_month,electronic_check,dsl,0,0,45.4,False,True,True,1
23,66.03,1579.48,one_year,bank_transfer,fiber,1,0,34.0,False,True,True,1
62,106.97,6618.27,month_to_month,electronic_check,dsl,3,3,58.9,False,True,True,1
39,71.73,2746.69,month_to_month,electronic_check,dsl,1,2,60.1,False,True,False,1
51,61.08,3040.8,month_to_month,bank_transfer,fiber,3,0,24.9,False,False,False,0
35,59.89,2081.44,month_to_month,electronic_check,dsl,2,0,20.5,False,True,True,0
32,43.31,1297.92,month_to_month,electronic_check,fiber,1,0,47.5,False,False,True,0
46,82.24,3941.08,month_to_month,electronic_check,dsl,2,0,75.1,True,False,True,1
59,51.96,2948.43,month_to_month,electronic_check,none,3,0,6.7,False,False,False,0
24,94.16,2242.11,month_to_month,electronic_check,fiber,1,0,46.1,False,False,True,0
59,41.56,2277.78,month_to_month,electronic_check,fiber,2,1,30.8,False,False,True,0
17,72.8,1264.29,two_year,credit_card,fiber,0,0,16.2,True,False,True,1
29,95.3,2763.49,month_to_month,electronic_check,dsl,1,0,55.6,False,False,False,0
66,22.65,1462.79,one_year,electronic_check,fiber,1,0,24.6,False,False,True,0
69,114.4,7809.65,month_to_month,bank_transfer,dsl,1,0,83.8,False,False,True,1
67,60.64,4063.1,month_to_month,bank_transfer,fiber,2,1,119.0,False,False,False,0
23,73.1,1632.3,month_to_month,credit_card,dsl,0,1,17.0,False,True,False,1
61,82.57,5024.45,month_to_month,mailed_check,dsl,2,1,40.3,False,False,False,1
68,85.97,6022.13,month_to_month,bank_transfer,dsl,1,0,29.4,False,True,False,0
71,76.03,5413.63,one_year,credit_card,dsl,2,0,26.6,True,False,False,0
1,91.94,139.9,month_to_month,credit_card,dsl,2,0,31.7,False,True,False,1
54,81.42,4354.88,month_to_month,electronic_check,fiber,1,0,31.3,True,True,True,1
72,108.74,7758.68,two_year,credit_card,fiber,0,0,106.9,False,False,False,0
55,81.49,4479.88,month_to_month,credit_card,fiber,0,0,69.7,True,False,True,1
17,113.22,2150.09,one_year,mailed_check,fiber,2,0,104.7,True,False,True,0
55,89.82,4914.23,one_year,mailed_check,fiber,3,1,16.4,True,False,True,0
7,30.27,244.42,month_to_month,electronic_check,dsl,1,0,71.8,False,True,False,1
35,127.44,4385.84,month_to_month,mailed_check,dsl,3,0,48.1,False,False,True,0
45,57.36,2333.23,month_to_month,bank_transfer,none,0,0,72.9,False,True,True,0
33,102.9,3324.62,one_year,bank_transfer,fiber,0,1,19.6,False,True,True,1
51,70.59,3814.35,two_year,mailed_check,dsl,0,1,12.7,False,True,True,0
17,93.34,1640.37,month_to_month,electronic_check,dsl,1,1,19.9,True,True,False,1
44,54.85,2561.08,two_year,credit_card,fiber,0,0,23.1,False,False,True,0
47,83.77,3905.89,month_to_month,mailed_check,dsl,1,0,36.7,False,False,False,0
46,64.43,2751.67,month_to_month,electronic_check,fiber,1,2,93.2,True,True,True,0
21,104.74,2099.76,month_to_month,bank_transfer,fiber,3,0,63.9,False,True,True,0
22,79.65,1788.03,two_year,bank_transfer,fiber,2,0,21.0,False,False,False,1
18,90.59,1652.01,month_to_month,mailed_check,fiber,1,0,34.8,False,True,False,1
33,22.39,737.93,one_year,electronic_check,fiber,0,2,44.9,False,False,False,1
42,68.12,2813.32,month_to_month,bank_transfer,none,1,2,2.7,False,False,False,0
26,79.03,2139.35,two_year,electronic_check,fiber,1,1,72.9,False,False,True,0
29,74.92,2127.56,two_year,mailed_check,fiber,0,1,62.4,False,True,False,0
20,91.15,1850.7,one_year,credit_card,dsl,0,2,57.9,True,False,False,0
15,61.95,946.83,one_year,bank_transfer,none,0,0,30.6,False,False,True,0
47,71.07,3307.12,month_to_month,mailed_check,fiber,1,0,78.5,False,False,True,0
59,95.99,5584.09,two_year,credit_card,dsl,4,0,44.7,False,True,True,0
21,19.87,378.81,one_year,credit_card,fiber,2,0,47.4,False,False,True,1
62,82.97,5312.77,month_to_month,credit_card,fiber,1,2,91.8,False,False,True,0
41,62.65,2668.77,two_year,credit_card,none,2,1,34.5,False,False,False,0
12,49.93,690.99,one_year,bank_transfer,dsl,3,0,8.8,False,True,True,0
26,77.4,1941.62,one_year,bank_transfer,dsl,0,0,82.6,False,False,True,0
0,97.0,0.0,one_year,electronic_check,fiber,3,1,11.1,False,False,True,1
2,92.86,284.4,month_to_month,electronic_check,dsl,0,3,35.9,False,True,True,1
24,67.03,1690.15,month_to_month,credit_card,fiber,1,0,10.7,False,True,False,1
33,89.27,2958.26,month_to_month,electronic_check,fiber,2,0,18.2,True,False,True,1
58,89.1,5134.45,two_year,bank_transfer,dsl,0,0,51.9,True,False,True,0
9,68.08,480.96,one_year,credit_card,dsl,4,1,71.7,False,False,True,0
61,54.75,3417.82,two_year,electronic_check,dsl,1,0,84.0,False,True,True,1
17,56.02,1059.09,month_to_month,bank_transfer,fiber,0,0,87.3,False,False,True,1
10,88.43,823.18,two_year,electronic_check,dsl,1,0,81.5,False,False,False,1
51,69.07,3453.94,month_to_month,bank_transfer,none,1,0,39.2,False,True,True,0
56,46.98,2742.58,month_to_month,electronic_check,none,3,0,89.5,True,False,True,1
44,32.93,1391.15,two_year,electronic_check,fiber,0,0,25.5,False,False,False,0
8,88.3,866.52,one_year,electronic_check,fiber,0,0,7.0,False,False,True,1
8,57.97,453.95,two_year,credit_card,dsl,1,0,54.9,False,False,False,1
28,77.27,2128.77,one_year,bank_transfer,dsl,2,0,12.9,False,False,True,1
32,97.27,3116.7,month_to_month,credit_card,dsl,1,0,17.5,False,False,True,0
72,41.2,2931.6,month_to_month,electronic_check,fiber,2,0,17.6,True,False,False,1
20,69.01,1481.56,two_year,credit_card,dsl,1,0,22.1,False,False,True,0
14,66.24,1007.08,month_to_month,credit_card,fiber,4,0,58.6,False,True,True,1
69,78.35,5504.08,one_year,bank_transfer,none,2,1,106.5,False,False,False,0
11,97.26,1086.47,month_to_month,electronic_check,fiber,1,0,70.0,False,True,False,1
1,40.75,0.0,month_to_month,bank_transfer,none,1,0,19.2,True,False,False,1
30,82.54,2475.38,two_year,bank_transfer,none,0,0,29.5,False,False,False,0
29,92.69,2649.7,two_year,bank_transfer,fiber,1,2,5.3,False,False,False,0
45,65.9,3097.49,month_to_month,credit_card,dsl,2,0,34.1,True,False,True,1
64,66.98,4376.92,month_to_month,electronic_check,fiber,2,1,53.3,False,True,True,1
68,79.21,5378.04,month_to_month,electronic_check,fiber,1,1,77.2,False,False,True,1
21,77.59,1546.01,month_to_month,bank_transfer,fiber,1,1,17.8,False,False,False,1
71,82.81,6018.19,two_year,bank_transfer,none,0,0,77.7,False,False,True,0
46,82.35,3800.4,month_to_month,credit_card,fiber,1,0,22.0,True,False,False,0
5,48.4,230.28,month_to_month,credit_card,fiber,2,1,78.0,False,True,True,1
68,91.79,6381.19,one_year,electronic_check,dsl,1,0,76.3,False,False,True,0
10,95.67,910.8,one_year,electronic_check,fiber,0,0,107.3,False,True,False,0
42,74.09,3083.08,month_to_month,bank_transfer,fiber,2,0,177.1,False,False,True,1
57,37.13,2095.64,two_year,electronic_check,fiber,1,0,25.0,False,False,True,0
18,67.48,1096.15,month_to_month,mailed_check,fiber,1,0,70.9,False,False,False,1
19,74.28,1439.74,month_to_month,electronic_check,dsl,2,0,31.2,False,False,True,1
34,44.82,1455.27,two_year,bank_transfer,dsl,2,0,14.9,False,True,True,0
64,62.08,3921.76,month_to_month,electronic_check,dsl,3,0,54.6,False,True,True,0
16,38.99,560.44,two_year,mailed_check,fiber,1,1,64.7,False,False,True,0
48,83.36,3948.44,one_year,bank_transfer,dsl,2,0,32.9,False,False,True,1
33,73.65,2354.95,two_year,electronic_check,fiber,2,1,19.6,False,False,True,0
8,33.79,292.57,month_to_month,credit_card,fiber,0,0,55.3,False,False,True,0
51,77.73,3950.23,month_to_month,mailed_check,none,2,0,19.2,False,False,True,0
60,68.76,4129.92,two_year,credit_card,dsl,2,0,35.6,True,True,True,0
42,81.36,3628.96,two_year,electronic_check,dsl,2,1,65.0,False,False,False,0
12,61.39,722.68,two_year,bank_transfer,fiber,1,0,52.4,False,False,True,1
11,52.37,630.52,month_to_month,credit_card,fiber,3,1,71.2,False,True,False,1
30,53.04,1655.89,one_year,electronic_check,dsl,0,0,23.5,False,True,True,0
36,58.16,2088.1,month_to_month,bank_transfer,none,0,0,35.7,False,False,True,1
40,70.41,2841.04,month_to_month,mailed_check,dsl,2,1,26.9,False,False,True,0
17,73.26,1247.28,month_to_month,electronic_check,fiber,0,2,42.8,True,False,True,1
36,65.8,2387.03,one_year,credit_card,dsl,0,0,23.7,False,False,False,1
21,60.69,1221.7,month_to_month,electronic_check,fiber,1,0,35.7,True,True,False,1
50,62.27,3069.02,month_to_month,mailed_check,fiber,1,0,41.4,False,True,True,0
58,125.17,7261.38,two_year,mailed_check,dsl,2,0,100.3,True,True,True,0
47,53.04,2315.41,two_year,mailed_check,dsl,2,0,29.7,False,False,True,0
0,57.72,134.65,month_to_month,electronic_check,dsl,0,1,49.6,False,True,True,0
72,130.0,9554.48,two_year,electronic_check,fiber,3,0,96.1,False,True,False,0
1,79.26,94.59,two_year,credit_card,fiber,2,0,11.7,False,False,True,1
72,39.64,2913.97,month_to_month,electronic_check,dsl,0,0,57.7,False,False,True,0
2,88.54,274.38,one_year,electronic_check,dsl,1,2,57.3,False,False,False,1
37,49.98,1730.04,two_year,electronic_check,dsl,0,1,45.9,False,False,True,1
7,90.0,713.55,one_year,bank_transfer,dsl,0,2,38.7,True,False,False,0
6,65.36,353.78,month_to_month,bank_transfer,dsl,1,0,90.9,False,False,True,0
49,60.32,3161.85,one_year,bank_transfer,dsl,1,1,2.9,False,False,True,1
53,105.4,5569.26,one_year,electronic_check,fiber,1,0,52.8,False,False,True,0
8,82.46,741.42,one_year,bank_transfer,fiber,0,0,46.8,False,False,False,0
71,91.41,6474.05,month_to_month,credit_card,dsl,1,0,45.0,False,False,True,0
23,79.57,2027.81,month_to_month,electronic_check,dsl,1,0,30.6,False,False,True,1
23,60.22,1338.95,two_year,bank_transfer,fiber,2,0,26.6,False,False,False,1
21,83.45,1857.31,month_to_month,bank_transfer,none,1,0,28.6,True,False,False,1
33,96.6,3244.2,two_year,electronic_check,fiber,2,0,34.9,True,False,False,0
12,72.96,911.91,month_to_month,bank_transfer,none,2,0,36.2,False,False,True,1
31,109.64,3419.45,two_year,credit_card,dsl,2,0,5.6,False,False,True,0
15,88.71,1270.62,month_to_month,bank_transfer,dsl,0,0,59.8,False,False,False,0
3,74.66,0.0,two_year,mailed_check,fiber,1,0,13.6,True,True,False,1
26,75.53,2060.48,two_year,bank_transfer,dsl,2,1,47.3,False,False,True,1
49,73.02,3533.98,month_to_month,credit_card,fiber,3,0,21.2,True,True,True,1
55,42.47,2441.11,month_to_month,electronic_check,none,1,0,47.9,False,True,True,0
25,68.02,1732.15,two_year,credit_card,fiber,2,0,110.2,False,True,True,0
23,74.87,1830.03,one_year,bank_transfer,fiber,1,0,14.0,False,True,True,0
57,60.85,3540.62,one_year,mailed_check,dsl,0,1,44.6,False,False,True,0
49,77.43,3572.25,month_to_month,bank_transfer,fiber,1,1,43.1,True,True,False,1
60,70.47,4283.54,two_year,bank_transfer,dsl,0,1,15.8,False,True,False,0
66,87.02,5712.39,one_year,bank_transfer,dsl,1,0,95.2,False,False,False,0
59,84.59,5095.66,month_to_month,bank_transfer,fiber,0,0,16.5,False,False,True,0
68,73.68,5063.45,month_to_month,electronic_check,fiber,0,0,10.2,False,False,True,0
30,39.92,1251.87,month_to_month,credit_card,dsl,1,1,27.5,False,False,False,1
28,109.4,3038.7,two_year,credit_card,dsl,2,1,97.7,False,False,True,0
23,66.88,1456.11,two_year,credit_card,fiber,2,0,47.1,False,False,True,0
17,68.22,1120.78,month_to_month,credit_card,fiber,1,0,91.8,True,False,False,1
54,62.46,3210.85,month_to_month,mailed_check,fiber,1,0,54.7,True,False,False,0
52,59.25,3027.87,month_to_month,mailed_check,fiber,0,0,68.2,False,True,True,0
58,103.97,5898.49,month_to_month,bank_transfer,fiber,1,0,17.0,False,False,True,0
12,100.49,1076.48,two_year,bank_transfer,fiber,2,0,8.0,False,False,False,0
35,79.78,2802.78,one_year,bank_transfer,fiber,2,0,64.0,False,False,True,1
16,67.63,1130.14,month_to_month,bank_transfer,fiber,0,0,24.2,False,False,False,1
65,83.62,5432.44,month_to_month,electronic_check,fiber,0,1,9.4,False,False,False,1
19,71.62,1315.89,month_to_month,mailed_check,dsl,2,1,61.1,False,False,True,0
10,65.82,572.93,one_year,electronic_check,fiber,1,1,54.9,False,False,False,1
41,77.44,3146.49,month_to_month,bank_transfer,fiber,1,1,119.5,False,True,False,0
64,60.29,3784.56,month_to_month,electronic_check,dsl,2,0,32.1,False,False,True,0
66,75.55,4980.65,two_year,credit_card,none,1,0,37.3,False,False,False,0
7,74.49,384.49,one_year,electronic_check,none,0,1,63.6,False,True,True,1
23,83.26,1978.1,two_year,bank_transfer,dsl,4,0,119.3,False,True,True,1
11,56.38,569.15,month_to_month,mailed_check,fiber,1,0,85.7,False,False,True,1
22,85.62,1917.5,month_to_month,electronic_check,dsl,3,3,17.4,True,False,True,1
38,50.06,1982.13,two_year,electronic_check,dsl,3,0,33.2,False,False,True,1
20,57.4,1177.51,two_year,mailed_check,none,2,1,48.2,False,False,True,0
4,58.36,305.36,one_year,electronic_check,dsl,0,0,41.6,False,False,True,1
37,46.41,1531.17,one_year,bank_transfer,dsl,1,0,18.9,False,False,True,1
3,92.34,232.66,month_to_month,bank_transfer,fiber,2,0,111.9,True,False,True,1
16,48.68,878.16,one_year,bank_transfer,fiber,0,0,33.0,False,True,False,0
0,54.62,45.83,month_to_month,electronic_check,dsl,0,0,11.8,False,False,False,1
6,97.62,752.08,month_to_month,bank_transfer,none,3,0,34.7,False,False,True,1
31,57.45,1934.34,month_to_month,mailed_check,fiber,3,0,70.0,False,False,True,1
62,65.86,4110.28,month_to_month,credit_card,fiber,4,0,94.9,False,False,True,1
56,47.74,2650.76,month_to_month,bank_transfer,fiber,1,1,26.1,False,True,True,0
7,88.32,531.98,month_to_month,electronic_check,fiber,0,1,43.8,False,False,True,1
2,88.63,134.44,month_to_month,mailed_check,none,1,1,41.9,False,False,True,0
24,86.26,2033.5,two_year,electronic_check,fiber,3,0,43.7,False,False,True,0
47,81.83,3792.62,two_year,electronic_check,fiber,2,0,109.6,False,True,False,0
54,71.62,3784.83,month_to_month,electronic_check,fiber,2,0,18.0,True,False,True,0
60,58.46,3543.74,month_to_month,mailed_check,dsl,3,0,141.4,True,False,True,1
24,52.07,1402.38,two_year,credit_card,dsl,2,1,7.4,True,True,True,0
12,98.38,1264.55,month_to_month,electronic_check,fiber,1,1,36.8,False,False,True,1
1,86.83,57.81,one_year,electronic_check,none,1,1,92.4,False,False,True,1
10,54.75,638.76,month_to_month,mailed_check,dsl,2,1,102.7,False,True,True,0
4,70.88,314.72,one_year,electronic_check,fiber,0,0,88.1,False,True,True,1
62,63.4,3927.14,month_to_month,bank_transfer,fiber,2,0,32.8,False,False,False,0
19,45.18,849.14,one_year,bank_transfer,fiber,2,1,101.8,False,False,True,0
60,73.91,4416.61,month_to_month,bank_transfer,fiber,1,0,107.5,True,False,False,0
40,60.86,2493.0,month_to_month,bank_transfer,fiber,2,0,85.3,True,False,True,1
39,49.04,1925.13,month_to_month,bank_transfer,fiber,2,0,9.9,False,False,False,0
33,37.46,1170.62,month_to_month,electronic_check,fiber,0,0,21.3,False,False,True,1
59,35.6,2030.48,two_year,credit_card,fiber,0,0,53.3,True,False,True,0
3,61.83,213.02,month_to_month,electronic_check,dsl,1,1,79.6,False,False,True,1
6,68.13,447.36,month_to_month,credit_card,dsl,4,0,19.0,False,False,True,1
30,50.74,1494.02,one_year,credit_card,fiber,0,0,30.7,False,True,False,0
28,84.32,2259.08,month_to_month,credit_card,fiber,1,0,38.4,False,False,False,0
39,68.56,2786.43,two_year,mailed_check,none,2,0,42.6,False,False,False,0
53,82.69,4476.04,two_year,mailed_check,fiber,1,1,54.2,False,False,False,0
42,65.98,2592.3,month_to_month,electronic_check,fiber,1,0,66.1,False,False,True,0
18,52.68,1068.8,one_year,bank_transfer,fiber,2,1,5.8,False,False,False,1
23,72.51,1648.92,one_year,bank_transfer,fiber,0,1,65.5,False,False,True,0
54,42.22,2296.98,month_to_month,mailed_check,fiber,1,0,70.4,False,False,False,0
14,81.87,1248.62,one_year,electronic_check,none,0,0,33.7,False,False,True,1
36,49.38,1926.41,month_to_month,bank_transfer,dsl,0,0,78.4,False,False,True,0
39,90.2,3608.06,month_to_month,credit_card,dsl,2,0,28.1,True,False,True,1
54,62.55,3399.39,one_year,electronic_check,none,3,0,81.7,False,True,False,1
52,93.38,4731.95,one_year,bank_transfer,fiber,1,2,44.1,False,False,False,0
33,45.3,1312.54,one_year,electronic_check,none,4,0,23.2,False,False,True,0
22,55.09,1291.01,month_to_month,electronic_check,none,1,0,81.8,False,False,True,1
26,78.38,2158.66,one_year,bank_transfer,dsl,0,1,79.1,False,False,True,0
30,95.75,2799.18,month_to_month,electronic_check,none,1,0,94.7,False,False,True,0
16,106.67,1682.44,one_year,electronic_check,dsl,5,0,59.2,False,True,True,1
45,70.91,3140.8,month_to_month,credit_card,fiber,1,0,50.1,False,False,True,0
15,110.43,1603.9,month_to_month,bank_transfer,fiber,3,0,26.0,False,False,True,1
47,63.63,3087.36,month_to_month,bank_transfer,dsl,1,2,18.5,True,False,True,1
54,94.17,5104.83,month_to_month,mailed_check,dsl,2,0,123.7,False,False,False,0
70,49.27,3428.27,month_to_month,credit_card,fiber,1,2,9.8,False,False,True,0
8,79.24,873.1,month_to_month,electronic_check,fiber,1,1,56.1,False,False,False,1
55,18.48,887.3,month_to_month,electronic_check,fiber,1,0,15.9,False,False,True,0
6,45.32,321.23,month_to_month,credit_card,fiber,1,0,56.9,True,False,True,1
24,80.27,1832.07,month_to_month,credit_card,fiber,0,0,85.1,False,False,True,0
12,41.13,479.39,one_year,mailed_check,fiber,0,0,62.6,False,False,False,0
11,79.39,886.67,two_year,credit_card,fiber,1,2,15.1,True,True,False,0
12,89.94,1155.29,two_year,credit_card,none,3,1,38.7,False,False,False,0
3,58.97,153.4,two_year,mailed_check,fiber,1,1,56.8,True,False,False,1
60,48.68,2887.77,two_year,bank_transfer,none,1,0,17.0,False,True,True,0
4,59.57,213.16,month_to_month,bank_transfer,fiber,1,0,42.2,False,True,False,1
29,48.75,1316.55,month_to_month,credit_card,fiber,0,0,45.2,False,True,False,0
51,67.77,3513.18,month_to_month,electronic_check,dsl,3,0,25.7,True,True,False,0
72,72.25,5227.32,month_to_month,credit_card,none,1,0,37.0,False,False,True,0
62,63.27,3961.91,two_year,electronic_check,dsl,2,0,70.4,False,False,True,0
10,106.84,1062.14,two_year,credit_card,none,0,0,41.4,True,False,True,0
72,54.17,3882.88,one_year,mailed_check,fiber,0,1,78.9,False,False,False,0
47,100.61,4834.47,two_year,credit_card,fiber,5,0,74.5,True,False,True,1
13,47.09,704.13,one_year,electronic_check,none,3,0,80.5,False,False,True,1
32,71.6,2418.53,month_to_month,electronic_check,dsl,2,3,42.9,True,False,True,1
67,96.03,6467.54,month_to_month,mailed_check,fiber,1,1,65.3,False,False,True,1
28,94.89,2778.66,two_year,electronic_check,fiber,0,0,79.0,False,False,True,0
13,60.75,752.3,one_year,credit_card,dsl,1,1,60.1,False,True,True,0
63,82.21,5161.15,month_to_month,bank_transfer,fiber,3,0,86.5,False,True,False,0
69,79.27,5577.19,month_to_month,electronic_check,dsl,1,1,8.1,False,True,True,1
71,58.12,4202.43,one_year,bank_transfer,fiber,0,0,117.2,False,True,True,0
69,83.55,5738.81,two_year,electronic_check,fiber,0,0,52.9,False,False,True,0
63,110.97,6896.95,month_to_month,bank_transfer,fiber,0,0,65.0,False,True,True,0
33,80.38,2634.18,two_year,electronic_check,fiber,0,0,169.4,False,False,False,0
14,82.46,1092.8,month_to_month,electronic_check,dsl,1,0,84.6,False,False,True,1
45,84.79,3970.76,two_year,electronic_check,fiber,3,0,28.9,False,False,True,1
16,37.86,674.16,one_year,mailed_check,dsl,2,0,81.5,False,True,True,0
34,80.12,2655.15,one_year,credit_card,dsl,1,2,135.6,False,False,False,0
47,47.63,2144.56,two_year,bank_transfer,fiber,2,0,58.7,False,False,False,0
69,57.02,3864.33,two_year,credit_card,dsl,1,1,40.7,True,False,True,0
21,117.56,2418.47,month_to_month,bank_transfer,fiber,2,1,114.2,False,True,False,1
18,64.43,1144.74,two_year,credit_card,fiber,2,0,61.2,False,False,False,0
53,53.72,2947.47,month_to_month,credit_card,fiber,1,0,25.1,False,True,True,0
0,95.36,0.0,month_to_month,bank_transfer,dsl,0,0,37.8,False,False,True,1
41,49.15,2221.21,one_year,electronic_check,fiber,0,0,58.7,False,False,True,1
54,60.16,3163.74,month_to_month,mailed_check,dsl,1,0,11.4,False,False,False,0
40,97.48,3772.39,month_to_month,mailed_check,fiber,3,2,88.6,True,False,True,1
28,70.94,2138.27,month_to_month,electronic_check,fiber,1,1,27.2,False,False,False,0
60,35.64,2257.31,month_to_month,mailed_check,fiber,2,0,46.8,False,True,False,1
27,81.97,2196.78,month_to_month,electronic_check,fiber,1,2,89.8,True,True,True,0
51,61.28,3159.6,one_year,bank_transfer,fiber,0,0,79.7,True,False,False,0
33,103.88,3464.63,month_to_month,bank_transfer,fiber,3,0,64.4,False,False,True,1
1,56.66,68.96,one_year,electronic_check,fiber,1,0,14.6,True,False,True,1
38,93.13,3422.26,month_to_month,electronic_check,dsl,1,1,63.2,False,False,True,1
3,109.07,103.83,month_to_month,bank_transfer,fiber,1,1,28.0,True,False,True,1
67,51.28,3359.73,month_to_month,credit_card,none,1,0,32.4,False,False,False,1
43,65.75,2990.7,month_to_month,credit_card,dsl,1,1,73.7,True,False,True,0
27,78.55,2287.84,two_year,bank_transfer,dsl,2,1,22.1,False,True,False,1
35,51.14,1766.33,two_year,electronic_check,fiber,1,0,66.2,False,False,True,0
45,75.95,3331.53,month_to_month,electronic_check,fiber,1,0,109.7,True,True,False,0
18,65.05,1195.93,month_to_month,mailed_check,fiber,2,1,43.6,False,False,False,1
21,64.61,1396.32,one_year,bank_transfer,fiber,0,0,100.3,False,True,True,0
30,71.08,2186.46,month_to_month,bank_transfer,dsl,0,0,40.5,True,False,False,1
18,71.57,1060.83,month_to_month,electronic_check,none,2,0,30.6,False,False,True,1
55,73.61,4332.75,month_to_month,mailed_check,fiber,2,0,33.2,True,True,True,0
7,56.83,499.73,one_year,electronic_check,fiber,0,0,76.5,False,False,True,1
60,57.79,3449.59,month_to_month,electronic_check,dsl,3,0,42.4,False,False,True,0
25,67.39,1620.09,two_year,electronic_check,fiber,3,1,34.1,False,False,True,1
40,69.02,2849.66,month_to_month,bank_transfer,dsl,0,0,118.8,False,True,True,0
11,60.35,708.44,month_to_month,electronic_check,dsl,1,0,111.2,False,False,True,1
28,77.13,2167.93,two_year,electronic_check,dsl,0,0,44.9,False,False,False,0
55,30.08,1695.65,month_to_month,credit_card,fiber,1,1,40.8,False,False,False,1
19,53.93,1014.53,month_to_month,bank_transfer,fiber,1,0,11.3,True,True,False,1
9,63.84,610.73,month_to_month,electronic_check,dsl,0,0,38.8,False,False,True,0
38,51.17,2009.83,one_year,bank_transfer,fiber,3,0,10.8,False,False,False,1
11,105.84,1195.14,one_year,credit_card,dsl,1,0,61.0,True,False,False,0
22,70.41,1575.2,month_to_month,electronic_check,fiber,1,0,10.2,True,False,True,0
32,73.89,2489.84,month_to_month,electronic_check,fiber,1,0,44.2,False,False,True,1
41,59.37,2290.43,month_to_month,mailed_check,fiber,1,0,47.1,True,True,True,1
46,69.65,3132.09,month_to_month,bank_transfer,dsl,2,0,55.4,False,False,True,0
49,43.26,2122.13,month_to_month,electronic_check,fiber,0,1,219.3,False,False,True,1
61,66.26,3976.17,month_to_month,credit_card,fiber,1,1,10.8,False,True,False,0
4,49.39,161.92,month_to_month,electronic_check,fiber,1,1,124.0,False,False,False,1
26,63.9,1777.3,one_year,credit_card,dsl,3,0,102.1,True,False,True,0
0,18.0,0.0,one_year,bank_transfer,dsl,3,0,54.8,True,True,False,1
0,45.18,0.0,one_year,electronic_check,fiber,2,1,115.5,False,False,False,1
15,102.21,1495.05,one_year,mailed_check,fiber,0,0,114.6,False,False,True,1
43,88.27,3800.84,month_to_month,credit_card,dsl,2,0,84.6,False,False,True,1
65,99.02,6439.87,one_year,electronic_check,dsl,2,1,26.1,False,False,True,0
56,100.53,5679.72,month_to_month,electronic_check,fiber,0,1,32.0,True,True,True,0
47,84.81,4028.76,one_year,electronic_check,fiber,0,0,78.0,False,False,False,0
56,60.04,3349.75,month_to_month,bank_transfer,dsl,3,1,28.7,False,False,True,1
12,47.18,458.79,one_year,credit_card,dsl,0,0,22.8,True,False,True,0
61,95.23,5769.33,two_year,bank_transfer,fiber,0,0,64.8,False,False,True,0
64,71.42,4514.83,month_to_month,electronic_check,fiber,1,0,37.6,True,True,True,0
6,124.87,723.56,month_to_month,electronic_check,dsl,1,0,17.7,False,False,True,0
34,61.97,2169.19,two_year,credit_card,fiber,0,0,17.4,False,False,True,0
60,113.4,6840.37,month_to_month,credit_card,dsl,1,1,100.8,False,False,False,1
34,66.55,2336.86,month_to_month,electronic_check,dsl,0,0,119.4,False,False,True,0
61,99.39,6028.22,month_to_month,electronic_check,fiber,1,1,13.8,False,False,True,1
68,107.33,7434.19,month_to_month,mailed_check,fiber,0,0,74.4,False,False,False,0
34,47.5,1675.56,month_to_month,bank_transfer,fiber,0,0,119.8,False,True,False,1
4,59.33,247.42,two_year,electronic_check,dsl,1,0,54.1,False,False,True,1
24,47.27,1188.78,one_year,bank_transfer,none,1,0,7.3,True,False,False,1
15,42.94,583.28,month_to_month,credit_card,none,2,1,44.3,False,True,True,1
34,84.68,2689.33,one_year,bank_transfer,dsl,1,0,64.8,False,False,False,0
42,65.67,2703.54,two_year,mailed_check,dsl,2,0,38.0,False,False,False,0
33,71.15,2415.22,month_to_month,electronic_check,none,0,0,168.8,False,False,True,0
14,82.24,1158.58,one_year,mailed_check,fiber,1,1,49.9,False,False,True,0
21,29.14,599.62,month_to_month,electronic_check,none,1,0,101.2,False,False,True,0
49,98.31,4740.88,month_to_month,electronic_check,fiber,2,0,46.8,False,False,True,1
1,62.32,0.0,one_year,bank_transfer,dsl,1,0,109.3,False,True,True,0
15,81.71,1353.89,one_year,bank_transfer,fiber,1,0,20.4,False,False,True,1
65,83.66,5419.19,two_year,electronic_check,dsl,2,0,19.3,False,False,True,1
7,100.16,662.46,month_to_month,electronic_check,fiber,0,0,11.1,True,False,True,1
30,67.69,1970.25,month_to_month,electronic_check,fiber,2,0,2.6,False,True,False,1
15,23.28,462.11,month_to_month,electronic_check,dsl,0,1,52.8,True,True,True,1
7,71.26,578.14,month_to_month,electronic_check,none,1,0,19.0,False,False,True,1
30,74.42,2145.55,month_to_month,electronic_check,dsl,5,1,18.8,False,True,True,1
38,47.25,1900.31,month_to_month,mailed_check,fiber,0,0,54.8,False,True,True,1
12,73.24,865.82,one_year,bank_transfer,dsl,3,0,96.7,False,False,False,0
5,62.06,255.35,month_to_month,mailed_check,dsl,0,1,85.1,False,False,True,0
9,40.46,337.71,month_to_month,electronic_check,fiber,1,0,14.0,False,True,True,1
47,84.77,3913.69,month_to_month,electronic_check,none,3,1,43.4,False,False,False,1
62,57.6,3452.32,one_year,credit_card,fiber,3,0,19.7,False,True,True,0
13,61.06,863.63,month_to_month,bank_transfer,dsl,0,0,49.8,False,False,True,1
23,59.82,1356.0,month_to_month,bank_transfer,fiber,0,0,101.6,False,False,True,1
25,97.18,2485.05,month_to_month,electronic_check,none,1,0,24.7,True,True,False,1
26,69.1,1822.45,month_to_month,bank_transfer,dsl,1,2,63.7,False,True,True,1
17,71.74,1268.95,month_to_month,credit_card,fiber,1,0,95.0,False,False,True,0
4,60.31,57.1,two_year,credit_card,fiber,1,0,62.9,False,True,True,0
38,80.18,2968.83,month_to_month,credit_card,fiber,2,0,91.0,True,False,True,1
26,99.68,2642.92,month_to_month,electronic_check,fiber,1,0,53.1,True,False,True,0
24,84.25,1907.27,month_to_month,electronic_check,dsl,2,0,58.4,False,False,True,1
19,85.11,1650.67,month_to_month,mailed_check,dsl,0,1,41.1,True,False,True,0
67,83.34,5458.62,two_year,credit_card,fiber,0,0,10.8,False,False,True,0
44,39.63,1745.2,one_year,electronic_check,fiber,1,1,28.6,False,True,False,0
30,50.73,1666.8,month_to_month,electronic_check,fiber,2,0,138.3,False,True,True,1
14,65.49,986.57,one_year,electronic_check,dsl,0,0,75.6,False,False,True,1
58,54.03,2967.17,month_to_month,mailed_check,fiber,0,0,30.9,False,False,True,0
64,46.58,3057.47,month_to_month,bank_transfer,dsl,3,0,102.1,False,False,False,0
2,28.81,221.62,month_to_month,credit_card,dsl,3,2,60.0,True,True,False,1
67,40.38,2957.19,two_year,mailed_check,fiber,0,0,16.7,False,True,True,0
51,64.36,3325.12,one_year,credit_card,fiber,2,0,44.7,False,False,False,1
7,68.47,356.49,month_to_month,mailed_check,dsl,0,0,28.1,False,True,False,1
54,52.55,2876.82,one_year,credit_card,none,1,2,36.3,False,True,True,0
7,71.74,645.82,month_to_month,bank_transfer,fiber,0,0,79.3,False,False,False,1
3,60.46,164.54,month_to_month,mailed_check,fiber,4,2,7.9,False,False,False,1
8,93.99,845.8,month_to_month,credit_card,dsl,0,1,29.1,False,False,True,1
33,66.44,2116.96,month_to_month,electronic_check,fiber,1,0,21.6,True,False,False,1
45,85.32,3872.91,month_to_month,electronic_check,fiber,2,0,8.7,False,False,True,1
29,74.47,1935.57,two_year,electronic_check,fiber,1,0,26.8,False,True,True,1
8,39.15,227.67,month_to_month,electronic_check,fiber,0,0,84.9,False,False,True,1
14,68.01,951.59,month_to_month,credit_card,dsl,1,0,44.2,False,True,True,1
62,42.82,2622.14,month_to_month,credit_card,none,0,0,16.1,False,True,False,0
70,67.62,4616.34,month_to_month,electronic_check,none,2,0,99.8,False,False,False,0
55,53.61,2903.58,month_to_month,mailed_check,fiber,0,0,11.5,False,False,True,0
7,78.4,578.47,month_to_month,electronic_check,fiber,3,0,92.6,False,True,True,0
59,40.47,2379.97,month_to_month,electronic_check,fiber,3,0,46.2,False,False,True,1
50,70.32,3521.48,month_to_month,electronic_check,fiber,2,0,43.9,False,False,False,1
38,82.59,3204.3,month_to_month,mailed_check,dsl,1,0,122.8,True,False,True,0
10,89.97,868.82,one_year,credit_card,fiber,1,0,42.5,False,True,True,0
72,53.19,3952.01,two_year,electronic_check,fiber,2,1,48.4,False,True,True,0
32,70.39,2163.45,month_to_month,electronic_check,fiber,1,0,54.2,True,False,True,1
3,74.05,395.67,one_year,credit_card,fiber,0,0,101.9,False,False,True,1
15,104.04,1660.77,one_year,mailed_check,dsl,0,0,53.9,False,False,True,0
29,37.41,1052.85,one_year,credit_card,none,3,1,30.4,False,True,False,1
4,49.96,173.8,one_year,electronic_check,dsl,1,1,40.2,False,True,False,1
23,130.0,3008.61,month_to_month,credit_card,fiber,0,0,8.5,False,False,True,0
34,63.99,2229.54,two_year,electronic_check,fiber,1,2,28.8,False,False,False,1
69,28.4,2058.11,month_to_month,credit_card,dsl,1,0,85.7,False,False,True,0
6,57.18,222.43,month_to_month,credit_card,none,0,1,13.6,False,True,True,1
42,18.0,795.37,one_year,bank_transfer,dsl,1,2,65.3,False,False,False,0
66,75.3,4779.31,two_year,electronic_check,fiber,2,0,9.8,False,True,False,1
58,87.82,5077.6,month_to_month,electronic_check,dsl,3,1,50.2,False,False,False,0
67,49.94,3476.83,two_year,credit_card,fiber,2,0,67.0,False,False,False,0
12,59.64,588.1,one_year,bank_transfer,fiber,0,1,47.5,True,True,True,1
58,90.32,5094.63,one_year,credit_card,none,0,1,115.9,False,True,True,0
71,31.5,2256.37,two_year,bank_transfer,none,1,0,42.7,False,True,True,0
23,40.93,1066.26,one_year,bank_transfer,fiber,1,1,38.9,False,False,True,1
36,64.98,2368.57,month_to_month,mailed_check,dsl,0,0,49.2,False,True,False,1
38,53.45,1859.68,one_year,credit_card,fiber,3,0,70.6,True,False,True,1
36,63.53,2135.6,month_to_month,mailed_check,fiber,0,0,81.1,True,False,True,0
21,42.2,895.0,two_year,bank_transfer,dsl,1,0,70.4,False,False,True,0
70,74.71,5123.57,two_year,bank_transfer,dsl,0,0,164.7,False,True,False,0
69,66.72,4615.98,one_year,credit_card,fiber,1,0,48.5,False,True,False,1
27,82.08,2233.8,month_to_month,electronic_check,dsl,2,1,132.0,False,False,True,0
58,74.41,4271.7,month_to_month,credit_card,fiber,1,0,30.6,False,False,True,0
29,74.55,2325.28,month_to_month,bank_transfer,dsl,2,0,41.5,True,True,False,0
58,38.18,2267.58,month_to_month,mailed_check,none,0,0,67.9,True,False,False,1
42,80.84,3504.32,one_year,credit_card,dsl,2,1,25.8,False,True,True,1
34,62.72,2215.33,two_year,mailed_check,dsl,1,1,41.1,False,True,False,1
9,66.33,583.46,one_year,electronic_check,fiber,0,0,113.8,False,False,True,1
47,93.06,4356.32,month_to_month,mailed_check,dsl,1,1,88.1,False,True,True,0
23,54.17,1219.12,two_year,credit_card,none,0,0,16.9,True,False,False,1
15,99.73,1557.25,two_year,bank_transfer,fiber,0,0,73.3,False,False,False,0
14,101.78,1366.39,one_year,credit_card,fiber,1,0,39.1,True,False,False,0
71,86.56,6301.01,month_to_month,mailed_check,fiber,4,0,11.7,False,False,True,0
7,48.43,271.88,one_year,electronic_check,dsl,0,0,57.8,False,False,False,1
58,21.9,1289.5,month_to_month,credit_card,fiber,2,0,102.7,False,False,False,1
63,93.73,5884.37,month_to_month,mailed_check,dsl,1,0,141.2,False,False,True,1
2,72.45,104.33,one_year,electronic_check,fiber,3,0,14.2,False,True,True,1
43,53.61,2500.74,one_year,credit_card,none,2,2,2.9,False,False,True,1
42,95.82,3984.93,month_to_month,credit_card,fiber,1,1,91.6,False,False,True,0
26,51.05,1299.88,two_year,bank_transfer,dsl,4,0,89.0,False,True,True,1
48,60.67,2852.39,two_year,mailed_check,none,2,0,40.6,False,False,False,0
29,81.55,2368.64,one_year,electronic_check,dsl,2,0,85.1,False,False,True,1
32,45.5,1446.88,month_to_month,bank_transfer,fiber,1,1,78.0,False,False,False,0
31,67.59,1994.56,month_to_month,credit_card,none,0,0,38.5,False,False,False,0
58,93.96,5411.49,one_year,bank_transfer,fiber,5,2,29.9,False,False,False,1
46,74.64,3488.31,two_year,electronic_check,dsl,0,0,41.4,False,True,True,0
27,97.44,2723.31,month_to_month,electronic_check,fiber,2,0,17.3,True,False,False,1
67,94.94,6363.14,month_to_month,credit_card,fiber,2,1,31.8,False,True,False,0
58,70.17,4075.17,month_to_month,electronic_check,dsl,1,0,35.7,False,True,False,0
68,18.59,1231.63,month_to_month,bank_transfer,dsl,1,2,74.9,False,False,False,0
53,45.67,2375.29,one_year,electronic_check,none,2,1,17.8,True,True,True,1
28,86.79,2347.36,month_to_month,mailed_check,dsl,3,0,29.0,False,True,True,1
56,35.89,1869.74,month_to_month,mailed_check,fiber,0,0,61.2,False,False,False,0
24,62.81,1444.22,month_to_month,bank_transfer,dsl,2,0,34.9,False,True,True,0
19,77.45,1552.91,two_year,mailed_check,fiber,2,1,16.1,False,False,False,1
32,102.33,3236.36,month_to_month,mailed_check,fiber,1,0,48.7,False,False,False,0
70,57.35,3983.36,month_to_month,bank_transfer,fiber,1,1,48.5,False,True,False,1
41,55.84,2256.55,one_year,bank_transfer,fiber,1,1,120.4,False,False,True,0
28,68.85,2039.82,two_year,credit_card,fiber,2,2,9.2,False,True,True,1
33,77.72,2481.21,month_to_month,bank_transfer,fiber,2,1,92.7,False,False,False,1
21,66.61,1423.74,month_to_month,bank_transfer,fiber,1,0,21.7,True,False,True,1
48,93.08,4461.68,one_year,credit_card,dsl,2,0,117.8,False,False,True,0
25,52.42,1316.61,month_to_month,credit_card,fiber,1,0,69.7,False,False,True,0
40,72.64,2927.59,two_year,electronic_check,none,0,1,153.9,False,False,False,0
26,79.79,2079.68,one_year,bank_transfer,none,2,2,43.3,True,False,True,1
23,61.19,1478.74,month_to_month,mailed_check,none,1,0,4.6,False,False,True,1
70,88.47,6190.27,two_year,electronic_check,fiber,1,0,63.6,True,False,True,0
25,73.28,1988.99,one_year,electronic_check,fiber,1,0,28.8,False,True,True,0
5,87.35,440.75,month_to_month,mailed_check,fiber,0,0,60.2,False,False,True,1
27,74.27,1851.98,month_to_month,electronic_check,fiber,1,0,22.9,False,True,False,1
38,78.28,3032.09,one_year,bank_transfer,fiber,0,0,45.9,False,True,True,0
6,56.09,371.83,two_year,credit_card,fiber,1,0,52.5,False,False,True,1
22,56.12,1237.57,month_to_month,credit_card,dsl,1,2,68.0,False,False,True,0
12,96.94,1139.92,month_to_month,electronic_check,dsl,1,1,46.0,False,False,False,1
36,83.98,2832.96,two_year,electronic_check,fiber,2,1,14.9,True,False,True,0
52,47.49,2294.26,month_to_month,credit_card,fiber,3,0,95.5,False,True,False,1
70,73.98,5326.88,month_to_month,credit_card,dsl,1,0,14.3,False,False,False,0
28,18.0,451.3,month_to_month,bank_transfer,dsl,1,0,11.1,False,False,True,0
63,57.37,3701.22,one_year,mailed_check,dsl,1,0,33.1,False,False,True,0
15,91.14,1222.83,one_year,bank_transfer,dsl,2,0,20.1,False,True,True,1
56,67.25,3671.78,month_to_month,credit_card,dsl,0,0,63.1,True,False,False,1
41,72.59,3037.27,month_to_month,credit_card,fiber,1,1,42.7,False,False,False,0
55,18.0,980.77,one_year,electronic_check,fiber,2,1,88.5,False,True,True,0
55,61.37,3423.74,one_year,bank_transfer,fiber,1,1,66.6,False,True,True,1
38,77.44,2941.49,month_to_month,credit_card,fiber,1,1,67.1,False,False,True,1
18,80.24,1425.63,month_to_month,mailed_check,none,1,0,27.6,False,True,True,0
38,91.17,3403.26,one_year,bank_transfer,dsl,1,0,24.4,False,False,True,0
60,65.37,3814.74,month_to_month,electronic_check,dsl,0,2,4.9,False,False,True,0
70,66.36,4771.44,month_to_month,credit_card,fiber,0,0,76.3,True,True,True,0
67,40.69,2867.29,two_year,bank_transfer,dsl,0,2,90.7,True,False,False,0
13,65.5,758.02,two_year,mailed_check,fiber,1,0,64.4,False,True,False,1
43,42.25,1717.38,month_to_month,electronic_check,fiber,2,1,10.8,False,False,True,1
7,29.35,174.15,two_year,bank_transfer,dsl,2,0,34.5,False,False,True,0
48,46.13,2244.88,one_year,electronic_check,fiber,2,2,18.4,False,False,True,1
72,103.19,7413.32,two_year,mailed_check,fiber,3,0,50.2,False,True,True,0
3,64.05,237.11,two_year,credit_card,fiber,3,0,11.2,False,False,True,0
47,74.84,3513.05,one_year,bank_transfer,fiber,4,0,64.7,False,False,True,1
69,58.7,4039.98,month_to_month,credit_card,fiber,1,1,87.6,False,False,True,1
61,30.61,2084.39,month_to_month,mailed_check,dsl,3,0,14.9,False,True,True,0
28,90.59,2489.25,month_to_month,bank_transfer,fiber,2,0,26.5,False,False,False,1
7,22.21,303.07,month_to_month,electronic_check,fiber,2,0,3.4,True,True,False,1
67,57.79,4002.15,one_year,credit_card,fiber,1,0,40.7,True,False,True,0
67,68.8,4654.97,month_to_month,electronic_check,fiber,1,1,53.5,False,False,True,0
42,75.07,2979.59,two_year,bank_transfer,dsl,1,1,73.6,False,False,False,0
71,54.02,3838.22,two_year,bank_transfer,dsl,2,1,31.0,False,False,False,0
0,29.56,0.0,month_to_month,credit_card,dsl,3,2,52.2,False,False,True,1
45,52.38,2358.91,one_year,electronic_check,dsl,1,0,28.0,False,False,True,0
2,53.53,11.39,two_year,mailed_check,dsl,1,1,54.1,False,False,True,0
68,52.99,3671.38,one_year,mailed_check,fiber,3,0,20.6,False,False,True,0
49,91.34,4564.31,two_year,credit_card,dsl,2,0,46.6,False,True,False,0
66,43.3,2963.1,month_to_month,bank_transfer,fiber,1,0,54.4,False,True,True,0
41,76.62,3107.02,month_to_month,electronic_check,fiber,1,0,56.6,True,False,False,1
6,73.48,345.53,month_to_month,electronic_check,dsl,0,1,32.1,True,False,True,1
1,91.13,122.78,month_to_month,mailed_check,dsl,2,0,95.5,False,False,False,1
24,67.07,1767.73,month_to_month,bank_transfer,fiber,1,0,20.6,False,True,True,0
54,87.4,4725.85,one_year,electronic_check,none,1,1,17.7,False,False,True,0
11,66.21,769.02,one_year,credit_card,dsl,1,1,30.8,False,False,True,1
62,79.56,4911.58,month_to_month,credit_card,dsl,0,3,30.7,True,False,False,0
17,36.94,582.67,month_to_month,electronic_check,dsl,0,0,12.4,False,False,True,1
36,18.0,707.24,month_to_month,mailed_check,dsl,1,2,31.2,True,True,False,1
14,78.31,1086.79,month_to_month,electronic_check,none,0,1,109.5,True,True,True,1
34,79.49,2738.98,month_to_month,electronic_check,dsl,1,0,5.7,False,False,True,1
33,80.46,2700.86,month_to_month,bank_transfer,fiber,0,0,5.2,False,True,True,0
0,58.45,31.28,two_year,electronic_check,dsl,2,1,43.0,False,False,True,0
41,102.77,4263.78,two_year,credit_card,fiber,1,0,18.4,False,True,True,0
57,59.88,3336.39,month_to_month,bank_transfer,dsl,1,1,46.1,False,True,True,0
68,79.26,5307.42,one_year,electronic_check,none,0,1,75.9,False,False,False,0
24,83.08,1990.08,two_year,credit_card,none,0,1,79.9,True,True,True,0
64,107.81,6898.17,month_to_month,credit_card,fiber,0,0,58.1,True,True,False,1
64,63.03,3986.91,month_to_month,mailed_check,fiber,2,2,35.4,False,True,True,1
72,55.63,4027.05,month_to_month,mailed_check,fiber,1,1,35.7,False,False,True,0
27,37.04,1081.82,month_to_month,electronic_check,fiber,2,0,12.4,True,False,True,1
62,104.15,6564.18,month_to_month,credit_card,none,1,0,36.7,False,False,True,0
41,79.27,3377.17,one_year,bank_transfer,fiber,2,1,44.2,True,False,True,1
4,79.97,201.55,month_to_month,electronic_check,dsl,1,0,2.9,False,True,True,1
19,130.0,2365.33,month_to_month,electronic_check,fiber,1,0,25.6,False,False,True,1
49,77.15,3754.28,month_to_month,credit_card,dsl,2,0,74.8,False,False,False,0
11,41.35,462.08,month_to_month,credit_card,none,1,1,23.9,True,False,True,1
31,65.69,2014.93,month_to_month,mailed_check,dsl,2,2,16.2,True,True,True,1
56,48.55,2669.06,month_to_month,electronic_check,dsl,0,2,143.5,False,True,False,0
10,61.29,585.5,month_to_month,electronic_check,fiber,0,0,68.5,False,False,True,1
36,61.14,2244.54,month_to_month,mailed_check,fiber,3,0,31.0,False,True,True,0
15,57.09,736.68,one_year,mailed_check,dsl,2,1,27.8,False,False,False,1
39,39.35,1745.55,month_to_month,credit_card,fiber,2,1,104.0,False,True,True,0
17,105.04,1787.57,one_year,bank_transfer,dsl,2,0,115.4,False,True,False,0
70,76.57,5454.48,two_year,bank_transfer,fiber,0,0,63.7,False,False,True,0
5,65.04,273.0,month_to_month,electronic_check,fiber,1,0,50.4,False,False,True,1
70,86.67,6118.59,month_to_month,bank_transfer,dsl,1,0,18.5,False,False,True,0
57,80.36,4589.53,one_year,bank_transfer,dsl,2,0,15.6,False,False,True,0
62,76.07,4793.45,month_to_month,electronic_check,none,1,0,73.4,False,True,True,1
62,85.07,5256.46,two_year,mailed_check,fiber,5,0,35.6,True,True,True,1
13,72.95,1087.99,one_year,mailed_check,fiber,0,0,77.2,False,False,True,0
67,84.74,5543.29,month_to_month,credit_card,fiber,0,0,50.8,False,False,False,0
43,86.57,3807.95,month_to_month,electronic_check,none,0,0,61.6,False,False,False,1
70,73.58,5161.28,one_year,mailed_check,dsl,1,0,51.9,False,False,False,0
64,65.15,4077.95,one_year,credit_card,none,1,1,80.8,False,False,False,0
42,103.67,4529.83,month_to_month,electronic_check,none,1,1,54.3,False,False,True,0
27,59.49,1772.61,one_year,bank_transfer,fiber,1,0,11.0,False,True,True,0
8,78.61,442.23,month_to_month,bank_transfer,fiber,1,0,68.8,True,False,True,0
7,79.11,569.68,two_year,electronic_check,fiber,1,0,27.4,False,True,True,0
28,56.59,1648.03,two_year,electronic_check,dsl,1,0,100.8,True,False,False,1
59,52.23,3121.32,month_to_month,mailed_check,none,1,0,49.3,False,False,False,0
36,62.22,2376.32,month_to_month,mailed_check,fiber,0,0,102.5,False,False,False,1
35,59.17,2188.64,month_to_month,credit_card,dsl,3,0,92.0,False,False,True,1
17,37.92,668.51,two_year,electronic_check,fiber,1,1,66.3,False,True,True,1
41,55.67,2487.41,month_to_month,electronic_check,dsl,2,2,58.1,False,False,True,1
46,75.86,3573.88,month_to_month,credit_card,fiber,1,0,27.5,False,False,True,1
71,97.85,6915.72,one_year,electronic_check,dsl,0,0,80.2,False,False,False,0
53,82.2,4306.89,month_to_month,bank_transfer,dsl,1,3,27.7,False,False,False,0
44,18.0,903.9,month_to_month,electronic_check,fiber,2,0,44.5,False,False,True,0
66,84.11,5479.89,one_year,bank_transfer,none,5,0,45.6,False,False,True,0
31,57.72,1752.44,month_to_month,bank_transfer,dsl,1,0,46.3,True,False,False,1
68,79.97,5416.4,one_year,bank_transfer,fiber,1,0,19.6,False,False,False,0
27,69.69,1913.64,month_to_month,electronic_check,fiber,0,0,21.9,False,False,True,1
9,65.76,574.43,month_to_month,bank_transfer,fiber,1,0,9.8,False,False,True,1
30,67.75,1913.97,month_to_month,credit_card,fiber,3,0,71.2,False,True,True,1
9,69.51,730.18,month_to_month,credit_card,fiber,0,0,21.3,False,True,True,1
8,99.58,760.24,two_year,bank_transfer,fiber,1,0,25.1,False,False,True,1
64,69.57,4634.27,month_to_month,bank_transfer,none,2,0,34.6,False,False,False,0
58,93.88,5472.4,month_to_month,bank_transfer,none,0,0,19.0,False,True,True,0
16,90.68,1564.93,two_year,electronic_check,fiber,1,0,84.9,True,False,True,0
61,84.68,5222.26,month_to_month,bank_transfer,dsl,0,0,147.9,False,False,True,0
5,30.69,271.81,two_year,electronic_check,fiber,0,0,4.8,False,False,False,0
20,94.57,1942.73,month_to_month,bank_transfer,dsl,2,1,60.0,False,False,True,0
51,59.93,3077.6,month_to_month,credit_card,fiber,3,1,13.3,False,False,False,1
22,85.75,1984.89,month_to_month,bank_transfer,fiber,0,1,51.6,False,False,True,0
53,48.6,2799.54,month_to_month,mailed_check,fiber,3,0,70.6,False,True,True,0
63,43.93,2743.31,two_year,electronic_check,dsl,0,0,7.0,True,True,True,0
4,113.48,525.46,two_year,mailed_check,fiber,1,0,68.5,False,False,False,1
1,48.95,48.48,one_year,bank_transfer,dsl,1,1,119.6,False,False,False,1
68,95.21,6519.83,month_to_month,credit_card,fiber,3,0,93.2,False,True,True,1
37,72.61,2690.36,month_to_month,credit_card,dsl,4,0,9.8,False,False,True,1
36,60.76,1993.16,month_to_month,electronic_check,fiber,0,0,134.3,False,False,True,0
33,69.01,2259.31,month_to_month,electronic_check,fiber,0,0,144.1,False,False,False,1
31,41.38,1372.74,month_to_month,electronic_check,fiber,2,0,34.8,False,False,False,0
50,69.7,3416.13,month_to_month,bank_transfer,fiber,0,0,10.4,False,False,True,0
42,46.18,2022.45,month_to_month,electronic_check,dsl,2,1,70.4,False,True,True,1
11,61.3,690.82,one_year,credit_card,dsl,2,3,57.1,True,False,False,0
45,90.36,4048.97,month_to_month,mailed_check,dsl,2,0,92.3,False,False,True,1
48,75.59,3709.84,month_to_month,bank_transfer,fiber,4,1,28.9,False,True,True,0
8,37.39,360.41,month_to_month,electronic_check,fiber,2,0,53.0,False,False,True,0
27,88.73,2433.56,one_year,bank_transfer,dsl,1,1,58.3,True,False,True,1
57,69.84,4072.31,one_year,electronic_check,fiber,1,1,44.2,False,False,True,1
45,58.07,2631.43,month_to_month,bank_transfer,fiber,2,0,31.1,False,False,True,0
9,86.43,629.85,two_year,electronic_check,fiber,1,0,81.8,False,True,True,0
2,66.32,98.61,one_year,electronic_check,none,1,0,14.0,False,False,True,0
42,44.36,1700.72,month_to_month,mailed_check,fiber,0,1,42.5,False,False,False,0
33,110.65,3710.61,month_to_month,electronic_check,fiber,3,0,32.1,False,False,True,1
70,69.62,4954.06,two_year,electronic_check,fiber,0,0,99.2,False,False,False,0
38,68.21,2676.73,month_to_month,electronic_check,none,1,2,28.3,False,False,False,1
67,61.09,4137.05,month_to_month,credit_card,fiber,0,1,15.7,True,False,False,0
15,95.96,1526.51,month_to_month,bank_transfer,fiber,2,0,94.2,False,False,True,1
32,58.45,1728.51,month_to_month,electronic_check,none,1,0,56.5,False,False,False,0
10,36.01,350.42,one_year,electronic_check,dsl,0,0,102.0,False,False,False,0
41,55.07,2130.53,one_year,mailed_check,dsl,0,0,78.7,False,False,True,0
13,99.19,1257.22,two_year,electronic_check,fiber,1,0,34.2,False,False,True,0
35,88.31,3236.31,one_year,electronic_check,fiber,1,0,41.1,False,False,True,1
25,64.39,1708.14,one_year,electronic_check,none,1,0,181.4,False,False,False,1
13,100.21,1362.34,month_to_month,mailed_check,dsl,0,1,46.1,False,False,True,1
7,86.45,588.8,two_year,credit_card,fiber,2,0,180.0,False,False,True,0
37,64.14,2283.76,month_to_month,bank_transfer,fiber,2,0,56.4,False,False,True,1
69,66.35,4594.98,month_to_month,bank_transfer,fiber,1,1,24.3,True,False,False,1
14,77.24,1181.32,two_year,credit_card,dsl,1,1,35.7,False,False,True,1
29,51.7,1536.19,two_year,bank_transfer,dsl,2,0,22.1,True,True,False,0
16,70.1,978.89,month_to_month,mailed_check,fiber,1,1,62.4,False,False,True,1
59,76.79,4540.02,month_to_month,bank_transfer,dsl,0,0,56.7,False,False,True,0
30,32.89,814.5,month_to_month,bank_transfer,dsl,3,1,36.8,False,True,True,0
71,65.83,4746.31,one_year,electronic_check,dsl,0,2,24.9,True,True,True,0
17,63.33,1014.24,month_to_month,credit_card,fiber,1,2,41.4,False,False,False,1
5,92.62,353.02,month_to_month,credit_card,none,1,0,166.7,False,False,True,1
42,29.42,1309.25,month_to_month,electronic_check,fiber,0,0,9.3,True,False,True,1
47,61.61,2946.01,two_year,electronic_check,dsl,1,0,105.1,False,False,False,0
72,59.4,4297.72,two_year,electronic_check,fiber,0,0,101.0,True,False,True,0
63,91.12,5937.81,two_year,electronic_check,dsl,1,2,36.5,True,False,False,0
64,69.04,4475.71,one_year,bank_transfer,dsl,1,0,28.4,False,False,False,0
46,109.51,4979.41,month_to_month,electronic_check,fiber,2,0,49.6,False,False,False,1
26,84.57,2245.55,month_to_month,credit_card,dsl,0,0,26.3,False,False,True,0
31,60.98,1864.63,month_to_month,electronic_check,dsl,1,0,29.4,False,False,True,1
9,75.27,791.44,month_to_month,credit_card,fiber,1,0,43.8,False,False,False,0
31,62.21,1953.8,one_year,electronic_check,fiber,2,0,38.9,False,False,True,0
26,88.91,2345.85,month_to_month,electronic_check,fiber,2,0,72.5,False,False,False,1
2,40.69,0.0,two_year,credit_card,none,2,0,28.2,False,True,False,0
14,51.88,731.84,month_to_month,electronic_check,fiber,3,0,3.6,False,False,True,1
39,80.03,3116.11,month_to_month,credit_card,fiber,1,0,80.0,False,False,True,1
26,96.97,2429.04,one_year,bank_transfer,fiber,2,0,64.6,False,False,True,1
72,21.56,1532.38,one_year,mailed_check,dsl,1,0,26.9,False,True,False,0
34,100.24,3447.38,month_to_month,bank_transfer,dsl,1,1,119.0,False,False,True,0
69,66.92,4617.09,one_year,credit_card,dsl,1,0,106.6,True,False,True,0
48,28.55,1243.31,one_year,credit_card,dsl,1,0,17.0,False,True,True,0
2,18.0,11.41,month_to_month,credit_card,dsl,1,1,103.0,False,True,True,1
14,36.35,466.78,month_to_month,credit_card,none,2,1,14.6,False,False,False,1
51,69.57,3565.49,two_year,credit_card,dsl,0,1,62.1,False,True,True,0
39,68.55,2681.15,month_to_month,credit_card,dsl,2,1,72.2,False,False,True,1
22,83.93,1809.41,month_to_month,bank_transfer,dsl,3,1,22.0,False,True,False,1
38,57.91,2160.02,month_to_month,credit_card,fiber,1,0,90.0,False,True,True,1
65,45.62,2971.35,month_to_month,electronic_check,dsl,0,0,93.4,False,False,True,0
28,60.91,1792.15,two_year,bank_transfer,dsl,1,0,7.4,False,True,False,0
3,70.74,237.3,month_to_month,bank_transfer,none,0,0,38.0,False,False,True,1
22,75.08,1779.84,two_year,bank_transfer,none,1,0,15.2,True,True,True,0
68,52.64,3681.51,two_year,electronic_check,dsl,1,0,52.1,False,False,True,0
55,89.83,5075.35,month_to_month,bank_transfer,dsl,0,1,70.6,False,False,True,1
61,56.33,3559.31,one_year,mailed_check,fiber,3,1,100.3,False,False,True,0
66,50.87,3498.09,two_year,electronic_check,dsl,1,1,126.5,False,False,False,0
8,58.07,360.78,two_year,credit_card,dsl,1,0,83.2,False,False,True,0
20,93.65,1931.27,one_year,electronic_check,none,3,0,41.5,True,False,True,0
4,67.08,377.97,month_to_month,bank_transfer,dsl,1,0,65.4,False,False,True,1
0,54.72,125.91,month_to_month,electronic_check,dsl,1,0,103.8,False,True,True,1
60,90.37,5352.84,month_to_month,bank_transfer,fiber,0,0,40.6,True,False,False,0
68,117.14,8024.68,one_year,electronic_check,dsl,1,0,60.3,True,True,False,0
11,74.61,827.48,month_to_month,electronic_check,fiber,3,0,23.2,False,True,False,1
52,97.14,5217.52,one_year,electronic_check,dsl,1,0,93.1,False,False,True,1
39,92.79,3493.95,one_year,electronic_check,fiber,0,0,50.3,False,True,True,0
5,56.68,214.16,month_to_month,bank_transfer,fiber,5,3,8.3,False,False,False,1
66,70.59,4495.98,two_year,electronic_check,dsl,1,0,11.9,False,False,True,0
63,41.78,2645.16,month_to_month,electronic_check,dsl,0,1,29.0,False,True,False,0
41,65.49,2888.84,month_to_month,mailed_check,fiber,0,1,28.8,False,False,True,1
51,56.22,2863.23,two_year,credit_card,dsl,0,1,7.7,False,False,False,0
28,61.14,1721.01,month_to_month,credit_card,fiber,1,1,37.8,False,False,True,0
57,53.5,3099.02,month_to_month,electronic_check,fiber,0,1,96.5,False,True,True,0
32,63.68,2027.29,two_year,mailed_check,fiber,0,1,15.7,False,False,True,1
72,81.71,5916.06,two_year,credit_card,fiber,3,0,45.2,True,False,True,0
4,67.37,304.78,two_year,electronic_check,dsl,1,0,55.5,False,True,True,1
12,28.98,271.66,month_to_month,bank_transfer,dsl,2,0,85.3,False,False,False,1
70,53.59,3742.84,month_to_month,credit_card,dsl,0,2,33.0,True,False,True,0
21,36.57,834.74,month_to_month,electronic_check,dsl,0,0,36.1,False,True,False,0
22,75.37,1741.71,month_to_month,credit_card,fiber,0,0,88.6,False,True,False,1
57,81.07,4737.86,two_year,credit_card,dsl,1,1,46.3,False,True,False,0
13,75.64,1013.51,month_to_month,bank_transfer,dsl,0,0,11.0,False,True,True,1
37,52.68,1981.18,one_year,electronic_check,dsl,2,2,40.7,False,False,True,1
20,75.43,1576.12,month_to_month,bank_transfer,fiber,0,0,70.4,False,False,False,1
14,59.66,781.71,month_to_month,electronic_check,fiber,0,0,16.5,False,False,False,1
70,44.96,3089.98,month_to_month,bank_transfer,fiber,0,2,9.5,False,True,True,0
14,86.32,1197.25,month_to_month,electronic_check,fiber,0,0,24.7,False,False,True,0
6,88.0,413.25,month_to_month,credit_card,dsl,2,1,50.9,False,False,True,0
49,90.88,4489.74,two_year,credit_card,fiber,0,0,78.7,False,False,True,0
63,56.62,3661.48,one_year,bank_transfer,dsl,0,1,32.2,False,False,False,0
9,95.95,799.65,one_year,bank_transfer,dsl,0,1,88.6,False,False,False,0
51,59.14,3055.3,month_to_month,credit_card,fiber,2,0,43.6,False,False,True,1
39,84.38,3234.2,one_year,mailed_check,dsl,0,1,65.5,False,True,True,0
60,58.76,3434.11,one_year,mailed_check,fiber,0,0,84.1,False,False,True,0
9,65.07,770.63,month_to_month,mailed_check,none,0,0,27.0,False,False,False,0
71,18.0,1187.8,one_year,electronic_check,fiber,2,0,35.4,False,False,True,0
45,63.36,2736.06,two_year,electronic_check,dsl,0,0,61.4,False,True,True,0
61,72.0,4411.32,two_year,bank_transfer,fiber,2,0,33.3,False,True,True,1
26,60.98,1609.65,two_year,electronic_check,fiber,2,0,43.8,False,False,True,0
68,108.64,7447.57,month_to_month,bank_transfer,dsl,2,0,17.2,False,False,True,0
45,44.43,2179.46,month_to_month,electronic_check,fiber,2,0,65.8,False,False,False,1
9,57.6,448.46,month_to_month,bank_transfer,fiber,1,0,52.5,False,False,True,1
67,50.09,3303.97,month_to_month,electronic_check,fiber,0,0,41.8,False,False,True,0
58,57.6,3485.59,month_to_month,mailed_check,dsl,2,0,20.6,False,False,True,0
21,92.69,2031.01,month_to_month,bank_transfer,dsl,1,1,82.4,True,True,True,1
39,102.52,4070.29,one_year,electronic_check,fiber,0,0,20.1,False,False,False,0
28,54.58,1475.15,month_to_month,credit_card,fiber,2,1,102.8,False,True,True,0
39,54.09,2210.84,one_year,credit_card,none,2,0,12.4,False,False,True,0
70,44.54,3190.09,two_year,mailed_check,fiber,3,0,9.3,False,False,False,1
65,98.74,6435.16,month_to_month,credit_card,dsl,0,0,55.2,False,True,False,0
15,94.66,1367.26,month_to_month,credit_card,fiber,3,1,15.4,False,True,False,1
70,67.67,4746.5,one_year,electronic_check,fiber,4,0,36.0,False,False,True,0
31,39.29,1366.35,month_to_month,bank_transfer,fiber,3,1,73.7,False,False,True,1
51,41.25,2005.29,month_to_month,electronic_check,none,0,0,14.4,False,False,False,0
55,73.75,3984.27,two_year,mailed_check,dsl,1,0,58.4,True,True,True,1
35,82.09,2816.65,month_to_month,credit_card,fiber,2,1,62.1,True,False,True,1
33,24.54,772.85,one_year,bank_transfer,dsl,0,0,56.4,False,False,True,0
33,62.93,2075.27,two_year,bank_transfer,fiber,0,0,22.5,False,True,False,0
62,105.6,6633.47,month_to_month,electronic_check,none,0,0,15.0,False,True,False,0
28,65.21,1867.41,one_year,electronic_check,fiber,0,1,7.5,True,False,True,1
20,102.77,2060.88,month_to_month,electronic_check,none,3,0,64.3,False,False,False,1
26,84.28,2216.21,month_to_month,electronic_check,dsl,1,0,40.1,True,True,True,1
14,46.15,702.26,month_to_month,electronic_check,fiber,1,0,86.5,False,True,False,0
28,63.56,1628.33,one_year,bank_transfer,none,2,0,18.3,False,False,False,1
8,67.17,633.8,one_year,credit_card,none,3,0,21.6,True,False,True,1
6,49.04,219.86,two_year,credit_card,dsl,1,0,20.4,True,True,True,1
52,48.66,2490.4,one_year,credit_card,fiber,0,2,34.5,False,False,False,1
5,103.15,546.39,month_to_month,electronic_check,dsl,2,0,14.4,True,False,False,1
41,48.5,1981.71,two_year,credit_card,fiber,1,0,24.4,False,False,False,1
56,93.73,5292.7,month_to_month,electronic_check,none,1,0,39.6,True,True,True,1
52,60.4,3153.56,one_year,mailed_check,fiber,2,1,47.0,False,False,False,1
32,69.44,2196.04,month_to_month,bank_transfer,dsl,1,1,43.1,False,False,True,1
14,82.36,1290.63,one_year,electronic_check,dsl,0,0,13.9,False,True,False,0
67,56.83,3871.34,two_year,bank_transfer,none,2,0,44.2,False,False,True,0
60,82.49,4976.59,month_to_month,credit_card,dsl,0,1,31.3,False,True,True,0
44,24.98,1161.45,month_to_month,electronic_check,dsl,0,0,73.4,False,False,False,1
6,79.67,414.54,month_to_month,electronic_check,dsl,1,1,90.1,True,False,True,1
2,18.0,231.73,month_to_month,electronic_check,dsl,1,1,86.6,False,True,True,1
23,65.01,1397.34,month_to_month,bank_transfer,fiber,0,1,33.0,True,False,True,1
11,88.79,986.88,one_year,bank_transfer,none,3,1,32.7,False,True,True,1
62,83.69,5163.0,month_to_month,credit_card,fiber,0,0,57.0,True,False,True,1
15,41.43,592.25,month_to_month,electronic_check,dsl,0,0,19.3,False,False,True,1
20,44.27,844.52,one_year,electronic_check,fiber,1,0,50.4,False,True,False,1
71,54.85,3824.9,one_year,credit_card,fiber,1,0,42.9,True,False,False,0
59,74.1,4478.85,month_to_month,electronic_check,fiber,0,0,89.6,False,True,True,0
15,25.3,271.08,two_year,credit_card,none,1,0,38.8,True,False,False,1
27,69.71,1970.69,two_year,electronic_check,fiber,0,0,48.6,False,False,True,1
37,76.85,2901.82,two_year,electronic_check,dsl,2,1,77.1,False,False,False,0
48,63.77,3026.68,month_to_month,credit_card,fiber,1,1,39.2,True,False,True,0
68,81.56,5594.01,month_to_month,electronic_check,dsl,1,2,23.3,False,False,True,0
63,74.92,4705.75,month_to_month,bank_transfer,dsl,2,0,57.5,False,False,True,1
71,58.08,4024.59,two_year,bank_transfer,fiber,1,0,17.2,False,True,True,0
2,27.4,0.0,two_year,bank_transfer,dsl,2,1,46.2,False,False,False,1
17,72.94,1298.97,one_year,mailed_check,dsl,0,0,24.6,True,False,True,0
41,49.03,2064.55,month_to_month,bank_transfer,dsl,1,0,9.7,False,False,False,0
3,57.28,193.62,month_to_month,bank_transfer,dsl,2,1,54.9,False,False,False,0
25,80.54,1978.26,one_year,bank_transfer,fiber,3,1,43.5,False,True,False,0
11,101.18,1095.84,month_to_month,bank_transfer,dsl,0,1,94.9,False,False,True,0
68,69.16,4673.58,month_to_month,credit_card,dsl,1,1,11.7,False,True,False,0
4,82.19,171.54,one_year,credit_card,dsl,2,1,21.2,False,True,True,0
10,38.22,387.71,one_year,electronic_check,dsl,0,1,84.2,False,False,True,1
14,75.4,1102.62,month_to_month,credit_card,dsl,1,1,91.3,False,True,True,1
10,68.68,692.88,one_year,credit_card,dsl,0,0,63.2,True,False,True,0
41,97.04,4137.86,month_to_month,mailed_check,dsl,3,1,36.6,True,True,False,1
26,58.11,1420.45,month_to_month,credit_card,dsl,0,0,74.1,False,False,True,0
66,64.68,4209.38,month_to_month,electronic_check,fiber,0,0,31.2,True,True,True,0
19,93.29,1784.48,month_to_month,credit_card,dsl,1,0,3.3,True,True,False,0
39,67.98,2673.16,month_to_month,bank_transfer,dsl,1,1,89.3,False,False,False,0
48,45.61,2018.17,month_to_month,bank_transfer,dsl,0,1,29.4,False,False,True,1
45,126.14,5730.54,month_to_month,bank_transfer,fiber,3,0,160.2,False,True,True,0
58,46.27,2706.01,month_to_month,electronic_check,fiber,0,1,15.3,False,False,True,1
14,68.58,769.37,month_to_month,mailed_check,dsl,2,1,86.7,True,False,True,1
37,77.63,2861.81,one_year,mailed_check,fiber,2,0,46.7,False,False,False,1
58,75.89,4328.85,month_to_month,mailed_check,fiber,1,0,78.7,False,False,True,0
63,65.83,4106.49,month_to_month,bank_transfer,dsl,1,0,23.0,False,False,True,1
45,65.94,2846.87,month_to_month,electronic_check,fiber,1,0,143.7,False,True,True,1
47,64.83,3084.47,month_to_month,mailed_check,dsl,2,0,124.9,True,True,True,1
63,45.45,3021.91,one_year,electronic_check,fiber,1,0,30.1,False,False,True,1
45,117.3,5302.35,two_year,electronic_check,fiber,0,0,32.5,False,False,False,0
69,65.16,4301.7,month_to_month,bank_transfer,none,1,1,48.4,False,False,True,0
9,83.13,773.87,month_to_month,credit_card,dsl,2,1,19.7,True,True,True,1
25,62.64,1548.48,month_to_month,bank_transfer,none,3,1,22.5,False,False,True,1
8,62.2,398.51,month_to_month,bank_transfer,dsl,0,1,80.9,False,False,False,0
6,59.98,391.71,two_year,electronic_check,dsl,0,0,3.3,False,False,False,0
34,35.9,1299.78,one_year,bank_transfer,fiber,0,0,20.3,False,True,True,1
16,66.47,1003.36,one_year,mailed_check,fiber,0,0,109.7,True,True,True,0
29,61.05,1622.51,two_year,mailed_check,fiber,1,2,99.0,False,True,True,1
31,95.77,2787.82,one_year,electronic_check,fiber,1,0,37.5,False,True,True,1
45,43.67,1905.24,month_to_month,electronic_check,none,1,0,8.2,False,False,False,0
69,57.3,3939.7,one_year,electronic_check,dsl,2,0,94.3,False,False,False,0
62,50.23,3067.82,one_year,bank_transfer,dsl,0,1,27.3,True,True,True,0
27,101.74,2685.48,month_to_month,bank_transfer,dsl,3,0,70.6,False,False,False,1
23,50.87,1221.12,one_year,credit_card,fiber,1,0,58.1,True,False,True,1
56,82.37,4654.37,month_to_month,electronic_check,none,0,0,70.5,True,True,False,0
9,91.34,840.02,month_to_month,bank_transfer,dsl,2,0,63.4,False,False,True,0
39,66.79,2678.29,one_year,bank_transfer,fiber,0,0,66.4,False,False,False,0
30,39.71,1132.23,month_to_month,credit_card,fiber,1,0,47.7,True,False,True,1
13,39.99,421.36,month_to_month,electronic_check,fiber,1,2,65.8,False,False,True,1
45,88.91,3953.94,month_to_month,credit_card,dsl,1,0,58.7,False,True,False,0
23,42.27,918.99,one_year,mailed_check,dsl,0,0,34.3,False,True,True,0
13,78.62,837.44,two_year,credit_card,none,1,1,2.2,False,False,False,0
47,72.52,3359.34,one_year,bank_transfer,none,2,0,19.0,False,False,True,0
12,78.3,1039.04,one_year,electronic_check,fiber,1,0,7.6,False,True,True,0
49,80.37,4010.21,month_to_month,electronic_check,fiber,1,0,59.3,False,False,True,1
11,49.46,591.33,one_year,electronic_check,none,1,0,25.3,True,True,False,1
31,48.54,1516.59,month_to_month,electronic_check,dsl,2,2,14.0,False,True,True,1
58,85.73,5102.74,month_to_month,electronic_check,fiber,3,1,27.2,False,False,True,1
16,56.15,802.98,one_year,credit_card,dsl,0,0,28.4,False,False,False,0
56,18.0,921.17,month_to_month,credit_card,fiber,1,0,35.6,True,True,False,0
52,84.27,4483.23,two_year,bank_transfer,dsl,2,1,49.9,False,False,False,0
65,47.2,3070.48,month_to_month,credit_card,none,1,0,42.9,False,False,True,0
12,80.28,902.95,one_year,electronic_check,dsl,3,1,52.9,False,False,True,1
52,100.64,5282.95,month_to_month,electronic_check,fiber,2,0,58.2,False,True,False,0
68,70.37,4745.7,one_year,electronic_check,fiber,1,0,4.2,False,True,True,0
55,91.91,4979.67,one_year,bank_transfer,none,0,0,126.7,False,False,False,1
13,73.38,876.06,month_to_month,bank_transfer,dsl,4,1,51.0,False,False,True,1
60,104.92,6324.14,two_year,bank_transfer,dsl,0,1,129.1,False,False,True,0
7,46.63,344.93,one_year,mailed_check,fiber,0,0,21.7,False,True,True,1
42,69.82,3068.95,month_to_month,electronic_check,none,0,1,217.1,False,True,True,1
36,84.81,3027.05,one_year,credit_card,fiber,0,0,22.8,False,True,False,0
38,65.81,2473.14,month_to_month,electronic_check,none,0,1,17.2,False,False,True,0
37,95.35,3657.52,one_year,electronic_check,fiber,2,0,22.8,False,False,True,1
2,60.5,209.71,month_to_month,credit_card,fiber,1,2,21.8,False,False,True,0
37,115.53,4287.65,two_year,bank_transfer,fiber,1,0,20.5,False,False,False,0
68,116.69,7794.43,month_to_month,bank_transfer,fiber,1,0,27.4,False,True,False,0
31,76.21,2289.44,one_year,electronic_check,none,2,0,43.8,False,False,True,0
20,82.16,1548.33,two_year,credit_card,fiber,2,1,20.4,False,True,False,0
72,96.22,6931.12,two_year,mailed_check,dsl,2,1,43.9,False,False,False,0
7,43.88,261.41,one_year,bank_transfer,dsl,1,0,30.4,False,False,True,1
35,41.14,1584.16,one_year,bank_transfer,fiber,0,1,9.0,False,False,True,0
37,97.64,3471.25,month_to_month,credit_card,dsl,2,0,40.8,False,False,True,0
34,76.03,2480.5,month_to_month,electronic_check,dsl,3,0,5.5,True,False,False,0
67,65.02,4378.36,one_year,bank_transfer,dsl,2,1,19.4,False,True,True,0
30,70.24,2154.13,one_year,electronic_check,fiber,0,0,22.5,False,False,False,0
71,18.0,1045.16,month_to_month,credit_card,none,0,1,58.9,False,False,False,0
4,65.81,107.05,one_year,electronic_check,dsl,1,0,93.0,False,False,False,0
53,53.43,2808.07,month_to_month,bank_transfer,none,1,1,15.5,False,False,True,0
43,90.2,4000.64,one_year,credit_card,dsl,1,1,4.9,False,False,False,1
17,91.89,1732.03,month_to_month,electronic_check,fiber,1,0,30.7,False,True,True,1
16,82.69,1285.74,two_year,credit_card,fiber,1,1,31.4,False,False,True,1
52,78.7,4077.04,month_to_month,electronic_check,none,2,0,66.1,False,True,False,0
46,37.06,1629.44,month_to_month,bank_transfer,none,4,0,142.6,False,False,True,1
44,82.99,3708.55,one_year,mailed_check,fiber,2,1,41.9,True,False,True,0
3,83.85,389.12,month_to_month,electronic_check,fiber,0,0,137.6,False,False,True,1
43,97.39,4300.81,month_to_month,electronic_check,fiber,0,0,27.3,False,False,True,1
71,116.6,8275.99,one_year,mailed_check,fiber,2,0,70.4,False,False,True,1
1,32.76,0.0,two_year,bank_transfer,fiber,4,0,29.6,False,True,True,1
34,61.45,2090.04,one_year,bank_transfer,fiber,3,0,93.8,False,False,True,0
36,53.67,2056.39,month_to_month,electronic_check,fiber,0,0,15.5,False,False,True,1
65,73.8,4760.95,month_to_month,electronic_check,dsl,0,0,55.9,False,False,True,0
20,70.29,1242.41,one_year,mailed_check,none,0,1,72.0,False,True,True,1
34,64.85,2172.5,one_year,credit_card,fiber,1,2,22.8,False,True,False,0
52,92.61,4790.61,two_year,electronic_check,dsl,2,0,59.5,True,True,True,0
4,45.77,19.16,month_to_month,bank_transfer,fiber,5,2,13.6,False,False,True,1
58,47.1,2752.68,month_to_month,bank_transfer,dsl,1,0,113.0,False,True,False,0
60,47.47,2893.74,two_year,electronic_check,none,2,0,42.5,False,False,True,0
52,62.07,3395.03,month_to_month,mailed_check,fiber,2,1,35.2,False,False,True,0
47,42.97,1899.68,two_year,credit_card,dsl,0,0,73.6,False,True,False,0
54,68.93,3787.97,month_to_month,electronic_check,fiber,1,0,58.4,False,False,True,1
57,66.36,3869.54,one_year,electronic_check,fiber,3,1,33.4,False,True,False,0
65,52.7,3472.27,month_to_month,credit_card,fiber,0,1,89.4,False,True,False,0
31,89.22,2675.21,two_year,credit_card,fiber,2,1,13.4,False,False,True,1
33,68.69,2170.93,two_year,electronic_check,fiber,1,1,61.6,False,True,False,1
46,93.38,4304.23,month_to_month,credit_card,dsl,1,0,8.5,False,True,True,0
14,65.71,928.06,one_year,credit_card,fiber,4,3,17.1,False,False,True,1
62,69.47,4256.79,month_to_month,credit_card,dsl,1,0,61.9,False,False,True,0
56,57.62,3342.97,month_to_month,mailed_check,fiber,0,0,20.5,False,True,True,0
46,69.84,3176.57,one_year,electronic_check,fiber,0,1,74.7,False,False,True,1
22,85.67,1714.31,one_year,mailed_check,dsl,1,0,91.4,False,True,False,0
25,60.95,1503.58,month_to_month,electronic_check,dsl,3,1,40.2,False,True,True,0
31,81.41,2566.93,month_to_month,electronic_check,none,1,1,99.4,False,True,False,0
48,52.12,2532.54,month_to_month,electronic_check,dsl,1,0,30.3,False,True,False,0
56,86.7,4885.28,month_to_month,mailed_check,dsl,0,1,91.1,False,False,False,0
49,57.24,2939.22,month_to_month,electronic_check,none,1,0,50.8,False,False,True,0
67,88.74,5845.25,month_to_month,electronic_check,fiber,3,0,57.8,True,True,True,0
70,71.34,4955.67,two_year,electronic_check,none,0,0,39.7,False,True,True,0
51,103.46,5415.51,month_to_month,bank_transfer,fiber,0,1,48.8,False,False,True,1
27,44.61,1027.41,two_year,credit_card,fiber,0,0,26.9,False,False,True,0
43,37.52,1608.53,month_to_month,electronic_check,fiber,0,0,144.2,False,False,True,0
31,56.44,1860.24,month_to_month,credit_card,dsl,1,0,40.7,False,False,True,1
45,39.54,1888.56,month_to_month,mailed_check,fiber,0,1,3.1,True,False,True,0
59,39.58,2394.63,month_to_month,mailed_check,fiber,0,0,23.5,True,True,True,0
26,83.67,2237.11,one_year,mailed_check,fiber,0,1,61.2,False,False,True,0
36,69.91,2423.07,month_to_month,electronic_check,dsl,0,1,44.5,False,True,True,1
3,59.45,301.94,month_to_month,electronic_check,dsl,0,0,62.6,False,True,True,1
53,61.49,3150.96,month_to_month,electronic_check,none,0,1,72.7,False,True,True,1
35,56.86,1887.46,one_year,mailed_check,none,2,1,188.3,False,True,False,0
33,106.31,3543.14,month_to_month,bank_transfer,dsl,0,2,66.6,True,False,True,0
38,53.82,2000.79,month_to_month,bank_transfer,dsl,2,1,57.5,False,False,True,0
15,40.91,632.25,month_to_month,credit_card,dsl,0,0,63.1,False,False,False,0
43,87.51,3801.7,one_year,credit_card,dsl,1,1,99.1,True,True,False,0
54,65.25,3683.53,two_year,credit_card,dsl,2,0,52.9,False,False,True,1
25,114.85,2910.29,month_to_month,credit_card,dsl,0,0,49.8,False,True,False,0
9,58.42,470.11,month_to_month,credit_card,fiber,0,1,60.1,False,False,True,0
28,88.61,2541.96,month_to_month,electronic_check,none,4,0,26.5,False,True,False,0
14,93.81,1238.48,two_year,electronic_check,dsl,1,1,87.6,False,True,False,1
27,58.53,1662.49,month_to_month,electronic_check,fiber,0,0,47.9,False,False,False,1
45,53.66,2420.52,one_year,mailed_check,dsl,1,1,56.1,True,False,False,1
8,86.31,726.53,one_year,mailed_check,fiber,2,0,9.5,False,False,False,1
54,82.65,4302.84,month_to_month,bank_transfer,fiber,0,0,14.7,False,True,True,0
16,38.97,420.95,one_year,bank_transfer,dsl,0,0,98.1,False,True,True,1
65,45.17,2800.92,one_year,electronic_check,dsl,1,2,10.2,False,False,False,1
53,18.0,1111.12,month_to_month,electronic_check,none,1,1,54.2,False,True,True,1
19,83.1,1475.57,month_to_month,electronic_check,none,0,0,45.5,True,True,True,0
41,64.24,2699.75,month_to_month,electronic_check,fiber,1,0,25.3,False,False,True,0
8,66.43,473.67,month_to_month,bank_transfer,fiber,2,2,48.0,True,True,True,1
7,32.79,207.93,one_year,electronic_check,fiber,1,1,22.8,False,False,True,1
69,45.84,3158.94,one_year,mailed_check,none,2,0,30.6,False,False,True,0
58,59.48,3597.78,two_year,bank_transfer,fiber,1,0,39.7,False,False,False,1
11,55.21,659.92,month_to_month,electronic_check,fiber,0,0,153.8,False,False,False,0
20,72.59,1486.45,month_to_month,bank_transfer,dsl,1,1,34.2,False,False,False,1
14,82.84,1276.46,month_to_month,bank_transfer,fiber,0,2,75.7,False,False,True,1
28,119.93,3301.05,one_year,credit_card,dsl,0,0,208.3,False,False,False,0
21,69.56,1556.91,month_to_month,electronic_check,none,5,0,100.4,False,False,True,1
23,94.54,2255.54,month_to_month,credit_card,dsl,1,2,12.0,False,False,True,1
38,51.74,2046.21,one_year,credit_card,fiber,1,2,20.1,False,False,True,1
13,33.15,417.0,one_year,bank_transfer,fiber,2,0,99.2,False,False,True,0
64,62.25,3944.64,month_to_month,electronic_check,fiber,0,2,4.5,False,False,False,0
53,34.85,1768.77,one_year,mailed_check,fiber,2,0,10.5,False,False,True,0
55,70.32,3794.95,month_to_month,electronic_check,fiber,0,1,98.8,False,False,True,1
12,52.83,551.43,one_year,mailed_check,fiber,3,0,63.2,False,False,True,1
51,27.01,1410.53,one_year,electronic_check,dsl,3,0,4.0,False,True,True,0
61,108.19,6579.04,one_year,bank_transfer,fiber,1,0,26.3,False,True,True,1
12,58.17,736.87,month_to_month,electronic_check,dsl,1,0,45.5,False,False,True,1
54,33.97,1878.29,one_year,bank_transfer,fiber,1,0,32.1,True,False,True,0
26,89.76,2238.38,month_to_month,mailed_check,fiber,2,0,70.9,False,False,True,1
57,53.97,2978.21,month_to_month,electronic_check,dsl,2,1,97.6,False,False,True,1
34,93.98,3174.74,two_year,electronic_check,fiber,1,1,34.0,False,True,False,0
58,53.87,3054.7,month_to_month,mailed_check,dsl,2,0,16.0,True,True,False,1
10,58.1,501.76,one_year,mailed_check,dsl,3,0,22.5,False,True,True,1
28,77.59,2325.13,month_to_month,bank_transfer,dsl,0,0,59.7,False,False,True,0
19,83.05,1439.95,month_to_month,credit_card,none,2,0,92.9,False,False,True,1
18,86.91,1746.46,month_to_month,electronic_check,dsl,1,2,42.2,False,False,True,1
22,68.03,1522.66,month_to_month,credit_card,dsl,2,0,111.9,True,False,False,0
27,81.63,2292.77,one_year,bank_transfer,none,2,0,45.4,False,False,True,0
9,86.4,855.75,two_year,electronic_check,none,0,0,11.9,False,True,True,0
51,74.41,3850.44,two_year,electronic_check,dsl,0,0,52.4,False,False,True,1
40,66.86,2823.96,two_year,mailed_check,dsl,1,1,150.5,False,False,True,0
60,38.2,2194.58,month_to_month,bank_transfer,dsl,1,0,57.1,False,True,True,0
51,83.18,4228.11,two_year,bank_transfer,fiber,1,0,75.0,True,True,True,0
10,70.93,632.54,month_to_month,mailed_check,none,1,1,10.4,False,False,False,0
5,60.9,151.85,month_to_month,credit_card,fiber,2,0,53.7,False,False,False,1
30,98.11,2883.79,month_to_month,electronic_check,fiber,0,0,31.8,False,False,True,0
35,38.59,1519.18,month_to_month,mailed_check,fiber,1,2,61.7,False,False,False,1
17,106.17,1789.28,one_year,mailed_check,dsl,4,0,17.0,False,False,True,1
57,69.51,4140.59,month_to_month,electronic_check,fiber,1,1,133.7,False,False,True,1
42,76.99,3421.3,month_to_month,electronic_check,dsl,1,0,58.8,False,False,True,1
54,61.31,3580.3,month_to_month,credit_card,dsl,1,2,60.4,False,True,False,0
7,33.32,404.73,month_to_month,electronic_check,fiber,1,0,105.9,True,True,True,1
59,66.93,4161.1,two_year,electronic_check,none,2,0,58.3,True,False,False,0
15,77.36,1189.67,month_to_month,electronic_check,fiber,1,0,12.0,True,True,False,1
32,84.88,2736.71,month_to_month,bank_transfer,dsl,0,0,7.1,False,False,False,0
32,65.64,2127.02,one_year,electronic_check,dsl,1,0,182.3,False,False,False,0
59,21.76,1283.85,two_year,mailed_check,fiber,1,0,58.3,False,False,False,0
20,36.08,735.07,month_to_month,credit_card,fiber,0,0,40.6,False,True,True,1
17,115.14,2025.08,month_to_month,electronic_check,fiber,0,0,37.2,False,False,False,1
24,45.96,1061.12,two_year,bank_transfer,dsl,1,0,26.2,False,False,False,0
26,101.4,2512.41,month_to_month,bank_transfer,dsl,0,1,62.5,False,True,True,0
13,49.45,675.58,month_to_month,bank_transfer,fiber,3,0,47.8,False,False,True,1
12,65.99,729.53,month_to_month,mailed_check,fiber,1,1,40.1,True,False,True,1
16,83.75,1286.97,month_to_month,bank_transfer,dsl,0,0,20.7,False,False,True,0
34,51.96,1753.79,two_year,bank_transfer,dsl,5,1,49.0,False,False,False,0
25,105.03,2592.26,two_year,bank_transfer,fiber,0,0,40.4,True,False,False,0
28,71.67,2106.66,month_to_month,credit_card,fiber,0,0,66.7,False,False,True,1
52,80.14,4152.27,one_year,bank_transfer,fiber,0,2,31.6,False,False,True,1
17,64.11,1194.31,two_year,credit_card,fiber,3,1,25.0,False,False,True,1
66,84.49,5594.88,one_year,mailed_check,dsl,1,3,26.1,False,False,True,1
54,104.73,5647.45,one_year,credit_card,dsl,1,0,19.0,False,False,True,1
12,67.11,819.56,two_year,electronic_check,none,2,0,10.6,False,True,True,1
22,108.05,2260.85,month_to_month,credit_card,dsl,1,0,35.5,False,True,True,1
13,56.54,765.45,month_to_month,credit_card,fiber,2,0,14.3,True,False,False,1
19,86.81,1725.82,one_year,credit_card,fiber,1,0,104.2,False,False,True,0
26,80.76,2188.94,one_year,credit_card,dsl,1,0,69.4,False,False,False,1
9,46.49,296.71,month_to_month,mailed_check,dsl,4,1,26.2,False,True,True,1
1,74.7,0.0,month_to_month,electronic_check,dsl,2,0,56.4,False,False,True,1
32,70.16,2196.81,one_year,mailed_check,fiber,2,0,70.7,True,False,True,0
51,51.23,2737.35,month_to_month,bank_transfer,fiber,1,0,32.7,False,True,False,0
22,77.88,1733.25,two_year,electronic_check,none,1,0,25.1,False,False,False,0
62,73.22,4469.92,two_year,electronic_check,fiber,1,0,3.9,True,False,False,0
26,68.4,1647.64,month_to_month,mailed_check,fiber,2,1,79.2,False,False,True,1
65,68.49,4390.29,one_year,bank_transfer,dsl,5,0,25.8,False,False,False,0
17,68.02,1088.7,one_year,electronic_check,dsl,0,1,125.2,False,True,False,0
39,61.91,2498.7,month_to_month,credit_card,fiber,0,0,76.4,False,False,True,1
55,73.08,4110.53,month_to_month,electronic_check,dsl,1,0,43.1,False,False,True,1
4,55.83,128.83,month_to_month,bank_transfer,fiber,0,1,49.5,True,False,True,0
67,128.45,8673.93,two_year,electronic_check,dsl,1,1,26.3,False,False,True,0
26,38.99,1072.31,two_year,electronic_check,dsl,0,1,47.6,False,True,False,1
36,57.14,1950.87,month_to_month,credit_card,dsl,2,1,46.0,False,False,True,0
45,58.87,2641.61,two_year,credit_card,fiber,1,1,14.7,False,False,False,0
46,114.89,5315.61,one_year,electronic_check,dsl,0,1,19.9,False,False,False,0
1,40.96,55.65,month_to_month,bank_transfer,dsl,1,0,34.7,False,False,True,0
63,79.37,4846.36,month_to_month,bank_transfer,fiber,1,0,122.8,False,False,False,0
45,75.46,3407.51,two_year,bank_transfer,fiber,1,0,12.5,False,False,True,0
72,77.34,5625.74,month_to_month,mailed_check,none,1,0,8.4,False,True,True,0
34,97.2,3446.96,one_year,bank_transfer,dsl,2,0,18.0,False,False,True,0
44,96.75,4196.81,one_year,electronic_check,none,2,1,104.6,True,False,True,0
32,60.08,1873.47,one_year,electronic_check,dsl,1,0,7.9,False,False,False,1
64,74.27,4734.48,month_to_month,bank_transfer,fiber,2,1,45.8,False,False,False,1
60,28.99,1765.61,month_to_month,bank_transfer,fiber,0,0,12.7,True,False,True,0
66,72.18,4772.61,two_year,mailed_check,dsl,2,2,42.1,False,False,True,1
36,52.53,1945.47,month_to_month,electronic_check,dsl,0,0,95.5,False,False,True,1
57,65.9,3655.03,month_to_month,electronic_check,fiber,0,0,38.4,False,False,True,0
26,32.92,891.64,month_to_month,bank_transfer,fiber,0,0,78.1,False,False,False,1
33,78.91,2537.23,one_year,mailed_check,dsl,0,0,30.5,False,False,True,0
55,32.68,1784.5,month_to_month,credit_card,fiber,1,0,12.5,False,True,False,1
5,73.26,520.02,one_year,credit_card,fiber,1,0,107.6,False,False,True,1
51,43.02,2068.18,month_to_month,mailed_check,none,1,0,60.7,False,True,True,1
1,51.31,26.16,one_year,credit_card,dsl,0,0,56.6,False,False,True,0
42,95.4,3892.08,two_year,bank_transfer,dsl,0,0,38.3,False,False,False,0
34,82.93,2833.4,month_to_month,mailed_check,none,2,0,77.5,False,True,True,0
34,95.28,3333.86,one_year,electronic_check,dsl,1,0,41.5,True,False,False,0
36,104.31,3770.43,one_year,electronic_check,fiber,1,2,10.7,False,False,True,1
35,53.0,1844.5,one_year,mailed_check,dsl,0,0,37.2,False,True,True,0
29,102.98,3105.98,month_to_month,credit_card,dsl,3,0,70.9,False,False,True,1
32,37.76,1238.07,one_year,electronic_check,none,0,0,59.1,True,False,True,1
41,86.41,3616.57,month_to_month,credit_card,fiber,1,0,10.0,False,False,True,1
55,59.15,3317.62,month_to_month,bank_transfer,dsl,0,0,8.9,False,False,True,0
40,49.53,1722.34,month_to_month,electronic_check,none,0,1,48.0,True,False,True,0
46,83.52,3835.02,month_to_month,bank_transfer,fiber,2,0,40.7,False,False,False,0
61,90.79,5441.16,month_to_month,electronic_check,dsl,1,0,27.9,False,True,True,0
72,90.14,6415.44,one_year,electronic_check,fiber,1,0,89.0,False,False,False,0
7,74.73,655.82,one_year,electronic_check,fiber,3,0,42.2,True,True,False,1
52,72.9,3757.07,month_to_month,credit_card,fiber,1,1,48.8,True,False,True,1
16,81.59,1475.77,month_to_month,mailed_check,dsl,0,0,15.9,False,False,True,1
14,76.68,946.83,one_year,credit_card,fiber,2,0,60.3,True,False,True,0
57,81.91,4571.34,month_to_month,bank_transfer,dsl,3,0,36.0,False,False,False,0
5,74.49,441.06,one_year,electronic_check,fiber,0,2,22.7,False,False,True,1
61,88.54,5370.22,month_to_month,credit_card,fiber,1,0,60.3,False,True,False,0
56,34.2,1942.86,two_year,credit_card,fiber,2,1,86.7,False,True,False,0
72,67.11,4821.81,month_to_month,bank_transfer,dsl,3,2,25.0,False,False,True,1
48,39.56,1886.05,one_year,bank_transfer,fiber,2,0,56.5,False,False,True,0
63,76.09,4766.29,month_to_month,bank_transfer,dsl,1,1,30.5,False,False,False,1
8,106.12,865.11,month_to_month,electronic_check,dsl,0,1,50.3,False,False,True,1
64,59.57,3870.23,two_year,mailed_check,dsl,1,2,11.3,False,False,True,0
11,72.8,946.1,two_year,bank_transfer,dsl,2,1,11.7,False,False,True,1
22,86.64,1887.85,month_to_month,mailed_check,dsl,0,1,51.9,False,True,False,0
9,24.51,185.16,month_to_month,electronic_check,dsl,1,2,22.0,False,True,False,0
29,58.51,1649.77,two_year,electronic_check,fiber,2,0,59.2,False,True,True,0
54,78.02,4345.36,month_to_month,bank_transfer,fiber,3,0,42.4,False,False,False,1
19,18.0,404.13,two_year,credit_card,none,4,1,17.1,False,False,True,1
60,48.51,2739.69,month_to_month,bank_transfer,dsl,1,1,38.4,False,False,False,1
44,94.22,3970.8,month_to_month,electronic_check,dsl,0,0,35.0,False,False,True,0
45,92.07,4068.44,month_to_month,credit_card,dsl,1,0,68.7,False,False,True,0
68,78.24,5341.03,month_to_month,electronic_check,dsl,2,1,47.4,True,False,True,0
31,89.41,2768.7,month_to_month,credit_card,fiber,3,0,31.7,False,False,True,0
25,74.73,1914.58,month_to_month,electronic_check,fiber,3,0,56.5,False,False,True,1
72,82.22,5904.05,two_year,mailed_check,fiber,1,1,63.7,False,False,False,0
40,63.06,2648.17,month_to_month,electronic_check,dsl,0,0,15.7,False,False,False,0
44,72.55,3261.69,one_year,credit_card,dsl,1,0,50.9,False,False,False,0
21,56.09,1184.87,month_to_month,electronic_check,fiber,1,0,9.8,False,True,False,0
15,97.8,1570.08,one_year,electronic_check,fiber,0,1,17.8,True,False,False,0
12,103.47,1093.24,month_to_month,credit_card,dsl,0,1,30.5,False,True,True,1
16,100.36,1598.1,one_year,electronic_check,dsl,0,0,3.4,True,False,True,1
14,61.02,866.66,one_year,credit_card,dsl,0,0,85.3,False,False,False,0
54,49.02,2701.26,two_year,electronic_check,fiber,2,0,65.5,False,False,False,1
4,98.09,238.0,two_year,bank_transfer,fiber,1,0,50.2,False,True,True,0
45,81.97,3665.21,month_to_month,mailed_check,dsl,0,0,13.7,False,True,True,0
69,77.23,5364.91,month_to_month,bank_transfer,fiber,2,1,90.0,False,False,True,1
55,56.06,3126.24,month_to_month,electronic_check,fiber,3,0,74.1,False,False,False,1
29,79.36,2408.19,one_year,credit_card,dsl,2,0,31.2,True,False,True,1
4,46.12,253.02,month_to_month,electronic_check,dsl,4,0,30.4,False,False,True,1
60,83.95,5031.52,two_year,credit_card,fiber,1,0,64.9,False,True,True,0
0,100.34,60.75,two_year,bank_transfer,fiber,3,0,31.5,False,False,True,1
49,105.88,5170.0,month_to_month,electronic_check,fiber,1,0,7.0,False,True,False,0
48,85.59,4121.53,month_to_month,electronic_check,dsl,1,0,94.9,False,True,False,1
14,39.6,625.93,month_to_month,bank_transfer,dsl,1,1,38.6,False,True,True,1
54,74.34,4010.28,month_to_month,credit_card,dsl,2,1,44.4,False,False,True,0
12,117.07,1437.42,month_to_month,electronic_check,fiber,1,0,22.6,False,False,True,1
16,50.89,900.76,month_to_month,mailed_check,dsl,0,0,59.5,True,True,True,1
59,68.7,4117.39,two_year,electronic_check,fiber,0,0,47.9,False,False,True,1
71,101.1,7289.11,one_year,bank_transfer,dsl,1,0,44.7,False,False,True,0
19,83.58,1797.58,month_to_month,electronic_check,none,3,2,30.6,False,False,True,1
67,124.56,8408.78,month_to_month,mailed_check,fiber,2,1,32.7,False,False,False,0
66,53.88,3514.56,one_year,bank_transfer,dsl,1,1,39.5,False,False,False,0
56,48.23,2746.94,month_to_month,electronic_check,fiber,0,0,92.3,False,True,False,0
10,96.93,1011.49,two_year,mailed_check,none,1,1,93.5,False,False,True,1
21,43.69,972.71,month_to_month,electronic_check,dsl,0,2,19.7,False,False,False,1
49,65.67,3352.38,two_year,mailed_check,fiber,3,0,153.3,False,False,False,0
72,68.56,4784.75,one_year,bank_transfer,dsl,1,0,58.6,True,False,True,0
59,92.79,5610.86,two_year,electronic_check,dsl,1,1,64.6,False,False,False,0
30,83.51,2671.84,one_year,credit_card,none,0,0,36.5,False,True,False,0
17,80.06,1412.15,one_year,electronic_check,fiber,1,1,42.9,False,True,True,0
70,61.15,4333.79,month_to_month,credit_card,dsl,2,1,82.8,False,False,True,0
20,96.73,1912.85,one_year,credit_card,dsl,2,0,74.8,True,False,False,0
24,130.0,3120.57,one_year,credit_card,fiber,2,1,23.9,False,True,True,1
70,85.21,6027.52,month_to_month,bank_transfer,dsl,1,0,34.6,False,False,False,0
41,72.19,3016.81,one_year,mailed_check,dsl,0,1,25.5,False,True,True,0
19,41.45,852.41,month_to_month,credit_card,dsl,2,0,11.3,False,True,True,1
0,55.98,56.4,month_to_month,bank_transfer,none,2,1,58.7,True,True,True,1
31,65.3,2105.16,month_to_month,electronic_check,none,1,0,36.3,True,True,True,1
71,58.24,4205.84,month_to_month,mailed_check,dsl,0,0,69.6,True,False,True,0
31,69.65,2066.96,month_to_month,mailed_check,fiber,1,2,57.8,False,False,False,1
51,109.12,5640.02,two_year,mailed_check,none,1,0,22.4,False,False,True,0
18,97.44,1921.19,month_to_month,bank_transfer,fiber,0,0,88.6,False,False,False,1
56,66.51,3722.16,two_year,electronic_check,dsl,0,1,29.5,False,True,False,0
56,43.42,2566.47,two_year,electronic_check,none,2,0,103.8,False,False,True,0
44,99.42,4291.92,month_to_month,credit_card,fiber,0,0,35.1,False,False,False,0
56,68.92,3856.84,one_year,electronic_check,fiber,0,0,26.9,False,False,False,0
42,32.02,1287.14,month_to_month,credit_card,dsl,2,0,27.3,False,False,True,0
27,85.67,2437.22,two_year,credit_card,fiber,1,0,60.5,False,False,True,0
53,92.57,5053.85,month_to_month,bank_transfer,fiber,0,0,47.4,False,False,False,0
60,18.0,1071.07,month_to_month,bank_transfer,fiber,1,0,32.1,False,False,True,1
61,51.86,3268.86,month_to_month,electronic_check,dsl,3,0,47.6,True,True,True,1
15,67.57,1162.11,one_year,bank_transfer,dsl,1,0,114.7,False,False,True,1
49,86.16,4218.88,month_to_month,electronic_check,fiber,0,2,62.4,False,False,True,1
0,58.65,11.68,month_to_month,electronic_check,none,1,0,16.6,False,False,True,0
41,51.69,2185.32,two_year,credit_card,dsl,1,1,30.6,False,False,True,1
41,86.0,3450.17,month_to_month,electronic_check,dsl,1,0,62.2,True,False,True,1
26,59.7,1562.11,one_year,electronic_check,fiber,3,0,18.0,False,False,True,1
72,81.93,6091.81,one_year,electronic_check,dsl,1,0,109.4,False,True,False,0
64,45.55,2870.2,month_to_month,electronic_check,fiber,0,0,86.9,False,False,False,0
2,40.25,157.34,month_to_month,electronic_check,none,1,0,35.7,True,True,True,1
15,86.62,1346.44,month_to_month,credit_card,fiber,0,0,80.7,False,False,True,0
15,75.56,1118.66,two_year,bank_transfer,dsl,0,2,199.8,True,False,True,0
65,90.29,5888.8,one_year,electronic_check,none,0,2,49.2,True,False,True,0
37,58.28,2314.1,month_to_month,electronic_check,fiber,1,2,52.8,True,False,False,1
53,52.51,2832.85,two_year,electronic_check,fiber,4,1,17.2,False,False,False,1
59,99.94,5960.34,month_to_month,electronic_check,fiber,0,0,24.6,True,False,True,1
56,36.49,2187.52,month_to_month,electronic_check,fiber,0,0,26.9,False,False,False,0
6,97.53,559.13,month_to_month,credit_card,dsl,1,1,50.5,False,False,False,1
10,99.05,896.28,one_year,bank_transfer,fiber,1,0,44.0,False,False,True,0
28,88.92,2648.91,month_to_month,bank_transfer,fiber,1,0,97.3,False,False,True,0
24,54.87,1329.17,one_year,mailed_check,fiber,4,0,55.6,False,True,False,1
54,52.04,2890.58,month_to_month,mailed_check,fiber,0,0,59.2,False,False,True,0
11,65.38,650.57,one_year,electronic_check,dsl,0,0,77.3,False,True,False,1
27,41.51,1155.74,two_year,electronic_check,fiber,0,0,52.9,False,False,True,0
17,48.84,731.56,month_to_month,credit_card,fiber,1,2,14.0,False,False,False,0
13,84.18,1100.08,month_to_month,credit_card,fiber,0,0,172.9,True,True,True,1
12,84.29,953.17,one_year,credit_card,fiber,0,0,15.6,False,False,True,1
14,46.91,577.75,month_to_month,credit_card,fiber,0,0,27.4,False,False,False,1
41,84.87,3452.39,month_to_month,mailed_check,fiber,1,0,24.6,False,True,False,0
29,79.99,2113.3,one_year,credit_card,fiber,0,0,5.6,False,True,True,0
31,103.22,3095.43,month_to_month,mailed_check,fiber,2,1,95.2,False,False,False,1
34,82.52,2876.1,one_year,mailed_check,dsl,2,0,15.7,False,False,False,0
54,93.29,5068.95,month_to_month,credit_card,dsl,1,1,14.8,False,True,True,0
62,80.5,4894.32,month_to_month,electronic_check,none,1,1,66.4,False,False,False,0
38,91.56,3528.59,one_year,electronic_check,dsl,0,0,75.4,False,True,True,0
46,41.68,1838.24,one_year,electronic_check,fiber,4,3,17.0,False,False,True,1
53,67.32,3632.94,month_to_month,mailed_check,fiber,1,0,27.1,False,True,False,0
50,69.14,3446.59,month_to_month,mailed_check,dsl,0,0,63.7,False,False,False,0
9,64.64,552.5,month_to_month,electronic_check,dsl,1,0,42.4,False,False,False,1
71,79.77,5655.47,month_to_month,electronic_check,fiber,0,0,34.9,False,False,True,0
12,83.96,1237.88,two_year,bank_transfer,dsl,1,1,13.6,False,True,False,0
30,78.63,2290.61,month_to_month,credit_card,fiber,4,0,59.7,False,False,True,1
47,66.11,3127.56,one_year,bank_transfer,fiber,2,1,95.3,False,False,True,1
29,53.81,1630.81,month_to_month,electronic_check,dsl,2,0,123.1,False,False,False,0
17,94.14,1513.76,month_to_month,electronic_check,none,0,0,94.0,True,True,True,1
67,77.69,5061.75,one_year,electronic_check,none,0,0,21.7,False,False,True,1
5,47.59,183.85,one_year,electronic_check,none,0,1,33.2,False,False,False,0
17,65.74,1185.93,month_to_month,credit_card,fiber,2,0,34.4,False,False,False,0
72,31.65,2248.02,month_to_month,electronic_check,fiber,0,0,80.6,True,False,True,1
53,70.78,3730.54,month_to_month,credit_card,fiber,0,0,101.0,True,False,False,0
6,65.64,475.81,month_to_month,bank_transfer,fiber,5,0,19.3,False,True,True,1
55,57.36,3082.23,one_year,electronic_check,dsl,3,1,95.1,True,False,True,0
70,104.86,7332.21,month_to_month,mailed_check,fiber,1,0,28.2,False,False,True,0
7,44.56,175.67,month_to_month,electronic_check,fiber,1,0,46.2,False,False,True,1
30,85.54,2595.06,month_to_month,bank_transfer,none,0,1,115.2,False,False,False,0
34,118.11,4036.4,two_year,electronic_check,fiber,3,1,16.8,False,False,False,0
9,93.7,914.9,month_to_month,bank_transfer,fiber,3,0,79.5,False,False,True,1
14,69.31,867.27,one_year,electronic_check,none,2,0,30.4,False,False,True,0
12,45.05,523.33,month_to_month,credit_card,fiber,1,1,56.8,False,False,True,0
13,40.03,405.33,month_to_month,mailed_check,dsl,2,1,34.2,False,False,True,1
29,60.95,1745.4,month_to_month,electronic_check,fiber,0,0,11.4,False,False,False,0
33,54.89,1944.73,one_year,bank_transfer,fiber,0,0,54.9,False,True,True,0
17,54.17,892.02,month_to_month,bank_transfer,fiber,1,0,24.4,False,True,False,1
21,62.82,1196.29,two_year,electronic_check,fiber,2,0,11.4,True,False,True,0
14,67.75,887.31,month_to_month,electronic_check,fiber,2,0,7.2,False,False,True,1
58,80.67,4533.87,two_year,bank_transfer,dsl,4,0,61.5,False,True,False,0
15,42.77,524.93,month_to_month,mailed_check,dsl,0,1,4.0,True,False,False,0
66,54.99,3689.73,month_to_month,electronic_check,fiber,1,1,52.0,False,True,True,0
39,66.49,2462.94,one_year,bank_transfer,fiber,2,1,20.9,False,False,True,1
58,65.7,3838.71,month_to_month,bank_transfer,dsl,1,1,60.7,False,False,True,1
46,110.4,5080.72,month_to_month,credit_card,fiber,3,0,11.2,True,True,True,0
19,75.11,1379.25,two_year,bank_transfer,fiber,0,0,18.4,False,True,False,0
43,34.5,1503.96,one_year,electronic_check,none,2,0,43.8,False,False,False,1
20,79.2,1499.61,two_year,credit_card,none,0,0,45.9,False,False,False,0
8,82.0,731.68,month_to_month,mailed_check,fiber,1,0,16.4,False,False,True,1
18,67.25,1147.65,one_year,bank_transfer,fiber,1,1,61.2,False,False,True,0
20,43.31,831.43,one_year,electronic_check,dsl,1,0,30.5,False,False,True,1
9,108.68,932.64,one_year,bank_transfer,fiber,0,0,47.9,True,False,False,0
1,46.46,108.51,one_year,electronic_check,none,1,0,72.0,False,True,True,1
68,84.54,5797.72,one_year,electronic_check,fiber,1,1,41.9,False,False,False,0
37,74.4,2516.85,two_year,electronic_check,fiber,0,0,54.0,False,False,True,0
29,83.22,2436.26,month_to_month,electronic_check,dsl,2,0,42.7,True,False,True,1
67,107.55,7048.84,month_to_month,credit_card,fiber,0,0,60.1,False,False,True,0
16,82.36,1287.04,month_to_month,electronic_check,fiber,3,0,2.4,False,True,True,0
29,57.71,1663.85,month_to_month,bank_transfer,dsl,3,0,41.4,False,False,True,0
61,94.33,5722.44,one_year,mailed_check,none,2,0,86.0,False,False,False,0
46,56.12,2626.59,month_to_month,credit_card,fiber,1,1,49.5,False,False,True,1
29,73.6,2199.21,month_to_month,electronic_check,dsl,0,0,21.8,False,False,True,0
18,41.55,678.29,two_year,mailed_check,fiber,0,2,50.0,False,True,True,0
2,47.27,21.66,two_year,electronic_check,none,0,0,61.8,False,True,False,0
6,71.13,423.54,month_to_month,credit_card,fiber,1,0,57.5,False,False,False,1
11,78.1,720.16,month_to_month,electronic_check,fiber,3,0,22.7,False,True,False,1
57,32.55,1812.42,month_to_month,mailed_check,fiber,1,1,37.8,False,True,True,0
46,80.94,3844.57,month_to_month,electronic_check,dsl,0,1,60.0,False,True,True,0
31,51.97,1475.5,month_to_month,mailed_check,fiber,2,0,38.2,True,False,True,1
57,98.15,5563.94,month_to_month,mailed_check,dsl,0,1,140.3,False,False,True,1
11,62.26,631.55,one_year,mailed_check,fiber,0,1,62.9,False,False,False,0
15,45.28,859.67,month_to_month,bank_transfer,dsl,1,1,43.6,False,True,True,1
28,71.67,1958.35,month_to_month,bank_transfer,none,0,1,38.7,True,False,False,1
66,49.84,3246.26,one_year,mailed_check,fiber,1,1,18.9,True,False,True,0
44,97.92,4215.71,month_to_month,electronic_check,dsl,3,0,32.9,False,True,True,1
62,70.01,4341.46,month_to_month,bank_transfer,fiber,2,0,76.6,False,False,True,0
18,66.66,1224.2,month_to_month,electronic_check,dsl,1,1,57.5,False,False,True,0
61,83.02,4984.5,month_to_month,credit_card,fiber,2,0,69.8,False,False,True,1
5,47.89,328.44,month_to_month,credit_card,fiber,1,0,26.0,False,False,True,1
16,41.64,690.64,month_to_month,mailed_check,dsl,0,0,62.4,False,True,True,1
38,78.98,3077.91,month_to_month,electronic_check,fiber,1,0,37.2,False,False,False,1
3,45.81,107.9,two_year,credit_card,fiber,3,0,17.3,False,False,True,1
62,45.8,2861.49,two_year,bank_transfer,fiber,3,0,93.0,False,False,True,0
63,88.41,5550.65,month_to_month,bank_transfer,dsl,3,1,57.9,False,False,True,1
39,81.55,3311.64,two_year,electronic_check,none,2,0,65.8,True,False,False,0
22,42.42,943.7,month_to_month,credit_card,dsl,1,0,9.7,False,True,False,1
7,56.38,395.45,month_to_month,bank_transfer,dsl,2,1,20.7,False,False,True,1
45,50.12,2214.16,month_to_month,mailed_check,none,4,2,19.0,False,True,True,1
39,109.08,4207.68,month_to_month,mailed_check,dsl,1,1,23.8,True,False,True,1
55,89.93,4967.54,month_to_month,electronic_check,dsl,1,1,90.5,False,False,True,1
43,60.74,2685.58,two_year,electronic_check,dsl,1,0,20.2,False,True,False,0
9,82.68,682.51,month_to_month,bank_transfer,none,3,1,55.0,False,False,True,1
8,40.16,332.67,month_to_month,credit_card,fiber,2,0,52.4,False,True,True,1
57,55.2,3162.98,month_to_month,bank_transfer,dsl,1,0,23.8,False,False,False,0
11,72.31,827.66,two_year,bank_transfer,dsl,0,1,96.1,False,True,True,0
68,79.95,5282.93,month_to_month,electronic_check,fiber,2,0,40.0,False,False,True,0
7,67.86,391.79,two_year,mailed_check,dsl,1,1,80.2,True,False,True,1
53,75.46,3876.45,month_to_month,electronic_check,dsl,2,1,34.6,False,True,True,0
71,71.72,5095.08,one_year,mailed_check,dsl,1,0,26.4,False,False,True,0
32,66.4,2043.71,month_to_month,credit_card,dsl,2,0,8.8,False,False,False,1
4,63.48,209.26,month_to_month,mailed_check,fiber,1,0,47.3,False,False,True,0
63,60.62,3711.57,month_to_month,electronic_check,none,2,0,102.6,False,True,True,0
13,75.1,940.01,month_to_month,credit_card,fiber,2,1,61.3,False,True,False,1
38,79.04,2902.35,month_to_month,electronic_check,fiber,1,0,60.5,False,True,True,0
71,74.36,5347.77,month_to_month,bank_transfer,dsl,1,0,82.7,True,True,False,0
54,44.07,2422.91,one_year,mailed_check,dsl,0,0,59.0,False,True,True,0
3,48.02,157.58,one_year,bank_transfer,dsl,0,0,19.4,False,False,True,1
59,78.78,4620.85,month_to_month,bank_transfer,dsl,2,0,34.2,False,False,True,1
11,102.38,942.79,one_year,electronic_check,dsl,0,0,60.2,False,False,True,1
54,73.35,3919.66,one_year,mailed_check,dsl,1,0,92.7,False,True,False,0
45,60.94,2673.77,two_year,electronic_check,dsl,0,0,43.6,False,True,False,0
21,74.94,1595.99,month_to_month,bank_transfer,fiber,1,0,71.2,False,False,True,1
30,44.99,1405.47,month_to_month,electronic_check,none,1,1,24.6,False,True,True,1
8,98.8,819.62,two_year,bank_transfer,none,2,0,132.0,True,True,False,0
72,74.11,5449.59,two_year,credit_card,none,0,1,62.1,False,False,True,0
17,55.27,888.44,two_year,credit_card,fiber,0,0,54.8,False,True,True,0
22,66.33,1404.38,one_year,electronic_check,none,2,1,59.7,False,False,False,0
36,58.41,2196.17,one_year,credit_card,fiber,0,0,179.7,False,False,True,0
49,98.86,4859.1,two_year,electronic_check,fiber,0,0,19.3,False,True,False,0
36,65.55,2337.57,month_to_month,mailed_check,fiber,3,0,17.4,False,False,True,1
36,73.42,2809.31,month_to_month,bank_transfer,none,1,0,35.1,False,False,True,1
42,82.62,3522.04,two_year,mailed_check,none,1,0,14.6,False,False,True,1
62,53.7,3312.25,two_year,credit_card,dsl,2,0,5.9,False,False,False,0
28,74.26,2017.54,month_to_month,bank_transfer,dsl,1,1,70.9,False,True,False,0
60,76.04,4681.79,month_to_month,credit_card,dsl,1,0,59.9,False,True,True,0
57,35.81,2059.8,two_year,mailed_check,fiber,1,0,88.1,False,False,True,0
70,75.56,5291.41,month_to_month,electronic_check,dsl,1,0,8.8,False,False,True,0
66,68.99,4614.2,one_year,electronic_check,fiber,2,2,87.8,False,False,True,0
58,72.86,4305.09,month_to_month,credit_card,dsl,0,0,40.1,False,True,True,0
18,70.78,1323.53,month_to_month,credit_card,fiber,1,0,62.1,False,False,False,0
56,75.7,4318.76,one_year,mailed_check,fiber,1,1,88.9,False,True,False,0
53,99.42,5309.88,two_year,electronic_check,dsl,1,2,78.2,False,False,False,0
21,44.05,974.99,month_to_month,bank_transfer,fiber,2,0,80.0,False,False,True,1
49,62.47,2995.18,month_to_month,electronic_check,dsl,1,1,61.1,False,False,False,1
18,84.67,1686.99,month_to_month,electronic_check,dsl,2,1,83.7,False,False,False,1
38,80.58,2951.01,month_to_month,mailed_check,fiber,0,1,20.5,True,True,True,1
58,80.11,4674.22,two_year,bank_transfer,dsl,1,1,12.1,False,True,True,0
13,130.0,1569.69,month_to_month,mailed_check,fiber,0,0,10.5,False,False,False,0
24,83.51,1995.41,two_year,credit_card,dsl,3,0,91.3,False,False,True,0
58,94.88,5451.62,two_year,bank_transfer,fiber,2,0,9.0,False,False,True,0
33,63.24,2099.14,month_to_month,bank_transfer,fiber,1,2,62.1,True,False,True,0
70,48.16,3401.96,month_to_month,bank_transfer,dsl,0,1,11.5,False,False,False,0
0,63.09,0.0,two_year,electronic_check,none,1,0,84.1,False,False,True,1
52,85.66,4451.67,month_to_month,electronic_check,fiber,1,0,11.9,False,False,False,1
59,78.95,4783.48,two_year,electronic_check,none,2,1,8.2,False,True,False,0
67,78.87,5166.19,month_to_month,bank_transfer,dsl,1,2,12.4,False,False,True,0
11,65.28,641.22,month_to_month,bank_transfer,fiber,3,2,10.4,False,False,False,0
71,61.78,4463.85,month_to_month,bank_transfer,dsl,1,1,25.4,False,False,False,0
28,66.04,1856.1,month_to_month,electronic_check,dsl,1,0,61.6,False,False,False,0
25,85.94,2162.1,one_year,bank_transfer,dsl,1,0,124.1,True,False,True,0
25,88.5,2304.51,one_year,electronic_check,fiber,1,0,20.3,False,False,True,1
46,47.86,2130.09,month_to_month,mailed_check,dsl,1,1,26.7,False,False,False,0
48,86.77,4118.22,month_to_month,credit_card,dsl,2,0,108.9,False,False,True,0
34,55.68,1835.28,month_to_month,bank_transfer,dsl,0,2,42.2,False,False,False,0
5,80.32,370.26,two_year,electronic_check,dsl,1,1,112.4,True,False,True,1
72,65.78,4856.72,two_year,electronic_check,fiber,1,0,18.2,True,False,True,0
16,104.45,1518.1,one_year,credit_card,dsl,2,1,35.8,False,False,False,0
6,60.8,257.32,two_year,credit_card,dsl,2,0,14.3,False,False,False,1
43,73.93,3056.08,month_to_month,electronic_check,fiber,0,1,35.5,False,False,True,0
30,83.35,2626.65,month_to_month,credit_card,dsl,1,0,38.6,False,True,False,0
44,50.77,2178.58,month_to_month,electronic_check,fiber,1,0,46.4,False,False,False,1
63,68.4,4279.8,two_year,mailed_check,dsl,1,1,73.7,False,False,False,0
7,64.14,303.66,month_to_month,credit_card,fiber,1,1,104.4,True,False,True,1
20,58.7,1150.39,two_year,credit_card,dsl,2,0,14.9,True,False,False,1
37,60.33,2310.2,month_to_month,credit_card,fiber,1,1,54.7,False,False,False,0
57,94.46,5406.99,month_to_month,bank_transfer,none,2,2,78.3,False,True,True,1
43,56.83,2433.98,month_to_month,electronic_check,dsl,0,0,35.9,True,False,False,0
27,82.46,2085.58,one_year,bank_transfer,fiber,3,0,13.8,False,False,True,0
44,76.92,3354.96,month_to_month,mailed_check,fiber,0,1,80.3,False,False,True,0
71,39.27,2801.39,two_year,credit_card,dsl,0,0,28.4,False,True,True,0
35,81.42,2760.44,one_year,electronic_check,fiber,1,0,107.7,False,True,True,0
64,38.9,2548.54,month_to_month,electronic_check,dsl,0,1,10.4,False,True,False,1
56,83.82,4773.58,one_year,mailed_check,dsl,0,0,60.0,False,False,False,0
21,58.84,1188.06,month_to_month,electronic_check,dsl,1,2,117.4,False,True,True,1
18,70.18,1328.56,two_year,electronic_check,fiber,0,1,19.5,False,True,True,0
56,41.53,2315.8,month_to_month,mailed_check,fiber,1,2,65.7,False,False,True,0
15,72.69,1193.59,one_year,mailed_check,dsl,2,1,14.5,False,True,True,1
24,90.39,2352.43,month_to_month,credit_card,fiber,2,0,26.9,False,False,True,1
17,52.25,789.82,month_to_month,electronic_check,dsl,2,0,36.2,False,False,True,1
44,56.64,2561.41,one_year,credit_card,dsl,1,1,53.1,False,False,True,0
21,80.0,1797.45,month_to_month,bank_transfer,dsl,0,1,67.8,True,True,True,0
48,80.55,3779.04,one_year,electronic_check,dsl,2,0,21.5,True,False,True,1
68,18.0,1172.24,month_to_month,electronic_check,dsl,0,1,146.9,False,False,False,0
60,114.34,6807.63,month_to_month,mailed_check,none,1,0,11.2,True,False,True,0
69,81.63,5620.52,month_to_month,bank_transfer,fiber,1,0,76.1,False,False,True,0
1,85.33,53.26,one_year,credit_card,fiber,1,2,22.9,False,False,False,1
33,66.84,2187.87,month_to_month,mailed_check,fiber,0,1,114.5,False,True,False,0
16,29.18,542.3,month_to_month,credit_card,fiber,2,0,22.3,False,False,True,1
67,84.84,5513.66,month_to_month,mailed_check,dsl,1,1,8.3,False,False,False,0
51,57.57,2848.42,month_to_month,electronic_check,dsl,2,0,82.6,True,False,False,1
23,81.97,1945.6,one_year,credit_card,dsl,1,1,40.3,True,False,False,1
41,65.19,2722.54,two_year,bank_transfer,none,0,0,114.6,False,False,True,0
44,75.24,3215.29,one_year,credit_card,fiber,0,1,51.4,False,False,False,1
36,52.95,1956.57,month_to_month,electronic_check,fiber,1,2,35.3,False,True,True,1
34,89.02,3146.1,month_to_month,bank_transfer,fiber,0,1,113.6,True,True,False,1
4,43.86,171.03,one_year,credit_card,dsl,0,0,52.9,False,False,True,0
33,119.4,3849.48,one_year,electronic_check,fiber,1,1,37.2,False,False,False,0
25,119.23,3059.5,month_to_month,credit_card,fiber,3,1,36.6,False,True,False,1
59,105.92,6404.35,one_year,bank_transfer,fiber,1,0,76.3,False,False,True,0
63,98.06,6098.03,month_to_month,bank_transfer,none,2,0,25.6,False,False,True,0
54,68.14,3683.09,month_to_month,credit_card,fiber,2,0,126.7,False,False,True,0
2,95.66,289.43,month_to_month,electronic_check,fiber,3,0,30.5,False,True,True,0
61,67.88,4151.06,month_to_month,electronic_check,dsl,1,0,17.1,False,True,True,0
28,35.82,845.7,month_to_month,bank_transfer,fiber,2,0,13.7,False,False,False,0
30,103.07,3132.01,month_to_month,bank_transfer,dsl,2,0,72.5,False,True,False,1
68,94.83,6360.35,month_to_month,bank_transfer,dsl,0,0,100.0,False,False,True,1
63,69.31,4252.16,month_to_month,credit_card,dsl,2,1,66.5,True,False,False,1
3,43.05,0.0,month_to_month,electronic_check,dsl,0,0,73.4,False,False,False,0
26,57.1,1591.74,month_to_month,credit_card,fiber,1,0,68.0,False,False,True,0
54,29.93,1541.1,two_year,credit_card,none,0,0,48.1,False,False,True,0
39,90.79,3570.81,one_year,credit_card,dsl,4,0,46.7,False,False,True,0
18,34.73,677.25,month_to_month,electronic_check,none,1,0,20.2,True,False,True,0
38,76.31,2914.34,month_to_month,electronic_check,fiber,3,0,92.6,True,False,True,1
63,51.44,3267.41,month_to_month,mailed_check,fiber,2,1,129.7,False,False,True,1
16,38.61,652.05,month_to_month,credit_card,dsl,1,0,28.8,True,False,False,1
54,75.24,4075.39,month_to_month,mailed_check,none,2,1,13.6,False,False,True,0
53,62.66,3252.57,month_to_month,bank_transfer,none,0,1,47.4,False,False,True,0
64,88.44,5583.72,month_to_month,bank_transfer,fiber,2,0,64.9,False,True,True,0
21,42.11,874.86,one_year,electronic_check,dsl,0,0,89.2,False,False,True,0
15,53.34,788.75,month_to_month,electronic_check,none,0,0,140.1,False,False,False,0
39,18.0,740.64,month_to_month,bank_transfer,fiber,1,0,62.1,False,True,True,1
38,21.94,932.87,month_to_month,credit_card,dsl,0,0,48.9,False,False,False,0
29,109.56,3208.19,two_year,electronic_check,none,1,0,56.4,False,True,False,0
56,115.84,6414.06,one_year,bank_transfer,dsl,4,0,6.0,False,True,True,0
58,72.04,3982.02,one_year,electronic_check,fiber,1,1,19.3,False,False,False,1
17,51.88,812.76,two_year,electronic_check,fiber,1,0,54.6,True,False,True,1
58,63.43,3557.94,month_to_month,mailed_check,fiber,2,0,69.4,False,True,True,0
16,89.22,1361.79,month_to_month,credit_card,dsl,2,2,42.0,False,True,False,1
29,58.68,1723.52,one_year,electronic_check,none,1,2,81.8,False,False,False,0
1,75.23,82.83,month_to_month,electronic_check,dsl,0,0,57.2,False,False,False,1
24,69.72,1840.52,one_year,mailed_check,fiber,2,2,61.1,False,False,True,0
69,57.49,4010.29,month_to_month,mailed_check,dsl,3,0,55.7,False,False,True,0
32,58.42,2041.27,month_to_month,electronic_check,fiber,2,0,89.4,True,False,True,0
51,76.45,3963.31,month_to_month,credit_card,fiber,2,0,49.5,False,True,True,0
7,48.51,437.28,month_to_month,bank_transfer,dsl,4,0,46.3,False,False,False,1
46,79.94,3644.94,one_year,electronic_check,dsl,2,0,45.9,False,True,True,0
27,59.63,1513.3,month_to_month,credit_card,fiber,2,0,43.0,False,False,False,0
54,72.8,3890.79,month_to_month,electronic_check,fiber,0,1,70.6,False,True,True,1
67,100.45,6729.08,month_to_month,electronic_check,none,1,3,44.5,False,True,True,0
38,66.3,2462.87,two_year,credit_card,dsl,2,2,51.1,False,False,True,0
7,90.24,541.58,one_year,electronic_check,fiber,0,0,41.7,False,False,True,0
34,30.58,1077.24,one_year,credit_card,none,1,0,41.0,True,False,True,0
8,59.65,386.71,month_to_month,electronic_check,fiber,0,0,16.8,False,True,True,0
32,70.61,2121.51,month_to_month,credit_card,fiber,1,0,8.8,False,False,True,0
4,112.31,348.25,month_to_month,mailed_check,fiber,1,0,26.8,False,False,True,0
46,26.88,1215.39,month_to_month,credit_card,fiber,2,1,71.8,False,False,True,1
22,67.88,1404.18,month_to_month,credit_card,fiber,1,0,99.5,False,False,False,1
14,102.05,1408.17,two_year,credit_card,fiber,1,0,21.0,False,False,True,0
1,52.73,106.77,month_to_month,mailed_check,dsl,4,1,23.6,False,False,True,1
64,65.32,4232.18,month_to_month,bank_transfer,fiber,1,0,74.6,False,False,False,0
61,77.3,4655.83,month_to_month,electronic_check,fiber,3,0,17.0,False,False,False,1
59,74.06,4252.19,month_to_month,electronic_check,dsl,1,0,43.2,False,False,False,0
4,104.45,365.99,month_to_month,credit_card,fiber,0,0,14.7,False,False,True,1
25,79.87,2055.76,one_year,bank_transfer,dsl,0,1,100.2,False,False,True,0
70,99.21,7024.73,two_year,electronic_check,fiber,0,0,71.1,True,False,False,0
42,62.08,2639.12,one_year,credit_card,dsl,1,0,35.4,False,True,False,0
9,53.71,591.52,two_year,bank_transfer,none,2,1,35.0,False,False,False,1
10,65.03,805.93,month_to_month,credit_card,fiber,1,0,69.8,False,False,True,1
19,44.5,802.01,one_year,bank_transfer,dsl,2,3,72.1,False,True,True,0
70,80.64,5778.59,two_year,electronic_check,dsl,1,0,20.0,False,False,False,0
12,61.51,714.67,month_to_month,bank_transfer,dsl,0,0,30.5,False,False,False,1
65,55.22,3681.09,one_year,bank_transfer,fiber,3,1,5.7,False,True,False,0
49,80.97,4031.3,two_year,mailed_check,fiber,1,0,91.7,False,True,True,0
67,44.84,2826.34,one_year,bank_transfer,dsl,1,0,91.3,False,False,True,0
60,86.95,5130.04,month_to_month,electronic_check,fiber,4,1,45.7,False,False,True,1
24,59.48,1317.6,month_to_month,bank_transfer,dsl,0,1,58.4,False,True,False,0
60,95.5,5569.62,one_year,bank_transfer,fiber,3,2,30.2,False,False,True,0
12,61.36,815.46,two_year,credit_card,fiber,1,0,23.1,False,False,False,1
21,83.9,1948.09,month_to_month,credit_card,fiber,1,1,20.4,True,True,True,1
15,73.95,1086.06,month_to_month,electronic_check,fiber,2,0,9.3,False,True,False,1
9,86.37,854.2,month_to_month,bank_transfer,dsl,0,0,27.3,False,False,True,0
6,72.42,568.14,month_to_month,credit_card,fiber,2,0,23.4,False,False,False,0
13,33.41,453.08,one_year,electronic_check,dsl,1,0,57.9,False,True,False,1
8,92.19,735.24,month_to_month,credit_card,dsl,0,1,128.7,False,False,False,1
27,68.07,1815.78,month_to_month,mailed_check,none,4,0,35.3,True,False,True,1
5,87.37,485.23,one_year,electronic_check,none,0,2,11.6,False,True,True,1
4,85.19,419.48,month_to_month,credit_card,dsl,2,0,19.2,False,False,True,1
72,52.99,3856.84,one_year,mailed_check,none,1,0,21.0,True,True,False,0
6,49.87,337.69,month_to_month,mailed_check,dsl,0,0,70.0,False,False,False,1
5,84.42,417.49,month_to_month,electronic_check,fiber,1,0,78.8,False,True,True,1
2,63.33,0.0,two_year,electronic_check,none,0,1,57.2,False,False,False,0
9,90.6,896.19,month_to_month,credit_card,fiber,1,0,15.8,False,False,True,1
38,66.08,2395.42,month_to_month,electronic_check,fiber,1,0,80.5,False,False,True,0
60,92.52,5606.94,month_to_month,credit_card,fiber,2,0,11.4,False,True,False,0
53,79.31,4271.45,one_year,credit_card,dsl,1,0,50.6,False,True,True,0
42,76.34,3103.64,month_to_month,bank_transfer,dsl,0,0,67.9,False,False,False,0
6,61.77,315.92,month_to_month,bank_transfer,dsl,0,0,43.1,False,False,True,1
56,75.11,4397.09,month_to_month,mailed_check,fiber,0,0,42.4,False,True,True,1
2,96.24,185.33,two_year,bank_transfer,fiber,0,0,25.4,False,True,True,0
46,68.81,3055.44,one_year,credit_card,fiber,3,0,16.9,True,False,False,1
29,81.69,2441.09,two_year,electronic_check,fiber,1,1,102.1,False,False,True,1
64,71.02,4475.74,one_year,bank_transfer,fiber,1,0,42.2,True,False,True,0
22,72.74,1427.43,two_year,bank_transfer,fiber,1,1,37.6,False,False,True,1
46,107.92,5011.1,month_to_month,electronic_check,none,1,2,98.3,True,False,True,1
32,96.44,3003.58,month_to_month,electronic_check,dsl,1,1,9.1,True,False,True,1
38,71.75,2755.41,two_year,bank_transfer,fiber,2,0,124.7,False,False,True,0
68,74.72,5007.82,two_year,electronic_check,fiber,1,0,40.5,False,False,False,0
52,54.56,2900.77,two_year,bank_transfer,none,1,0,44.6,False,True,False,0
30,66.19,2002.21,two_year,electronic_check,dsl,0,1,25.8,False,True,False,0
32,76.81,2224.89,one_year,credit_card,dsl,1,0,36.3,False,False,False,0
51,88.71,4558.59,month_to_month,electronic_check,none,0,0,12.6,False,True,True,0
25,86.48,2135.92,one_year,credit_card,fiber,2,0,50.1,True,True,True,0
12,45.6,674.7,month_to_month,bank_transfer,fiber,0,1,92.4,False,False,False,1
34,91.49,3146.23,one_year,electronic_check,fiber,0,0,37.0,False,False,True,1
4,68.05,340.25,two_year,electronic_check,dsl,0,0,50.7,False,True,True,0
12,48.29,515.53,one_year,electronic_check,none,1,2,42.9,False,False,True,1
30,99.4,2910.89,month_to_month,electronic_check,fiber,0,1,80.5,True,False,True,0
58,102.19,5924.71,one_year,credit_card,dsl,2,0,27.6,False,False,False,0
57,75.8,4288.14,two_year,electronic_check,dsl,2,0,80.7,False,True,True,0
19,85.59,1746.63,month_to_month,credit_card,dsl,1,1,28.1,False,False,False,1
30,86.88,2592.6,month_to_month,bank_transfer,dsl,1,0,50.6,False,True,False,0
11,100.71,997.58,one_year,mailed_check,dsl,1,0,49.9,False,False,False,0
55,86.02,4656.62,two_year,electronic_check,dsl,0,0,90.2,False,False,True,0
17,40.79,780.28,one_year,mailed_check,dsl,0,0,109.1,False,False,True,0
58,114.22,6609.71,one_year,mailed_check,dsl,2,0,27.0,False,True,True,0
61,93.44,5679.98,month_to_month,bank_transfer,fiber,2,0,37.5,False,False,False,0
50,58.79,3034.92,month_to_month,bank_transfer,dsl,1,1,103.8,False,False,True,0
24,47.35,1054.07,two_year,credit_card,dsl,1,0,35.0,True,False,False,1
69,81.11,5395.42,month_to_month,electronic_check,none,2,1,14.7,False,False,True,0
50,63.88,3117.24,month_to_month,mailed_check,fiber,1,1,122.1,True,False,True,0
47,77.26,3653.01,month_to_month,mailed_check,fiber,0,0,74.7,True,True,True,0
62,86.35,5331.24,month_to_month,electronic_check,fiber,2,0,41.8,False,True,True,0
64,57.54,3542.12,month_to_month,electronic_check,dsl,0,0,25.7,False,True,True,0
5,45.45,318.7,one_year,electronic_check,dsl,1,1,21.3,False,False,False,1
64,78.49,5038.07,month_to_month,credit_card,fiber,2,0,22.0,False,False,False,0
55,58.27,3239.86,one_year,mailed_check,dsl,0,1,68.7,False,False,False,0
15,73.21,1135.91,month_to_month,electronic_check,dsl,2,0,92.5,False,False,False,0
22,40.45,773.03,two_year,bank_transfer,dsl,2,1,15.5,False,False,False,0
54,64.45,3507.56,month_to_month,bank_transfer,fiber,3,0,29.7,True,False,False,0
15,85.73,1367.62,month_to_month,credit_card,dsl,2,0,11.9,False,True,False,0
33,83.33,2852.52,month_to_month,bank_transfer,fiber,2,1,35.1,False,False,True,1
50,52.66,2697.91,two_year,credit_card,fiber,0,0,34.0,True,False,False,0
47,44.3,2128.28,one_year,electronic_check,dsl,0,0,48.7,False,False,True,0
66,70.35,4486.73,one_year,credit_card,fiber,1,0,6.2,False,False,True,0
8,82.34,657.38,month_to_month,electronic_check,fiber,1,0,38.0,False,True,False,0
21,78.91,1571.02,month_to_month,bank_transfer,fiber,0,0,57.0,False,False,True,0
71,58.73,4285.23,two_year,electronic_check,dsl,5,0,48.7,False,False,True,1
41,76.55,3240.28,month_to_month,bank_transfer,dsl,1,2,66.3,False,False,True,0
18,103.05,1769.35,one_year,credit_card,dsl,0,1,53.1,False,False,True,0
21,74.51,1560.57,two_year,mailed_check,fiber,3,0,7.7,False,False,False,0
24,34.07,840.05,one_year,bank_transfer,fiber,2,1,97.3,False,False,False,1
40,74.47,3059.87,month_to_month,bank_transfer,none,3,0,86.9,False,False,True,0
20,114.97,2148.59,month_to_month,electronic_check,fiber,1,1,24.7,False,True,False,0
45,41.68,1676.73,month_to_month,credit_card,dsl,2,0,37.6,False,False,False,0
32,70.65,2264.23,two_year,bank_transfer,fiber,0,0,19.5,True,True,True,0
44,65.02,2633.05,two_year,bank_transfer,dsl,0,0,58.1,False,True,True,1
11,72.11,807.48,month_to_month,bank_transfer,dsl,0,0,60.4,False,False,False,1
45,74.27,3395.45,two_year,electronic_check,fiber,1,0,83.8,False,False,True,0
67,95.08,6481.61,month_to_month,electronic_check,dsl,1,0,38.9,True,False,False,0
9,71.87,590.8,month_to_month,electronic_check,fiber,0,0,51.1,False,False,True,1
23,98.1,2270.81,month_to_month,electronic_check,fiber,1,0,20.2,False,False,True,1
50,67.41,3429.14,two_year,bank_transfer,dsl,1,0,69.8,False,False,True,0
45,62.3,2697.69,month_to_month,credit_card,dsl,1,1,95.5,False,True,True,0
49,55.28,2791.1,month_to_month,credit_card,dsl,2,1,77.7,False,False,True,0
40,30.02,1225.49,month_to_month,electronic_check,dsl,3,0,109.7,False,True,True,1
49,76.07,3672.94,month_to_month,bank_transfer,none,0,1,38.0,False,True,False,1
44,115.19,5081.08,month_to_month,electronic_check,fiber,1,1,14.6,False,True,True,1
5,80.08,387.86,month_to_month,electronic_check,fiber,6,1,3.7,False,True,False,1
54,85.11,4666.15,two_year,bank_transfer,fiber,0,1,32.5,False,False,True,0
32,60.91,1916.68,two_year,bank_transfer,dsl,0,0,38.0,True,False,False,1
3,64.62,214.3,month_to_month,electronic_check,fiber,1,0,68.6,False,False,True,1
29,91.66,2602.26,two_year,electronic_check,fiber,3,0,34.9,False,True,True,0
31,114.19,3455.48,two_year,credit_card,fiber,2,0,19.0,False,True,False,1
6,102.73,631.82,two_year,credit_card,fiber,3,0,62.2,False,True,False,0
72,87.72,6235.13,month_to_month,electronic_check,fiber,1,0,53.2,False,False,False,0
16,70.77,1204.37,two_year,credit_card,fiber,3,0,79.1,False,False,True,1
24,74.61,1843.94,one_year,electronic_check,fiber,2,0,94.1,True,False,True,1
32,53.42,1640.58,month_to_month,credit_card,dsl,1,0,89.9,False,False,False,1
60,38.14,2307.64,one_year,bank_transfer,fiber,1,1,54.4,False,False,True,0
54,45.21,2372.07,month_to_month,bank_transfer,fiber,1,1,41.9,True,False,True,1
56,71.1,3837.21,one_year,electronic_check,fiber,1,0,8.5,True,True,True,0
17,63.58,1027.11,one_year,electronic_check,dsl,1,0,66.5,False,False,True,0
61,37.67,2293.34,month_to_month,electronic_check,dsl,1,0,77.0,False,False,True,0
60,69.18,4197.73,month_to_month,electronic_check,fiber,2,0,19.5,False,False,True,1
33,62.99,2092.12,two_year,electronic_check,fiber,3,0,8.5,True,False,True,0
39,44.2,1805.49,month_to_month,electronic_check,fiber,0,0,33.2,False,True,True,0
2,61.86,35.42,two_year,bank_transfer,none,1,0,95.7,False,False,True,1
55,62.94,3427.8,one_year,bank_transfer,none,0,0,39.1,False,False,True,0
70,56.43,4098.09,month_to_month,bank_transfer,dsl,0,0,12.2,False,True,False,0
34,90.39,2899.46,month_to_month,electronic_check,none,1,0,55.6,False,False,False,1
39,28.14,1056.78,two_year,bank_transfer,fiber,0,1,22.6,False,False,False,0
36,26.31,850.73,two_year,credit_card,dsl,1,1,101.3,False,False,False,0
6,70.07,402.83,month_to_month,bank_transfer,dsl,0,0,19.3,False,False,True,0
45,72.11,3205.85,month_to_month,electronic_check,fiber,2,0,42.8,False,False,True,0
52,78.89,4156.47,month_to_month,mailed_check,dsl,1,0,18.5,False,True,True,1
67,58.14,3918.38,one_year,electronic_check,fiber,1,0,58.6,False,False,True,1
67,49.81,3219.76,month_to_month,electronic_check,dsl,1,2,44.1,True,True,False,0
35,69.84,2391.47,month_to_month,credit_card,fiber,1,1,90.9,True,True,False,0
70,60.29,4220.29,month_to_month,electronic_check,fiber,1,0,78.2,True,False,True,0
38,104.12,4023.1,two_year,mailed_check,fiber,1,0,37.3,False,False,False,0
46,62.87,3110.99,month_to_month,bank_transfer,fiber,0,0,37.9,False,False,False,0
43,68.83,3022.94,one_year,mailed_check,fiber,1,0,43.5,False,False,True,0
72,124.46,8870.0,month_to_month,mailed_check,fiber,4,0,55.4,False,True,True,1
53,65.72,3474.71,one_year,credit_card,fiber,2,0,189.1,False,True,False,1
8,82.24,674.21,one_year,bank_transfer,dsl,1,0,70.7,False,True,False,1
5,84.22,374.35,two_year,mailed_check,dsl,1,1,39.9,False,False,True,1
29,86.09,2538.93,one_year,electronic_check,fiber,1,0,11.0,False,True,False,0
37,76.37,2621.27,month_to_month,electronic_check,fiber,0,0,9.4,False,False,True,0
48,74.26,3614.26,month_to_month,credit_card,dsl,1,1,8.4,False,False,True,0
35,72.21,2484.48,month_to_month,bank_transfer,fiber,0,0,93.4,True,False,True,1
37,57.33,2111.34,month_to_month,bank_transfer,fiber,2,0,29.5,False,False,True,1
67,77.16,5301.64,two_year,electronic_check,fiber,0,0,100.0,False,False,False,0
24,114.63,2637.58,month_to_month,bank_transfer,fiber,3,2,35.1,False,False,False,0
36,96.64,3503.58,two_year,bank_transfer,fiber,0,0,27.7,False,True,True,0
40,76.69,3139.05,month_to_month,credit_card,none,1,0,72.6,False,False,True,1
34,88.83,3035.55,two_year,bank_transfer,dsl,1,2,7.7,False,True,False,1
70,50.88,3416.32,two_year,mailed_check,none,2,1,125.0,False,True,False,0
70,64.27,4620.44,one_year,electronic_check,dsl,0,2,18.9,False,False,False,0
37,90.85,3342.43,month_to_month,credit_card,fiber,0,0,43.9,False,False,True,1
32,102.72,3239.56,two_year,bank_transfer,dsl,0,1,33.1,False,False,True,0
42,53.04,2199.74,two_year,credit_card,none,0,0,73.2,False,True,False,0
13,59.36,737.29,month_to_month,electronic_check,none,0,0,32.0,False,False,True,1
31,117.99,3550.57,two_year,mailed_check,dsl,0,0,100.5,False,False,False,0
15,72.12,1096.65,two_year,electronic_check,fiber,0,1,89.3,False,False,True,1
10,110.11,1047.35,month_to_month,electronic_check,dsl,3,0,66.9,False,False,True,0
6,74.55,507.68,month_to_month,mailed_check,fiber,1,0,17.0,False,False,True,1
42,75.42,3214.22,month_to_month,bank_transfer,fiber,1,0,7.7,False,False,True,1
0,63.28,146.31,month_to_month,credit_card,fiber,1,0,55.4,True,False,False,1
47,90.74,4245.73,two_year,credit_card,fiber,1,0,66.1,True,True,False,0
31,99.87,3023.68,two_year,electronic_check,fiber,0,1,44.5,False,True,True,0
26,47.23,1095.7,month_to_month,electronic_check,none,1,0,44.8,False,False,True,1
56,62.25,3683.4,one_year,mailed_check,dsl,3,0,117.2,False,False,False,0
39,90.13,3574.66,month_to_month,electronic_check,dsl,1,0,17.1,False,False,False,0
53,67.15,3496.63,month_to_month,electronic_check,dsl,1,0,50.2,False,False,False,0
51,59.15,3169.03,one_year,bank_transfer,fiber,0,0,75.0,False,False,True,1
2,92.21,306.47,one_year,mailed_check,dsl,3,0,126.2,True,False,False,1
15,94.28,1292.59,month_to_month,bank_transfer,dsl,0,1,25.8,False,False,True,1
41,60.11,2396.7,month_to_month,electronic_check,fiber,2,0,49.3,True,False,True,1
71,74.67,5289.66,two_year,electronic_check,fiber,1,0,39.1,False,False,True,0
11,43.41,381.2,month_to_month,mailed_check,dsl,0,0,57.9,True,True,True,0
7,50.3,343.41,month_to_month,bank_transfer,dsl,2,2,78.2,False,True,True,0
68,72.73,5009.72,two_year,bank_transfer,fiber,0,2,58.0,False,False,True,0
70,70.69,4824.71,two_year,credit_card,dsl,0,0,26.2,False,True,True,0
12,48.73,611.13,one_year,bank_transfer,dsl,1,0,49.3,True,False,True,1
29,54.25,1678.41,month_to_month,mailed_check,none,1,1,48.4,False,False,True,1
45,46.57,2131.67,one_year,electronic_check,dsl,1,0,15.5,False,True,True,0
14,80.01,1113.33,one_year,electronic_check,fiber,1,0,248.4,False,False,False,1
23,26.71,554.2,month_to_month,electronic_check,dsl,2,0,31.7,False,False,False,1
28,47.75,1411.78,month_to_month,bank_transfer,none,3,0,75.6,False,False,True,0
46,29.02,1229.0,month_to_month,electronic_check,fiber,2,0,6.3,False,True,True,0
22,79.22,1764.69,month_to_month,electronic_check,dsl,3,0,34.4,False,False,False,1
30,30.34,912.5,two_year,bank_transfer,dsl,0,0,19.0,False,True,True,0
21,70.7,1586.0,one_year,bank_transfer,fiber,3,0,29.9,False,False,True,0
55,106.07,5781.4,month_to_month,credit_card,dsl,0,0,16.5,False,False,False,1
11,106.82,1130.22,month_to_month,mailed_check,fiber,1,0,66.0,False,False,True,0
16,30.27,372.55,month_to_month,electronic_check,fiber,0,0,22.5,False,False,True,1
18,76.57,1417.62,month_to_month,credit_card,dsl,1,0,63.8,False,False,False,1
66,48.24,3145.7,month_to_month,bank_transfer,dsl,2,0,26.3,True,False,False,0
68,43.75,2897.41,two_year,bank_transfer,none,2,0,28.1,True,False,False,0
36,67.5,2360.99,two_year,bank_transfer,fiber,1,0,62.2,False,False,False,0
11,97.02,1115.56,two_year,bank_transfer,dsl,2,0,17.8,False,False,True,0
55,83.19,4476.18,month_to_month,bank_transfer,fiber,2,1,47.8,False,False,True,0
35,54.27,1808.18,two_year,bank_transfer,dsl,1,0,24.7,False,False,False,0
62,85.51,5382.29,one_year,mailed_check,none,0,3,51.2,False,False,True,1
26,20.64,521.69,month_to_month,mailed_check,dsl,2,0,88.1,False,False,True,0
72,53.44,3933.67,month_to_month,credit_card,dsl,2,1,80.5,False,True,True,0
58,51.87,2976.12,month_to_month,bank_transfer,fiber,1,0,16.8,False,True,True,0
16,71.72,1147.42,month_to_month,credit_card,none,2,0,5.5,True,True,True,1
52,65.54,3422.15,two_year,bank_transfer,fiber,2,0,87.7,False,False,True,0
20,66.89,1462.66,one_year,electronic_check,fiber,0,0,87.3,False,False,True,0
25,66.16,1771.53,two_year,credit_card,fiber,0,0,55.3,False,False,False,0
18,70.49,1372.61,one_year,mailed_check,dsl,1,0,51.3,False,False,True,0
49,81.88,3955.53,month_to_month,bank_transfer,dsl,0,1,4.7,False,True,True,1
19,73.29,1303.7,month_to_month,electronic_check,dsl,2,0,33.7,False,True,True,1
46,63.74,3000.51,month_to_month,credit_card,dsl,0,1,73.0,False,True,True,0
42,78.84,3435.19,two_year,credit_card,dsl,1,0,12.5,False,False,True,0
54,88.17,4865.83,month_to_month,bank_transfer,none,0,0,31.1,False,True,True,0
72,57.77,4160.61,month_to_month,electronic_check,dsl,4,1,36.3,True,False,False,0
0,68.69,65.5,month_to_month,credit_card,fiber,1,0,84.6,True,False,True,1
72,95.56,6947.4,two_year,bank_transfer,none,0,0,31.9,False,False,True,0
7,45.74,333.58,month_to_month,credit_card,none,0,0,76.3,False,False,True,1
38,109.7,4185.91,month_to_month,electronic_check,dsl,3,0,82.7,False,False,True,1
24,40.54,981.8,one_year,bank_transfer,dsl,0,3,43.8,False,False,False,1
46,62.4,2799.47,month_to_month,bank_transfer,none,1,0,112.5,True,False,False,1
52,49.1,2491.46,one_year,credit_card,dsl,0,0,37.0,True,False,False,0
62,118.13,7260.93,one_year,electronic_check,fiber,1,0,70.0,False,False,True,0
29,58.93,1565.04,month_to_month,bank_transfer,none,2,1,62.4,True,True,True,1
68,58.98,4023.5,month_to_month,credit_card,dsl,2,1,36.4,False,True,True,0
23,61.84,1418.67,month_to_month,electronic_check,dsl,1,1,81.5,False,True,False,1
14,72.1,1077.98,month_to_month,credit_card,fiber,2,0,117.7,False,False,True,1
27,62.77,1808.25,one_year,credit_card,fiber,0,0,29.4,True,False,False,0
38,67.08,2668.23,month_to_month,bank_transfer,fiber,2,0,133.9,False,False,True,0
48,18.0,991.66,month_to_month,mailed_check,fiber,1,0,29.6,False,False,True,1
60,71.26,4207.46,one_year,bank_transfer,fiber,1,0,63.1,False,False,True,0
16,70.39,997.36,one_year,electronic_check,dsl,1,1,47.0,False,True,False,1
22,92.85,2126.47,two_year,electronic_check,fiber,0,0,15.3,False,True,True,1
68,98.8,6842.79,two_year,electronic_check,fiber,2,0,49.1,False,False,False,0
32,65.87,2247.88,month_to_month,bank_transfer,fiber,1,0,51.3,True,False,True,0
17,87.96,1538.97,month_to_month,credit_card,dsl,2,1,83.4,False,True,True,0
71,45.77,3069.97,one_year,mailed_check,dsl,0,0,40.3,False,False,False,0
32,86.88,2813.06,one_year,credit_card,fiber,1,2,64.4,True,False,True,1
71,57.41,4126.1,month_to_month,electronic_check,fiber,0,0,28.1,False,False,True,0
67,43.94,3056.67,two_year,credit_card,fiber,0,1,25.5,False,False,True,0
66,65.92,4479.39,one_year,credit_card,dsl,1,0,43.4,False,True,True,0
42,100.81,4315.89,month_to_month,electronic_check,dsl,0,1,35.8,False,False,False,0
58,73.98,4237.98,one_year,credit_card,dsl,0,1,36.2,False,True,False,0
70,102.92,7111.78,month_to_month,electronic_check,none,3,0,41.5,True,False,False,0
19,53.53,1065.13,two_year,electronic_check,dsl,0,0,22.1,False,True,True,0
2,93.05,114.78,month_to_month,credit_card,dsl,0,0,85.4,False,False,True,1
23,55.65,1412.71,one_year,bank_transfer,fiber,1,0,119.4,False,False,True,1
46,74.96,3294.75,one_year,mailed_check,fiber,2,0,57.3,False,True,True,0
39,74.77,2967.05,month_to_month,electronic_check,fiber,1,0,4.3,False,True,True,0
5,84.55,451.51,one_year,credit_card,fiber,1,0,95.3,False,False,False,1
40,75.52,3002.19,month_to_month,bank_transfer,fiber,0,0,13.0,False,False,True,1
12,53.74,561.62,month_to_month,mailed_check,fiber,0,0,18.8,True,True,False,1
36,89.37,3031.76,month_to_month,bank_transfer,fiber,3,0,68.1,False,False,True,1
42,108.1,4492.37,two_year,credit_card,dsl,1,1,53.6,False,False,False,0
46,57.16,2583.11,two_year,mailed_check,dsl,1,0,101.3,False,False,False,0
30,29.62,988.66,month_to_month,bank_transfer,fiber,2,0,20.0,False,False,False,0
29,80.99,2278.25,two_year,electronic_check,fiber,1,0,107.2,False,True,True,1
49,62.71,3113.54,two_year,electronic_check,dsl,1,0,16.6,False,False,False,0
54,67.12,3508.18,month_to_month,mailed_check,none,3,0,32.0,False,False,False,1
58,82.24,4813.14,two_year,mailed_check,fiber,4,1,47.0,True,False,True,0
24,59.96,1237.65,month_to_month,credit_card,dsl,2,0,59.1,False,True,False,1
30,64.09,2111.28,two_year,bank_transfer,none,3,0,91.6,False,True,False,0
24,67.8,1614.5,one_year,electronic_check,dsl,2,0,69.7,False,True,False,0
38,102.33,3637.03,two_year,bank_transfer,dsl,5,1,22.9,False,False,True,1
9,70.66,571.34,month_to_month,credit_card,fiber,0,1,79.3,False,False,True,0
31,42.82,1248.61,month_to_month,electronic_check,fiber,1,1,36.4,True,True,True,0
13,43.69,508.95,two_year,credit_card,dsl,1,2,6.8,False,False,False,0
38,73.06,2743.46,one_year,credit_card,none,4,1,50.9,False,False,True,1
62,45.15,2739.66,one_year,mailed_check,dsl,2,0,62.1,False,True,True,1
71,35.63,2456.25,one_year,mailed_check,fiber,1,0,59.1,False,False,True,1
32,83.98,2583.08,one_year,electronic_check,fiber,1,0,60.6,True,False,True,0
4,85.06,414.2,month_to_month,electronic_check,fiber,0,0,45.9,True,False,True,1
16,61.9,1098.5,month_to_month,electronic_check,none,1,0,20.7,False,True,False,1
7,76.46,512.31,month_to_month,electronic_check,fiber,1,0,88.4,True,True,False,0
55,74.14,4076.11,month_to_month,credit_card,fiber,1,0,50.4,True,False,True,0
71,83.25,5809.38,two_year,credit_card,dsl,3,0,44.9,False,False,False,0
40,83.3,3338.39,month_to_month,electronic_check,fiber,1,1,59.7,False,False,True,1
12,18.0,236.7,month_to_month,mailed_check,fiber,2,0,40.4,False,True,False,1
1,64.71,44.96,month_to_month,bank_transfer,fiber,0,0,76.5,False,True,False,1
71,81.39,5814.34,two_year,electronic_check,dsl,0,1,107.9,False,True,False,0
23,60.97,1430.09,month_to_month,bank_transfer,fiber,1,1,14.2,True,False,True,1
8,70.8,471.53,month_to_month,electronic_check,fiber,1,0,9.9,False,True,False,1
12,86.52,1145.61,two_year,bank_transfer,dsl,3,1,27.0,False,False,True,1
18,71.78,1273.35,month_to_month,credit_card,dsl,2,0,18.0,False,True,True,1
47,103.17,4999.79,one_year,electronic_check,dsl,1,0,52.5,False,False,False,0
65,94.79,6199.19,month_to_month,credit_card,dsl,1,0,126.2,False,False,False,0
20,67.39,1525.18,one_year,mailed_check,dsl,4,0,129.5,False,False,True,1
50,65.64,3387.77,month_to_month,bank_transfer,dsl,1,0,30.8,False,False,True,0
4,18.0,92.45,month_to_month,bank_transfer,fiber,0,0,20.4,False,False,True,1
0,62.82,0.0,month_to_month,bank_transfer,fiber,3,0,31.8,False,False,True,1
4,40.23,97.78,one_year,bank_transfer,dsl,0,0,67.2,False,False,True,1
67,74.87,5064.26,two_year,mailed_check,fiber,1,0,20.9,True,False,False,0
42,73.36,3094.0,month_to_month,electronic_check,fiber,1,0,11.8,False,False,False,1
58,85.31,4894.97,one_year,electronic_check,fiber,1,0,31.4,False,False,False,0
1,100.73,175.71,month_to_month,bank_transfer,none,0,0,44.1,False,False,True,1
1,69.42,72.91,one_year,mailed_check,dsl,2,1,45.0,True,False,True,1
61,120.17,7405.88,two_year,credit_card,fiber,2,0,23.8,False,False,False,0
7,75.11,437.98,month_to_month,mailed_check,fiber,2,0,13.5,False,False,False,1
11,41.18,542.93,month_to_month,bank_transfer,fiber,0,0,51.5,False,False,False,1
37,57.63,2177.4,one_year,electronic_check,fiber,0,1,49.4,False,True,True,0
44,61.8,2826.98,two_year,mailed_check,fiber,1,0,22.2,False,False,True,0
16,83.03,1416.45,one_year,bank_transfer,fiber,3,0,55.2,True,False,True,0
32,49.16,1565.47,month_to_month,credit_card,dsl,0,0,47.2,False,True,True,1
49,63.44,3093.68,one_year,bank_transfer,none,0,1,52.4,False,False,False,0
32,66.46,2287.19,month_to_month,electronic_check,fiber,1,0,45.5,False,False,True,1
27,60.14,1597.63,two_year,bank_transfer,fiber,1,0,23.3,False,False,True,0
5,87.85,506.61,two_year,credit_card,dsl,1,3,108.4,False,True,True,1
32,84.11,2657.2,two_year,credit_card,fiber,1,0,58.1,False,False,True,0
58,95.66,5380.71,two_year,bank_transfer,fiber,7,0,20.2,False,True,True,1
45,62.72,2711.94,two_year,electronic_check,fiber,1,0,69.4,False,True,True,1
65,96.46,6306.43,month_to_month,electronic_check,dsl,2,2,84.4,False,False,True,0
9,39.99,423.01,two_year,electronic_check,fiber,1,1,77.2,False,False,False,1
0,39.46,36.83,month_to_month,credit_card,fiber,3,0,46.2,False,False,True,1
40,43.3,1835.14,month_to_month,credit_card,dsl,0,1,38.9,False,True,True,0
13,70.2,947.81,month_to_month,credit_card,fiber,2,0,37.0,True,False,False,0
43,96.45,4077.58,month_to_month,credit_card,none,1,0,58.5,True,True,True,1
65,56.75,3742.24,month_to_month,electronic_check,dsl,0,0,94.7,False,False,True,1
24,59.51,1443.5,month_to_month,bank_transfer,fiber,1,0,96.7,False,False,True,1
40,65.25,2558.2,month_to_month,bank_transfer,fiber,2,0,13.9,True,True,False,1
49,82.6,4089.93,month_to_month,bank_transfer,none,0,0,26.7,False,False,False,0
10,59.49,602.04,month_to_month,electronic_check,fiber,1,0,10.5,False,True,True,1
65,58.26,3732.45,one_year,bank_transfer,fiber,1,0,56.8,False,False,True,0
14,40.4,549.59,one_year,credit_card,fiber,0,1,108.3,False,False,False,1
59,57.42,3515.0,one_year,bank_transfer,none,0,1,34.8,False,False,True,1
48,95.9,4727.48,one_year,electronic_check,none,0,0,74.1,True,False,True,0
10,72.0,736.93,one_year,bank_transfer,dsl,0,1,7.6,False,True,True,1
52,53.72,2798.59,month_to_month,mailed_check,fiber,3,1,52.1,False,False,False,0
14,97.2,1231.83,month_to_month,mailed_check,fiber,0,0,44.0,False,False,True,1
43,57.13,2611.33,month_to_month,mailed_check,fiber,1,1,77.6,False,True,False,0
70,101.24,7180.07,month_to_month,electronic_check,fiber,3,1,13.2,False,False,False,1
69,100.88,7028.4,two_year,credit_card,none,0,0,47.4,False,True,True,0
63,71.23,4282.76,month_to_month,electronic_check,dsl,0,0,127.5,False,False,False,0
36,37.03,1336.76,two_year,credit_card,fiber,1,0,21.3,False,False,False,1
40,120.37,4803.36,month_to_month,bank_transfer,dsl,1,0,18.8,True,False,False,0
21,78.52,1710.37,one_year,bank_transfer,fiber,0,1,82.4,False,False,False,0
67,62.87,4171.7,month_to_month,mailed_check,dsl,4,0,89.6,True,True,False,0
34,91.03,3074.17,two_year,mailed_check,fiber,2,0,65.7,True,False,True,1
56,85.45,4840.95,two_year,electronic_check,fiber,2,0,176.0,False,True,False,1
26,98.84,2500.22,month_to_month,mailed_check,fiber,3,0,45.1,False,True,True,0
54,55.43,2941.56,month_to_month,mailed_check,fiber,2,0,66.8,True,True,False,1
16,77.01,1249.56,one_year,bank_transfer,none,1,1,63.8,False,True,False,0
53,43.91,2447.69,month_to_month,electronic_check,none,0,1,33.4,False,True,True,0
3,84.66,326.74,month_to_month,electronic_check,dsl,1,0,27.4,False,False,False,0
7,69.5,583.29,two_year,credit_card,dsl,2,0,41.6,False,False,True,1
25,76.18,1910.2,one_year,electronic_check,fiber,0,0,28.8,False,True,False,0
35,66.78,2471.86,month_to_month,electronic_check,fiber,1,2,46.1,False,False,False,1
51,64.48,3131.77,month_to_month,electronic_check,fiber,3,1,75.6,False,False,True,1
26,50.9,1505.4,month_to_month,credit_card,fiber,2,1,15.0,False,True,False,1
1,87.39,281.05,two_year,bank_transfer,fiber,4,0,17.3,True,False,True,1
23,102.77,2404.81,month_to_month,electronic_check,dsl,3,2,35.0,False,False,False,1
32,57.75,1922.9,month_to_month,mailed_check,dsl,4,0,40.1,False,False,False,1
39,82.18,3201.6,month_to_month,electronic_check,fiber,1,1,21.8,False,False,True,1
47,79.51,3718.11,two_year,credit_card,fiber,1,0,66.0,False,True,True,0
18,70.18,1208.26,month_to_month,credit_card,dsl,0,0,19.6,False,False,True,1
44,36.41,1597.63,one_year,credit_card,none,1,0,10.9,False,False,True,0
46,41.36,1952.59,month_to_month,electronic_check,fiber,0,0,53.6,False,False,True,1
56,52.82,2995.71,two_year,bank_transfer,fiber,0,0,60.6,False,False,False,0
38,22.94,1050.51,month_to_month,electronic_check,none,0,0,54.1,True,False,True,1
59,100.98,5966.84,two_year,electronic_check,dsl,1,1,16.2,False,False,True,0
16,78.09,1115.45,two_year,credit_card,dsl,0,1,9.5,True,True,False,0
51,69.34,3684.33,month_to_month,electronic_check,fiber,1,0,134.2,False,False,True,1
3,21.81,0.0,month_to_month,mailed_check,none,0,0,56.2,False,False,True,0
7,29.87,158.74,two_year,credit_card,none,0,0,118.1,False,False,True,0
63,69.95,4431.31,month_to_month,electronic_check,fiber,0,0,25.6,False,False,False,0
34,113.35,3891.45,two_year,bank_transfer,fiber,2,1,103.9,False,False,True,1
45,54.63,2328.26,two_year,bank_transfer,dsl,1,2,105.7,False,False,False,0
44,89.0,3848.82,month_to_month,credit_card,fiber,2,0,73.8,False,False,False,1
50,59.44,2838.73,month_to_month,mailed_check,fiber,1,1,37.4,True,False,True,1
17,71.22,1266.69,month_to_month,credit_card,fiber,0,1,22.0,False,False,True,0
13,96.72,1363.86,one_year,electronic_check,fiber,1,1,61.2,False,False,False,1
3,62.39,77.2,month_to_month,bank_transfer,none,3,2,17.9,False,False,False,1
63,54.82,3543.27,one_year,mailed_check,fiber,0,0,29.6,False,True,True,0
16,101.2,1702.97,month_to_month,electronic_check,fiber,3,1,53.8,False,False,True,1
41,71.0,2851.68,two_year,electronic_check,dsl,0,0,110.5,False,False,True,0
33,94.01,2923.9,month_to_month,credit_card,dsl,1,1,110.5,False,False,True,1
11,54.92,507.71,month_to_month,bank_transfer,fiber,1,1,104.6,False,True,True,1
30,100.95,2974.93,month_to_month,electronic_check,fiber,0,1,113.6,False,False,True,0
6,76.02,594.87,month_to_month,mailed_check,fiber,1,1,34.7,False,False,False,1
12,79.57,944.19,month_to_month,electronic_check,none,0,0,28.0,False,False,False,1
10,72.9,638.39,two_year,bank_transfer,fiber,0,0,8.9,False,True,True,0
60,58.88,3546.11,month_to_month,mailed_check,dsl,1,1,67.7,True,False,False,0
41,69.96,2751.78,month_to_month,electronic_check,none,2,0,31.6,False,False,False,1
67,60.26,4083.71,one_year,credit_card,fiber,0,0,35.1,False,True,False,0
31,91.11,2736.42,one_year,electronic_check,none,1,0,33.5,False,False,False,1
14,65.53,842.49,month_to_month,bank_transfer,dsl,3,0,41.6,False,False,True,1
44,37.08,1665.31,month_to_month,credit_card,dsl,0,1,49.2,False,False,True,0
67,33.05,2371.87,month_to_month,bank_transfer,none,0,0,53.2,False,False,True,0
38,32.01,1414.18,month_to_month,credit_card,fiber,1,0,29.3,False,True,True,0
1,83.6,0.0,month_to_month,electronic_check,dsl,2,0,9.9,False,False,True,1
22,44.67,929.05,month_to_month,electronic_check,fiber,3,0,45.5,False,False,True,1
67,76.6,5178.6,one_year,electronic_check,fiber,1,1,108.9,False,False,False,0
37,73.0,2806.19,two_year,credit_card,fiber,2,0,50.3,False,False,True,1
69,68.58,4537.25,month_to_month,mailed_check,dsl,3,1,70.4,False,False,True,0
37,79.64,2954.54,month_to_month,bank_transfer,fiber,1,0,30.4,False,False,False,1
0,73.48,0.0,two_year,credit_card,fiber,1,0,100.5,False,True,True,1
63,18.0,960.84,one_year,mailed_check,fiber,0,1,33.5,False,False,True,0
55,62.88,3338.05,one_year,electronic_check,fiber,1,0,31.9,False,False,True,0
52,79.35,4075.1,two_year,mailed_check,fiber,1,0,58.9,False,False,False,0
70,106.09,7431.59,one_year,electronic_check,dsl,1,1,76.8,False,False,True,0
14,107.1,1590.13,one_year,electronic_check,dsl,2,1,35.0,False,False,True,0
66,40.01,2672.55,month_to_month,mailed_check,dsl,0,0,56.3,True,False,True,0
16,62.31,1082.24,two_year,credit_card,dsl,3,1,184.9,False,False,False,1
70,35.55,2490.91,one_year,mailed_check,fiber,3,0,48.0,True,False,True,0
13,103.44,1281.27,month_to_month,bank_transfer,fiber,4,0,19.1,False,False,True,1
40,92.28,3674.66,one_year,electronic_check,dsl,0,1,18.1,False,False,True,0
57,77.71,4492.07,month_to_month,electronic_check,dsl,0,1,84.8,True,True,True,0
5,73.65,461.18,month_to_month,credit_card,dsl,1,1,19.8,False,False,False,0
4,100.37,388.17,month_to_month,credit_card,fiber,2,1,41.4,False,False,True,1
62,96.65,5908.68,one_year,credit_card,fiber,2,0,22.3,False,True,True,0
4,95.48,412.13,month_to_month,electronic_check,fiber,0,1,18.3,True,False,True,1
44,80.05,3565.22,one_year,electronic_check,dsl,2,0,93.7,False,False,True,0
68,62.32,4348.7,one_year,credit_card,none,1,1,7.2,False,True,True,0
44,86.88,3761.63,month_to_month,electronic_check,dsl,2,2,97.9,False,False,False,0
35,87.95,3018.15,month_to_month,credit_card,dsl,0,1,9.8,False,False,True,0
30,65.81,2042.35,month_to_month,electronic_check,dsl,1,1,38.9,False,False,True,1
46,62.27,2827.75,one_year,mailed_check,none,1,2,47.7,False,False,False,0
41,94.93,3851.66,two_year,bank_transfer,dsl,2,0,61.8,True,True,True,0
36,106.61,3950.83,month_to_month,electronic_check,fiber,5,0,30.8,False,False,False,1
11,53.51,465.22,one_year,bank_transfer,fiber,1,1,38.5,False,False,True,1
48,64.21,3267.14,two_year,credit_card,none,0,1,58.0,False,False,False,1
54,77.72,4141.74,one_year,credit_card,dsl,1,3,130.8,True,False,False,0
51,80.71,4194.22,month_to_month,electronic_check,fiber,1,0,54.9,True,False,True,0
5,58.51,282.76,month_to_month,credit_card,dsl,0,2,112.0,False,False,True,1
51,111.44,5707.86,two_year,mailed_check,fiber,0,0,62.6,True,False,False,0
53,79.29,4178.72,month_to_month,electronic_check,dsl,5,0,111.5,False,True,True,0
13,81.69,1139.06,month_to_month,bank_transfer,dsl,2,0,12.7,False,True,True,1
61,108.7,6599.44,month_to_month,electronic_check,none,0,2,22.5,False,False,True,1
38,60.12,2232.99,month_to_month,credit_card,dsl,0,2,39.5,False,True,True,1
34,68.05,2476.9,one_year,credit_card,fiber,1,0,36.2,True,True,False,0
52,42.43,2209.0,two_year,electronic_check,none,0,0,54.9,False,False,False,1
37,66.21,2388.96,two_year,electronic_check,fiber,1,0,29.1,True,True,False,0
39,37.24,1318.23,one_year,credit_card,dsl,1,0,46.5,False,False,True,0
22,86.45,2069.8,two_year,credit_card,fiber,1,1,35.8,False,False,False,1
67,79.24,5259.41,two_year,mailed_check,fiber,1,1,48.6,False,False,True,0
70,63.9,4658.57,two_year,bank_transfer,dsl,3,0,27.6,True,False,True,1
9,67.79,646.01,two_year,mailed_check,dsl,2,2,46.6,True,False,True,1
53,86.75,4610.61,two_year,mailed_check,none,0,0,47.4,False,False,True,0
1,45.01,60.3,month_to_month,electronic_check,dsl,2,0,21.9,True,False,False,1
26,74.49,2136.18,month_to_month,mailed_check,fiber,0,1,9.6,True,False,True,1
70,85.39,5780.0,month_to_month,mailed_check,none,2,0,73.6,False,False,False,1
12,30.79,388.77,one_year,credit_card,none,3,0,116.1,False,False,True,0
27,85.07,2273.02,two_year,bank_transfer,none,2,0,32.8,True,False,False,1
16,33.17,511.54,two_year,electronic_check,none,0,0,79.1,False,False,False,0
53,67.41,3586.17,two_year,electronic_check,dsl,0,1,44.5,False,False,True,0
33,44.41,1441.57,two_year,electronic_check,dsl,0,0,66.1,False,False,True,0
43,101.49,4381.0,month_to_month,electronic_check,dsl,1,0,76.1,False,False,True,0
68,44.54,3026.6,month_to_month,credit_card,fiber,2,1,88.6,False,True,True,0
38,33.7,1162.38,one_year,bank_transfer,dsl,1,0,46.5,False,False,False,0
53,72.93,3899.61,month_to_month,electronic_check,fiber,1,1,16.6,False,False,False,0
7,60.9,490.74,one_year,electronic_check,fiber,2,0,36.8,False,True,True,1
15,36.9,504.71,one_year,electronic_check,fiber,0,0,77.1,False,False,False,0
69,81.57,5796.44,month_to_month,mailed_check,fiber,2,0,45.9,False,False,False,0
62,26.19,1743.98,one_year,bank_transfer,dsl,4,0,8.0,False,False,True,0
47,47.2,2294.36,one_year,electronic_check,fiber,2,1,95.5,False,False,False,0
27,57.35,1623.31,one_year,bank_transfer,dsl,2,0,5.4,False,False,True,1
14,87.65,1229.81,two_year,bank_transfer,dsl,0,0,30.4,False,False,True,1
62,98.5,6209.72,month_to_month,bank_transfer,dsl,2,2,19.0,False,True,True,1
57,94.26,5514.19,two_year,mailed_check,fiber,1,0,11.5,False,False,True,0
17,66.63,1205.43,month_to_month,credit_card,dsl,0,0,125.1,False,False,True,0
43,18.0,722.67,month_to_month,electronic_check,fiber,1,0,46.4,True,True,False,1
45,78.6,3533.43,month_to_month,mailed_check,none,0,0,39.8,False,True,False,0
34,102.35,3531.53,two_year,bank_transfer,fiber,2,2,51.4,True,True,True,1
67,97.14,6583.78,two_year,electronic_check,none,0,0,30.1,False,False,True,0
9,80.18,714.65,month_to_month,credit_card,fiber,0,0,5.3,False,True,True,0
18,43.83,737.93,one_year,credit_card,fiber,1,0,100.8,False,False,False,0
6,58.44,493.22,two_year,credit_card,none,0,0,19.2,False,True,True,0
50,112.54,5530.49,two_year,credit_card,dsl,2,1,73.0,False,False,True,0
47,38.83,1740.29,month_to_month,electronic_check,fiber,2,0,16.5,False,False,True,0
72,44.75,3102.56,month_to_month,credit_card,dsl,0,0,73.3,False,False,True,0
39,90.74,3453.94,month_to_month,electronic_check,fiber,0,1,3.7,False,True,False,1
10,60.51,717.36,two_year,electronic_check,fiber,3,0,50.2,False,False,True,0
32,44.0,1523.27,month_to_month,credit_card,fiber,1,0,114.0,False,False,True,1
6,103.62,615.06,month_to_month,credit_card,fiber,1,0,55.6,False,True,True,1
48,80.14,3891.39,two_year,credit_card,fiber,1,1,14.0,False,False,False,0
49,61.6,3017.45,month_to_month,electronic_check,fiber,2,0,44.3,False,False,True,0
62,44.79,2669.7,one_year,credit_card,none,1,1,4.5,False,True,False,0
24,115.04,2960.59,two_year,electronic_check,fiber,2,0,26.1,False,False,True,1
22,69.46,1651.85,month_to_month,electronic_check,fiber,1,1,108.2,False,False,False,1
5,100.74,535.6,month_to_month,bank_transfer,fiber,1,0,53.3,False,True,True,0
30,89.66,2612.77,month_to_month,bank_transfer,none,2,1,50.6,False,False,False,0
34,58.54,1970.12,one_year,credit_card,fiber,1,0,100.5,True,False,True,0
55,58.72,3167.28,month_to_month,bank_transfer,fiber,1,1,30.0,False,False,True,0
55,101.82,5608.88,month_to_month,electronic_check,none,0,0,36.1,True,True,True,0
10,102.18,1049.69,month_to_month,electronic_check,fiber,0,0,28.9,True,True,True,1
20,28.71,543.5,month_to_month,electronic_check,fiber,0,0,22.5,False,False,True,1
37,82.1,2906.8,two_year,bank_transfer,dsl,4,0,26.5,False,False,True,0
24,67.33,1807.81,month_to_month,credit_card,fiber,2,0,64.4,False,False,True,1
1,47.27,68.65,one_year,bank_transfer,fiber,2,1,69.5,False,False,True,1
61,75.76,4662.45,two_year,mailed_check,dsl,1,0,11.6,False,False,True,0
53,40.31,2098.41,one_year,electronic_check,none,1,0,106.9,False,False,True,0
37,59.74,2069.8,one_year,mailed_check,none,1,2,90.2,False,True,True,0
23,52.43,1198.39,month_to_month,bank_transfer,dsl,1,0,40.8,False,True,False,1
61,59.0,3569.91,month_to_month,credit_card,fiber,0,0,30.9,False,True,True,0
2,68.43,200.72,month_to_month,credit_card,dsl,2,0,27.0,False,False,True,1
32,47.66,1606.67,month_to_month,credit_card,none,1,1,39.6,False,True,True,0
58,104.61,6136.23,two_year,electronic_check,dsl,1,0,45.1,False,False,True,0
69,80.85,5667.59,month_to_month,electronic_check,fiber,1,0,25.0,False,False,True,0
18,109.48,2132.97,month_to_month,electronic_check,none,0,0,25.8,False,True,False,0
47,66.48,3159.65,two_year,electronic_check,none,0,0,19.6,False,False,True,0
13,57.93,852.02,two_year,electronic_check,fiber,1,2,197.9,False,True,True,1
8,108.69,913.97,one_year,electronic_check,dsl,1,1,34.3,False,False,True,1
25,57.28,1261.0,month_to_month,mailed_check,none,0,0,146.1,False,False,True,0
64,66.08,4215.21,one_year,electronic_check,fiber,2,2,31.4,False,True,False,0
50,85.84,4213.91,month_to_month,mailed_check,none,0,0,31.0,False,False,True,0
35,42.77,1517.78,one_year,credit_card,fiber,2,0,33.0,False,False,False,1
20,85.65,1641.81,one_year,electronic_check,fiber,1,0,57.9,False,False,False,0
10,82.83,882.81,two_year,electronic_check,none,2,1,69.7,False,False,True,0
19,97.93,1948.96,month_to_month,electronic_check,none,1,0,99.2,False,False,False,1
11,89.58,1093.7,two_year,credit_card,fiber,3,1,34.0,False,False,True,0
13,98.6,1427.53,month_to_month,electronic_check,none,1,0,72.8,False,False,True,1
50,67.57,3227.66,month_to_month,bank_transfer,dsl,0,0,21.8,False,False,True,0
9,51.02,351.27,two_year,credit_card,none,1,0,110.1,False,False,False,0
3,116.42,612.76,month_to_month,credit_card,fiber,1,0,16.1,False,False,True,1
39,36.41,1510.85,month_to_month,credit_card,none,0,0,17.8,False,False,True,1
20,38.62,792.6,month_to_month,bank_transfer,dsl,0,0,42.8,False,True,False,0
33,82.43,2723.07,month_to_month,mailed_check,dsl,2,0,54.4,False,False,False,1
10,105.75,1052.38,month_to_month,credit_card,fiber,3,1,33.1,False,False,True,1
15,74.17,938.51,one_year,electronic_check,fiber,0,2,48.2,False,False,False,1
32,91.98,2873.85,month_to_month,mailed_check,fiber,1,1,46.0,False,False,False,1
50,26.09,1294.43,two_year,mailed_check,fiber,0,0,27.1,False,False,False,0
30,59.01,1705.87,one_year,bank_transfer,none,0,0,61.7,False,False,True,1
39,28.77,1069.37,two_year,bank_transfer,dsl,0,0,56.6,False,False,True,0
38,87.17,3542.75,two_year,credit_card,dsl,1,0,68.1,False,True,True,0
19,35.96,660.59,one_year,credit_card,fiber,0,1,110.8,False,False,False,0
20,41.89,862.83,month_to_month,electronic_check,dsl,2,0,133.0,True,True,True,1
31,81.31,2542.44,two_year,bank_transfer,fiber,1,0,63.9,True,False,True,0
2,93.36,239.77,month_to_month,bank_transfer,dsl,1,1,47.5,False,False,True,1
50,66.5,3282.04,month_to_month,credit_card,fiber,1,0,68.5,False,False,True,0
44,82.54,3743.99,one_year,credit_card,fiber,0,1,60.2,True,False,False,0
22,81.83,1840.18,month_to_month,bank_transfer,fiber,2,0,12.8,False,False,False,0
27,65.26,1646.18,one_year,electronic_check,fiber,0,0,11.6,False,True,True,0
23,45.92,1046.48,two_year,bank_transfer,dsl,3,0,73.3,False,False,True,1
47,82.43,3858.72,one_year,bank_transfer,dsl,3,0,80.7,False,False,True,0
55,83.49,4572.32,month_to_month,electronic_check,fiber,0,1,11.6,False,True,True,1
7,89.67,673.53,month_to_month,electronic_check,dsl,1,1,22.2,False,True,False,1
30,76.87,2363.23,month_to_month,electronic_check,none,1,0,83.3,False,False,True,1
1,44.29,90.79,month_to_month,electronic_check,dsl,0,1,42.7,True,True,True,1
33,85.19,2841.77,one_year,credit_card,dsl,1,0,50.9,False,True,False,0
18,69.97,1267.17,one_year,bank_transfer,fiber,3,0,10.4,True,True,True,1
24,59.38,1231.51,one_year,credit_card,dsl,1,0,71.9,False,False,True,0
33,63.52,2166.17,one_year,bank_transfer,fiber,2,1,10.6,False,False,True,1
23,54.81,1304.58,month_to_month,electronic_check,fiber,3,0,71.4,True,True,True,1
28,89.55,2418.77,month_to_month,bank_transfer,fiber,4,1,124.2,False,False,True,1
55,38.8,2159.25,one_year,credit_card,dsl,3,0,135.7,False,False,True,1
59,48.14,2898.57,month_to_month,bank_transfer,fiber,1,0,75.1,False,True,False,1
0,62.77,105.41,month_to_month,electronic_check,fiber,0,0,11.0,False,False,True,1
27,105.5,2894.43,one_year,bank_transfer,dsl,1,1,69.6,False,False,True,0
61,93.19,5713.53,month_to_month,credit_card,fiber,1,1,36.2,False,False,True,1
38,33.9,1373.41,month_to_month,mailed_check,fiber,3,0,11.2,True,False,True,1
14,99.73,1368.63,month_to_month,credit_card,fiber,0,2,52.0,False,False,True,0
43,99.69,4323.75,month_to_month,mailed_check,dsl,0,0,99.0,False,False,True,1
10,44.17,385.8,one_year,credit_card,fiber,2,0,4.9,False,False,False,1
1,18.0,117.93,month_to_month,electronic_check,dsl,3,1,25.7,False,True,True,1
46,68.41,3001.99,two_year,bank_transfer,fiber,2,0,116.5,False,False,True,1
37,94.69,3577.04,month_to_month,electronic_check,dsl,0,2,33.4,False,True,True,1
55,105.01,5777.14,month_to_month,bank_transfer,dsl,2,1,35.2,False,False,True,0
25,50.84,1357.88,month_to_month,electronic_check,fiber,1,1,25.6,False,True,True,1
62,108.54,6659.23,two_year,bank_transfer,none,0,0,5.5,False,False,True,0
30,20.99,637.8,month_to_month,credit_card,fiber,2,0,11.1,False,False,True,0
53,61.9,3286.16,one_year,credit_card,fiber,2,0,89.6,False,False,True,0
7,60.82,464.79,two_year,bank_transfer,fiber,1,2,24.9,False,False,False,1
7,95.35,573.17,month_to_month,bank_transfer,none,2,2,35.3,False,False,False,1
57,98.56,5675.18,month_to_month,bank_transfer,fiber,0,0,25.0,False,False,True,1
60,90.99,5293.27,one_year,bank_transfer,dsl,3,0,30.4,False,False,True,0
68,40.29,2679.61,two_year,credit_card,fiber,0,0,69.7,False,False,True,0
23,88.98,1905.89,month_to_month,bank_transfer,none,0,0,142.7,False,False,False,1
1,81.2,155.74,two_year,electronic_check,dsl,0,0,119.7,False,False,False,1
71,33.23,2395.34,one_year,electronic_check,fiber,1,1,49.6,False,False,False,1
43,24.53,1095.83,two_year,bank_transfer,dsl,1,0,85.2,True,False,False,0
18,92.84,1803.71,month_to_month,credit_card,dsl,0,0,102.1,False,True,False,0
55,66.04,3603.77,month_to_month,mailed_check,fiber,1,1,90.2,False,False,True,1
65,41.73,2767.31,month_to_month,mailed_check,fiber,0,0,15.7,False,True,True,1
20,65.42,1314.34,two_year,mailed_check,fiber,1,0,50.6,False,False,True,0
56,78.01,4360.8,month_to_month,credit_card,fiber,1,1,70.2,False,False,False,0
57,68.18,4003.86,one_year,bank_transfer,dsl,2,1,21.9,True,True,True,0
36,35.86,1478.33,month_to_month,electronic_check,none,1,0,18.7,False,False,True,0
46,111.48,5089.25,month_to_month,electronic_check,dsl,0,1,57.8,False,True,False,0
19,92.09,1824.74,month_to_month,bank_transfer,fiber,1,0,53.0,False,False,True,1
67,62.62,4224.26,one_year,bank_transfer,dsl,1,0,100.5,False,False,True,0
71,63.51,4539.01,month_to_month,electronic_check,fiber,1,2,8.6,True,True,True,1
71,77.91,5553.86,two_year,mailed_check,dsl,1,0,112.1,False,True,False,0
53,45.15,2362.97,one_year,mailed_check,dsl,2,0,31.5,False,False,False,0
3,77.1,0.0,two_year,electronic_check,dsl,1,1,13.7,False,False,True,1
26,40.72,1196.85,one_year,electronic_check,none,3,3,67.4,True,False,False,1
32,68.45,2127.87,one_year,mailed_check,fiber,3,0,37.9,False,False,True,0
70,44.29,3078.56,one_year,electronic_check,dsl,1,0,86.3,False,False,True,0
39,45.4,1750.77,month_to_month,electronic_check,dsl,0,0,43.5,False,False,True,1
39,106.21,4071.65,month_to_month,credit_card,fiber,3,0,17.3,True,False,False,0
10,71.3,734.62,two_year,bank_transfer,dsl,5,1,14.5,True,True,True,1
57,74.56,4245.93,month_to_month,bank_transfer,fiber,0,1,6.7,False,True,False,0
24,25.75,553.51,month_to_month,bank_transfer,dsl,0,0,58.3,False,False,False,0
6,56.87,354.66,one_year,bank_transfer,fiber,1,0,11.4,False,False,True,0
72,80.15,5767.83,two_year,bank_transfer,fiber,3,1,37.1,False,False,True,0
13,74.27,1049.02,month_to_month,bank_transfer,dsl,0,0,40.9,True,False,False,0
1,22.61,0.0,two_year,electronic_check,fiber,4,0,56.6,False,False,False,1
5,74.56,300.31,month_to_month,credit_card,fiber,1,0,31.3,True,True,True,1
33,78.06,2641.26,month_to_month,credit_card,dsl,0,0,16.2,False,True,True,1
7,98.24,630.1,two_year,electronic_check,dsl,2,1,31.2,False,False,True,1
61,55.58,3309.07,month_to_month,credit_card,fiber,0,0,44.4,False,True,True,0
37,20.67,711.66,one_year,electronic_check,dsl,1,0,96.0,False,False,False,0
23,48.07,1096.52,two_year,electronic_check,none,2,0,113.3,True,False,False,0
0,45.86,0.0,month_to_month,credit_card,fiber,1,1,91.0,False,False,True,1
35,86.21,2998.45,month_to_month,electronic_check,none,2,0,53.6,False,True,True,1
11,18.0,105.43,two_year,electronic_check,none,1,0,30.6,False,False,True,1
71,60.14,4339.52,one_year,bank_transfer,fiber,3,0,48.0,False,False,True,0
21,101.37,2248.13,two_year,bank_transfer,none,1,0,72.0,True,True,True,0
34,70.16,2213.5,two_year,bank_transfer,dsl,1,2,42.9,False,False,False,0
1,89.72,0.0,one_year,electronic_check,dsl,1,0,59.4,False,True,True,0
9,33.88,395.18,month_to_month,bank_transfer,fiber,1,0,45.7,False,False,False,1
15,34.76,662.68,month_to_month,bank_transfer,dsl,1,1,29.5,False,False,True,1
3,101.62,113.23,month_to_month,electronic_check,fiber,1,1,41.7,False,False,True,1
52,72.23,3829.35,month_to_month,electronic_check,dsl,2,1,17.2,False,False,False,0
69,72.27,5134.04,two_year,credit_card,fiber,0,0,38.8,False,True,True,0
71,45.4,3145.78,two_year,credit_card,dsl,3,1,64.5,False,True,True,0
19,72.22,1514.35,two_year,electronic_check,none,2,0,66.9,False,True,False,0
57,44.79,2537.01,two_year,electronic_check,dsl,0,0,136.7,False,True,False,0
36,96.11,3488.28,month_to_month,credit_card,fiber,3,0,36.9,False,True,False,1
3,130.0,325.27,month_to_month,credit_card,fiber,1,0,34.7,False,True,True,0
6,80.65,573.99,month_to_month,credit_card,fiber,1,1,46.0,False,True,False,1
39,56.03,2260.27,one_year,mailed_check,none,2,1,79.2,False,False,True,0
30,18.0,695.22,two_year,electronic_check,dsl,3,0,116.4,False,True,True,0
0,32.94,129.65,two_year,bank_transfer,dsl,0,2,111.6,False,False,False,0
67,104.21,6981.25,two_year,electronic_check,dsl,0,0,20.7,False,False,True,0
53,47.36,2789.83,month_to_month,bank_transfer,dsl,1,0,57.5,False,True,True,0
36,61.84,2347.81,month_to_month,bank_transfer,fiber,2,0,76.9,False,False,True,1
72,84.42,6126.89,month_to_month,bank_transfer,fiber,0,0,180.2,True,False,False,0
70,102.61,7092.96,one_year,bank_transfer,fiber,1,0,96.2,False,True,True,1
71,65.61,4520.61,month_to_month,bank_transfer,dsl,0,0,24.2,False,False,True,1
18,61.1,969.75,two_year,bank_transfer,none,1,0,131.5,False,False,False,0
64,71.58,4497.09,month_to_month,electronic_check,fiber,0,0,40.3,False,False,False,0
36,56.19,2146.8,one_year,credit_card,dsl,1,0,102.1,False,False,True,0
53,57.38,3084.98,two_year,bank_transfer,dsl,2,0,112.5,False,False,True,0
62,79.06,4846.52,month_to_month,credit_card,dsl,2,0,65.5,False,False,False,0
11,74.08,802.65,one_year,electronic_check,dsl,3,0,25.0,False,False,False,0
32,116.9,3717.6,two_year,mailed_check,fiber,1,1,51.2,True,True,False,0
9,79.65,788.85,two_year,mailed_check,dsl,0,3,69.7,False,False,False,1
20,95.33,1827.51,month_to_month,credit_card,dsl,3,2,120.0,False,False,True,1
30,46.43,1424.37,one_year,credit_card,fiber,0,3,66.1,False,False,False,1
62,81.55,5083.11,month_to_month,electronic_check,dsl,0,1,83.5,False,False,True,1
62,54.09,3277.18,month_to_month,credit_card,fiber,1,2,53.2,True,True,False,1
28,78.7,2346.52,month_to_month,mailed_check,none,2,0,89.6,False,False,True,1
24,85.15,2017.0,one_year,electronic_check,none,2,0,25.8,False,False,False,0
38,71.1,2612.45,month_to_month,electronic_check,dsl,0,2,88.0,True,True,True,1
66,122.96,8192.12,one_year,mailed_check,fiber,0,0,18.3,True,False,False,0
71,101.42,7205.72,month_to_month,credit_card,none,3,1,33.1,False,False,True,0
16,95.9,1571.16,month_to_month,mailed_check,fiber,2,1,52.2,False,False,False,1
13,86.81,1021.91,one_year,electronic_check,dsl,0,0,68.8,False,False,True,0
51,108.79,5621.41,month_to_month,electronic_check,fiber,4,2,91.8,False,False,True,1
22,38.39,1040.1,month_to_month,mailed_check,fiber,1,0,36.0,False,True,False,0
14,100.15,1288.44,month_to_month,electronic_check,none,1,2,61.8,True,False,True,0
2,48.19,128.26,month_to_month,bank_transfer,fiber,2,0,35.2,False,False,True,0
29,57.58,1599.14,month_to_month,electronic_check,dsl,1,1,35.3,False,False,True,1
28,82.35,2547.86,two_year,bank_transfer,dsl,1,0,39.9,False,False,True,0
41,97.13,4093.9,one_year,electronic_check,dsl,0,0,97.7,True,True,True,0
14,44.62,650.07,month_to_month,bank_transfer,fiber,4,1,77.2,False,False,False,1
52,58.72,2942.93,month_to_month,mailed_check,fiber,2,0,47.9,False,True,False,0
49,72.15,3446.6,two_year,electronic_check,none,1,1,9.3,False,True,True,0
33,65.9,2241.86,month_to_month,credit_card,fiber,3,1,97.4,True,True,True,1
13,88.79,1031.65,month_to_month,bank_transfer,fiber,1,0,50.4,False,False,True,1
37,130.0,4690.2,month_to_month,mailed_check,dsl,0,0,100.5,False,True,False,0
49,79.23,3883.06,one_year,credit_card,dsl,3,1,78.7,False,True,False,0
27,53.83,1465.42,one_year,mailed_check,dsl,4,1,23.3,True,False,True,0
19,41.48,822.32,month_to_month,mailed_check,fiber,1,0,58.8,False,False,False,1
36,62.84,2222.68,month_to_month,bank_transfer,fiber,1,0,14.6,False,False,False,0
25,49.31,1315.56,one_year,credit_card,fiber,1,0,39.7,False,True,True,0
29,80.29,2250.85,month_to_month,credit_card,dsl,2,0,56.2,False,False,False,0
25,79.94,2054.9,month_to_month,bank_transfer,none,2,1,24.4,True,False,False,1
22,59.81,1335.09,two_year,bank_transfer,dsl,0,0,174.1,False,True,False,0
52,113.67,5964.9,month_to_month,electronic_check,dsl,1,0,111.7,False,True,True,0
33,53.82,1882.44,month_to_month,credit_card,dsl,0,0,61.2,True,False,True,0
34,67.37,2249.6,one_year,bank_transfer,dsl,2,0,11.7,False,False,True,0
47,84.06,3891.32,one_year,credit_card,dsl,0,0,31.7,False,False,True,0
26,89.63,2178.42,month_to_month,credit_card,dsl,3,0,26.7,False,True,True,0
7,98.11,505.06,month_to_month,electronic_check,dsl,0,1,69.5,True,False,True,1
62,79.43,4908.82,month_to_month,electronic_check,fiber,3,0,43.2,False,True,False,0
4,93.12,362.8,month_to_month,electronic_check,dsl,1,0,81.8,False,False,False,0
41,55.37,2172.42,month_to_month,credit_card,fiber,0,0,76.6,False,False,True,0
19,90.2,1635.4,month_to_month,bank_transfer,dsl,0,0,31.6,True,False,True,0
15,89.9,1485.61,month_to_month,bank_transfer,dsl,2,0,38.6,False,False,False,1
3,103.28,388.67,month_to_month,electronic_check,dsl,2,0,64.0,False,False,True,1
65,33.29,2050.31,month_to_month,electronic_check,fiber,1,2,57.8,False,False,True,1
31,50.04,1511.43,one_year,bank_transfer,dsl,0,1,37.0,False,True,True,0
25,88.11,2239.29,one_year,electronic_check,fiber,1,0,131.0,False,True,False,1
54,18.0,915.62,two_year,mailed_check,dsl,2,0,6.8,False,True,True,0
2,80.82,88.86,one_year,bank_transfer,fiber,2,0,8.8,True,False,True,1
41,93.32,3795.68,one_year,mailed_check,dsl,1,1,59.8,True,True,True,1
36,57.32,2161.68,month_to_month,bank_transfer,none,1,0,95.6,False,False,False,0
40,60.54,2527.93,one_year,mailed_check,fiber,1,1,34.0,False,False,True,0
9,46.37,351.14,month_to_month,bank_transfer,dsl,1,0,15.2,False,False,False,1
69,58.53,4080.02,two_year,electronic_check,dsl,1,0,10.8,False,True,True,0
17,59.16,1005.14,two_year,bank_transfer,dsl,0,1,15.8,False,False,True,1
49,54.98,2603.28,month_to_month,electronic_check,none,0,1,22.8,False,True,True,1
54,53.77,2876.84,two_year,credit_card,dsl,1,1,14.6,True,False,True,1
25,64.04,1487.22,one_year,credit_card,fiber,3,1,148.0,False,False,True,1
9,63.77,678.6,one_year,bank_transfer,dsl,3,0,5.7,False,False,True,1
21,111.23,2475.55,month_to_month,bank_transfer,dsl,0,0,45.0,False,False,True,1
58,61.33,3520.19,month_to_month,mailed_check,dsl,1,0,32.4,False,False,True,1
66,77.57,5061.2,two_year,electronic_check,dsl,0,2,52.4,False,False,True,1
68,57.31,3991.99,month_to_month,mailed_check,dsl,0,0,22.1,False,False,True,0
16,57.03,1021.93,month_to_month,bank_transfer,fiber,1,0,45.8,False,False,True,0
44,32.5,1329.7,month_to_month,credit_card,fiber,1,1,12.9,False,True,True,0
11,35.43,376.41,month_to_month,electronic_check,none,0,0,40.8,False,False,True,0
51,43.45,2210.65,one_year,electronic_check,fiber,4,0,79.8,False,False,True,0
30,74.04,2151.83,one_year,electronic_check,dsl,0,0,89.7,False,True,True,1
52,93.68,4906.1,two_year,bank_transfer,dsl,2,0,88.9,False,False,True,0
50,30.69,1471.5,one_year,electronic_check,fiber,1,1,95.5,True,False,False,1
72,57.92,4121.62,one_year,credit_card,dsl,0,1,11.6,False,False,False,1
35,39.93,1388.43,two_year,bank_transfer,fiber,1,0,22.0,False,False,False,1
24,64.19,1406.54,month_to_month,credit_card,none,0,0,40.8,False,True,True,0
38,93.67,3374.38,one_year,mailed_check,dsl,1,0,123.5,False,False,False,0
11,60.17,744.51,two_year,electronic_check,fiber,1,0,76.2,False,False,True,1
8,68.95,484.97,one_year,credit_card,dsl,2,1,6.2,False,False,True,0
37,102.02,3966.88,one_year,mailed_check,dsl,2,0,99.3,False,True,True,0
60,80.07,4981.67,month_to_month,electronic_check,fiber,1,1,66.0,False,False,True,0
38,53.28,1979.06,month_to_month,credit_card,fiber,4,0,70.9,False,False,False,1
57,73.5,4400.01,one_year,mailed_check,dsl,1,0,69.5,False,False,True,0
12,51.79,705.86,one_year,credit_card,dsl,0,1,35.5,True,True,False,1
32,79.25,2477.92,month_to_month,mailed_check,fiber,1,1,9.6,False,False,False,1
44,81.34,3346.59,month_to_month,mailed_check,dsl,0,0,93.1,False,False,True,0
25,39.92,1059.93,month_to_month,electronic_check,dsl,3,0,18.1,True,False,False,1
1,73.85,76.67,month_to_month,bank_transfer,none,2,0,33.7,True,True,False,1
5,67.41,375.87,month_to_month,bank_transfer,dsl,1,0,56.2,False,False,False,0
67,81.98,5472.06,month_to_month,mailed_check,fiber,2,0,23.8,False,False,False,0
44,88.29,3781.81,month_to_month,credit_card,dsl,3,1,22.3,False,False,True,1
19,80.5,1491.07,month_to_month,bank_transfer,dsl,4,3,23.4,True,False,True,1
18,63.33,1203.54,two_year,electronic_check,fiber,1,0,72.3,False,False,True,1
2,90.53,149.17,month_to_month,credit_card,fiber,3,0,28.0,False,True,True,1
68,50.79,3421.28,one_year,bank_transfer,dsl,1,0,18.1,False,False,False,0
7,40.95,149.91,month_to_month,mailed_check,none,4,1,39.8,False,False,True,1
55,18.0,998.21,month_to_month,electronic_check,fiber,0,0,64.1,False,False,False,1
17,68.46,1063.75,month_to_month,electronic_check,fiber,2,0,60.9,False,False,False,1
24,51.93,1328.99,month_to_month,mailed_check,dsl,0,0,9.0,True,True,False,0
19,78.75,1430.18,month_to_month,credit_card,none,3,2,78.0,True,True,False,0
60,26.63,1571.19,month_to_month,electronic_check,dsl,3,1,15.7,False,False,False,0
2,55.76,306.28,month_to_month,credit_card,fiber,2,0,31.6,False,False,False,1
25,80.35,1981.16,one_year,mailed_check,none,5,0,56.6,False,True,True,1
20,47.34,907.15,month_to_month,mailed_check,dsl,2,0,28.3,False,False,False,1
19,79.0,1553.71,month_to_month,electronic_check,dsl,1,0,153.3,False,False,True,1
14,57.75,647.83,two_year,bank_transfer,fiber,0,1,24.1,False,False,False,0
66,69.28,4685.05,month_to_month,credit_card,fiber,2,2,36.5,True,False,False,1
27,83.09,2332.88,month_to_month,credit_card,dsl,2,0,96.6,False,False,True,0
30,90.96,2776.0,one_year,bank_transfer,dsl,2,0,41.3,False,False,False,0
28,72.03,1712.9,one_year,electronic_check,dsl,1,1,130.1,True,True,True,0
71,52.09,3675.04,one_year,credit_card,none,1,2,49.7,True,False,True,0
24,59.92,1323.52,two_year,electronic_check,dsl,1,1,18.3,False,False,True,0
24,84.01,2117.41,month_to_month,electronic_check,dsl,0,0,131.8,False,False,True,1
23,47.53,1187.92,month_to_month,credit_card,dsl,0,0,59.8,False,False,True,1
23,66.08,1554.76,two_year,mailed_check,fiber,0,0,57.3,False,False,False,0
6,61.51,260.78,one_year,credit_card,fiber,2,1,61.9,False,True,True,1
44,67.73,3114.61,two_year,bank_transfer,dsl,1,0,241.1,False,False,False,1
1,47.8,24.2,one_year,electronic_check,fiber,1,0,31.4,False,True,False,1
16,29.26,630.64,month_to_month,mailed_check,none,2,0,72.9,False,False,True,1
14,81.46,1164.32,one_year,bank_transfer,dsl,0,0,27.5,False,False,True,1
21,91.21,1961.02,month_to_month,mailed_check,fiber,1,1,42.8,False,False,True,1
55,30.57,1639.92,month_to_month,electronic_check,fiber,2,0,43.0,False,False,True,0
43,78.12,3485.79,month_to_month,credit_card,dsl,1,0,68.5,False,False,True,0
72,93.83,6810.52,month_to_month,electronic_check,dsl,3,0,20.2,False,True,True,0
25,83.11,2207.61,one_year,electronic_check,dsl,1,0,77.9,False,True,False,0
67,60.83,4091.59,one_year,credit_card,fiber,2,1,10.6,False,True,True,0
3,49.24,143.49,two_year,bank_transfer,none,2,0,83.0,False,False,True,1
36,71.78,2637.64,month_to_month,electronic_check,dsl,3,0,9.9,False,False,True,1
58,75.45,4505.93,month_to_month,bank_transfer,dsl,1,1,30.3,False,False,True,0
38,72.11,2831.69,month_to_month,bank_transfer,none,0,0,62.0,False,False,False,0
68,66.04,4503.16,month_to_month,credit_card,dsl,1,0,67.8,False,False,True,0
22,46.18,848.81,month_to_month,bank_transfer,dsl,1,1,56.5,False,False,True,0
2,79.3,231.53,month_to_month,credit_card,none,1,0,85.0,False,False,False,0
56,80.36,4370.68,one_year,mailed_check,none,2,0,43.8,False,False,False,0
4,74.42,300.83,month_to_month,bank_transfer,dsl,1,0,32.5,False,False,True,1
55,72.44,3973.78,one_year,mailed_check,dsl,3,0,47.9,False,True,False,0
53,106.94,5540.22,month_to_month,credit_card,fiber,0,0,24.5,False,False,True,1
61,56.26,3465.39,month_to_month,bank_transfer,none,0,0,67.9,False,False,True,1
34,98.19,3532.35,two_year,mailed_check,none,2,3,54.2,False,False,False,0
65,53.85,3472.12,month_to_month,electronic_check,dsl,3,0,82.1,True,False,False,1
12,94.4,1201.73,month_to_month,credit_card,dsl,0,0,25.1,True,False,False,1
31,97.13,3223.04,two_year,mailed_check,dsl,1,0,45.6,False,False,True,1
8,63.55,586.04,month_to_month,credit_card,dsl,2,1,36.0,False,True,True,1
55,106.54,5801.66,month_to_month,credit_card,fiber,2,1,12.0,True,True,True,1
52,80.32,4197.97,month_to_month,bank_transfer,dsl,4,1,25.8,False,False,False,1
58,50.7,2983.87,one_year,bank_transfer,fiber,2,0,47.1,False,True,True,0
55,61.77,3526.39,one_year,electronic_check,dsl,1,1,22.4,False,False,True,0
22,94.92,2197.5,one_year,credit_card,none,2,0,2.3,False,False,True,1
4,90.31,111.95,two_year,credit_card,fiber,1,1,25.9,False,True,False,0
67,46.72,3053.18,month_to_month,electronic_check,none,0,0,54.9,False,False,True,1
35,66.94,2336.6,month_to_month,electronic_check,dsl,0,1,47.4,False,False,True,0
6,74.48,355.5,two_year,bank_transfer,none,0,2,209.4,False,True,True,1
67,58.83,3608.6,month_to_month,mailed_check,fiber,2,0,50.6,True,True,True,0
72,121.87,8709.33,two_year,mailed_check,fiber,0,0,23.7,True,False,True,0
32,75.14,2404.16,two_year,mailed_check,dsl,1,0,74.1,False,True,True,0
56,68.64,3796.56,two_year,mailed_check,dsl,1,0,70.6,True,False,True,1
2,96.2,102.68,month_to_month,electronic_check,dsl,1,2,46.6,False,False,False,1
6,61.97,375.55,one_year,credit_card,dsl,0,0,8.5,False,True,False,0
20,92.16,1874.08,two_year,electronic_check,dsl,0,0,47.9,False,False,True,0
47,33.31,1523.4,month_to_month,bank_transfer,none,3,1,68.1,False,False,True,0
9,60.02,663.64,one_year,mailed_check,fiber,2,0,82.4,False,True,True,1
2,93.08,191.35,month_to_month,electronic_check,fiber,2,0,39.8,False,False,True,1
48,104.54,4939.48,month_to_month,credit_card,dsl,0,0,50.1,False,False,True,1
56,52.99,2866.23,two_year,credit_card,fiber,0,2,12.4,False,False,True,0
53,50.42,2653.09,two_year,electronic_check,dsl,4,0,90.9,True,True,False,1
58,82.48,4884.05,month_to_month,bank_transfer,dsl,2,0,40.0,False,False,True,1
58,56.29,3190.69,month_to_month,credit_card,fiber,2,0,43.9,False,False,True,0
43,64.09,2809.5,one_year,credit_card,fiber,1,1,100.4,False,False,True,0
37,89.28,3311.87,month_to_month,mailed_check,fiber,0,0,39.6,False,False,True,0
62,58.03,3777.25,one_year,electronic_check,fiber,2,0,52.0,False,True,True,0
25,26.76,704.12,one_year,credit_card,fiber,2,0,28.4,False,False,False,0
7,41.38,226.82,month_to_month,bank_transfer,fiber,0,0,86.2,False,False,False,0
54,70.22,3858.15,one_year,credit_card,dsl,1,1,97.1,True,False,True,0
20,29.0,649.3,month_to_month,credit_card,none,1,0,13.2,False,True,False,1
71,63.46,4469.93,month_to_month,credit_card,fiber,2,1,65.9,False,False,True,0
30,39.37,1076.34,two_year,electronic_check,dsl,0,0,20.1,False,False,True,0
62,106.08,6625.2,month_to_month,electronic_check,fiber,0,1,92.6,False,False,False,0
3,117.63,358.61,month_to_month,mailed_check,fiber,1,0,50.7,False,True,True,1
48,46.72,2106.07,one_year,electronic_check,fiber,2,0,59.4,False,True,False,0
32,75.65,2443.71,month_to_month,mailed_check,dsl,0,0,86.7,False,False,False,1
33,48.87,1555.38,month_to_month,electronic_check,fiber,0,0,19.8,False,True,False,1
19,63.2,1064.4,two_year,mailed_check,none,3,1,43.5,False,False,False,0
70,109.68,7645.91,month_to_month,mailed_check,dsl,2,1,17.2,True,True,False,0
28,59.73,1787.9,month_to_month,electronic_check,dsl,1,0,79.1,False,False,True,1
62,63.71,4058.75,month_to_month,bank_transfer,dsl,0,0,15.8,False,False,True,0
31,49.26,1612.27,one_year,bank_transfer,fiber,0,1,35.2,False,False,True,1
3,95.22,309.89,month_to_month,bank_transfer,dsl,2,0,30.1,False,False,True,0
64,18.0,1205.62,two_year,mailed_check,fiber,0,1,101.6,True,False,True,0
13,60.26,792.26,month_to_month,electronic_check,dsl,0,1,115.6,True,False,True,1
19,68.99,1211.36,one_year,mailed_check,fiber,0,0,68.5,False,False,False,1
62,55.46,3357.02,two_year,credit_card,fiber,3,0,55.5,False,False,True,0
65,89.0,5730.35,one_year,electronic_check,dsl,0,0,15.3,False,True,True,0
66,96.44,6491.16,one_year,credit_card,fiber,0,0,39.6,False,False,False,0
31,38.94,1304.04,month_to_month,electronic_check,fiber,1,1,76.7,False,False,True,1
55,116.06,6286.11,month_to_month,credit_card,none,0,0,39.5,False,False,False,0
23,38.69,894.68,month_to_month,electronic_check,fiber,1,0,57.2,False,True,False,1
54,98.35,5274.67,month_to_month,bank_transfer,fiber,0,0,4.1,False,False,False,1
36,73.3,2624.84,month_to_month,credit_card,fiber,4,1,22.1,False,False,True,1
3,58.92,128.52,one_year,credit_card,dsl,0,1,70.2,False,False,True,0
30,60.99,1956.21,month_to_month,mailed_check,dsl,1,0,14.5,False,False,True,1
34,69.26,2353.14,two_year,mailed_check,dsl,4,1,23.6,False,False,True,1
18,74.59,1362.07,one_year,bank_transfer,dsl,2,2,6.9,False,True,False,1
27,49.76,1363.7,month_to_month,electronic_check,fiber,0,0,45.3,False,False,False,0
36,64.85,2242.1,month_to_month,mailed_check,none,0,0,23.2,False,False,True,0
3,53.05,168.92,one_year,electronic_check,dsl,0,1,109.1,False,False,True,1
11,43.27,571.58,month_to_month,credit_card,none,1,0,61.0,False,False,False,0
55,52.02,2993.64,month_to_month,mailed_check,fiber,1,2,61.3,False,False,True,1
25,44.7,1014.2,month_to_month,electronic_check,dsl,1,1,18.7,True,True,False,1
44,60.76,2536.77,one_year,electronic_check,fiber,1,0,49.4,False,False,True,0
41,79.51,3265.5,month_to_month,credit_card,dsl,1,0,13.3,True,False,False,0
40,72.66,3006.23,month_to_month,credit_card,none,2,0,24.0,False,False,False,0
30,113.44,3435.56,month_to_month,credit_card,dsl,5,2,130.5,False,True,True,1
35,21.37,809.18,month_to_month,bank_transfer,dsl,4,1,18.0,False,True,False,1
60,80.33,4697.38,month_to_month,mailed_check,fiber,1,0,36.9,False,True,True,0
70,70.14,4858.32,one_year,mailed_check,fiber,2,1,31.7,False,True,False,0
18,87.94,1385.27,one_year,electronic_check,none,3,0,92.1,False,False,True,1
48,85.76,4103.66,month_to_month,bank_transfer,fiber,1,0,16.0,True,False,False,0
70,66.37,4451.12,two_year,mailed_check,fiber,1,0,50.6,False,False,False,0
0,73.8,119.94,one_year,electronic_check,fiber,4,0,6.1,False,False,False,1
57,53.63,3196.84,month_to_month,credit_card,dsl,5,0,55.9,False,False,True,0
36,83.5,3018.66,two_year,electronic_check,dsl,2,1,86.6,False,True,True,0
70,28.66,1870.07,one_year,electronic_check,fiber,1,1,39.9,False,False,True,0
42,87.09,3691.59,month_to_month,electronic_check,dsl,1,0,48.2,False,False,True,0
61,69.49,4406.21,month_to_month,bank_transfer,dsl,0,0,52.9,False,False,True,0
12,59.28,754.18,two_year,bank_transfer,dsl,4,2,21.1,False,False,True,0
10,64.88,755.45,month_to_month,electronic_check,fiber,1,1,35.2,False,False,True,1
67,66.5,4411.84,month_to_month,credit_card,fiber,0,0,19.7,False,True,False,0
38,98.54,3666.11,two_year,electronic_check,fiber,1,0,55.0,False,False,False,0
40,130.0,5193.62,two_year,electronic_check,fiber,0,0,18.9,False,True,True,0
12,96.84,988.68,one_year,mailed_check,fiber,1,1,35.0,True,False,False,0
16,57.56,1124.73,month_to_month,credit_card,dsl,1,0,16.4,False,True,True,1
59,83.86,4960.31,month_to_month,bank_transfer,none,1,0,32.4,False,True,True,1
22,84.81,1943.83,two_year,electronic_check,fiber,1,1,18.5,False,False,True,0
42,49.65,2043.76,one_year,electronic_check,dsl,3,0,14.1,True,False,True,1
23,42.26,833.1,two_year,mailed_check,fiber,2,0,49.6,False,False,False,0
19,68.61,1431.91,month_to_month,electronic_check,fiber,0,0,68.7,False,True,True,1
12,87.77,952.07,two_year,electronic_check,dsl,2,0,101.5,False,True,False,0
67,34.54,2345.58,month_to_month,bank_transfer,fiber,0,0,21.1,False,True,False,0
68,54.14,3721.4,month_to_month,credit_card,fiber,1,1,31.5,False,False,True,0
8,82.6,667.46,two_year,mailed_check,fiber,1,0,65.1,False,False,False,0
25,70.92,1702.39,month_to_month,mailed_check,dsl,1,0,39.8,False,False,True,0
41,101.16,4134.09,one_year,electronic_check,dsl,2,1,75.5,False,True,True,0
27,38.95,966.15,one_year,electronic_check,fiber,3,0,49.4,False,True,False,1
52,121.75,6403.83,two_year,bank_transfer,fiber,2,0,25.0,False,False,True,0
18,36.16,702.32,month_to_month,electronic_check,fiber,1,0,30.6,False,True,True,1
4,25.36,99.51,month_to_month,credit_card,fiber,1,0,40.6,False,True,True,0
24,68.7,1597.65,one_year,credit_card,fiber,2,1,24.9,False,False,False,0
43,45.04,2126.38,two_year,mailed_check,dsl,0,0,22.1,False,False,True,1
13,69.15,781.76,two_year,mailed_check,dsl,2,1,64.2,False,True,False,1
59,68.38,3895.4,month_to_month,electronic_check,dsl,1,1,53.6,False,True,True,1
0,65.69,0.0,one_year,electronic_check,fiber,1,0,3.1,False,False,True,1
4,51.47,182.66,month_to_month,mailed_check,dsl,1,0,106.7,False,False,False,1
37,79.52,3041.02,month_to_month,electronic_check,dsl,3,1,22.0,False,False,False,1
37,63.02,2389.89,month_to_month,electronic_check,fiber,0,1,68.3,False,True,True,1
21,94.28,1982.54,month_to_month,electronic_check,fiber,3,1,40.8,False,False,True,1
18,66.03,1233.57,month_to_month,electronic_check,none,2,0,59.9,False,False,True,0
5,48.78,287.29,month_to_month,electronic_check,dsl,2,0,52.2,False,False,True,0
48,32.87,1767.08,month_to_month,electronic_check,dsl,3,0,25.3,False,False,True,0
27,66.21,1810.47,two_year,electronic_check,dsl,1,0,22.3,True,True,False,0
8,42.08,275.34,month_to_month,bank_transfer,fiber,3,0,14.6,False,False,True,1
29,40.3,1186.57,two_year,electronic_check,fiber,1,0,55.4,True,False,False,0
68,81.6,5313.12,two_year,bank_transfer,dsl,2,0,74.4,False,True,False,0
19,30.89,583.97,month_to_month,bank_transfer,dsl,1,2,25.4,False,False,True,1
65,101.07,6667.92,one_year,credit_card,fiber,1,1,52.1,False,True,True,0
18,73.51,1377.38,month_to_month,mailed_check,fiber,0,1,14.2,False,False,False,0
13,69.04,924.39,month_to_month,credit_card,none,0,0,57.0,False,False,True,1
19,47.24,955.99,one_year,electronic_check,dsl,3,1,14.2,False,False,False,1
23,86.82,2096.15,one_year,credit_card,fiber,1,0,91.5,False,False,False,0
8,69.94,687.79,month_to_month,electronic_check,fiber,1,1,56.4,False,False,True,1
42,54.91,2346.49,two_year,electronic_check,dsl,0,0,38.0,True,False,False,0
24,74.4,1757.15,one_year,mailed_check,fiber,3,1,46.8,False,False,False,0
52,32.98,1506.74,month_to_month,mailed_check,fiber,1,0,54.3,True,False,True,0
35,34.02,1278.74,month_to_month,credit_card,none,1,0,8.3,False,False,True,0
32,45.36,1497.89,two_year,credit_card,dsl,0,1,53.4,False,False,True,0
34,77.69,2655.2,two_year,credit_card,none,2,1,23.5,False,False,False,0
11,69.93,707.31,one_year,electronic_check,fiber,3,0,52.8,False,True,False,1
52,93.08,4927.02,one_year,electronic_check,fiber,1,1,77.3,False,True,False,0
7,49.76,325.17,month_to_month,credit_card,none,1,0,31.7,False,False,False,1
52,82.64,4294.18,month_to_month,electronic_check,none,0,1,69.5,False,False,True,1
72,67.49,4854.24,two_year,electronic_check,dsl,1,0,89.2,False,False,False,0
55,49.25,2749.24,one_year,bank_transfer,fiber,0,0,51.1,False,False,True,0
33,78.48,2486.46,month_to_month,credit_card,dsl,0,1,41.0,False,False,False,0
22,68.55,1558.73,one_year,electronic_check,fiber,4,0,44.5,False,False,True,0
63,56.16,3473.2,month_to_month,mailed_check,none,1,1,22.3,False,False,True,0
18,70.92,1214.84,month_to_month,bank_transfer,dsl,2,0,99.5,True,False,False,1
35,67.15,2429.92,one_year,credit_card,fiber,1,1,55.7,False,False,True,1
56,66.62,3641.17,month_to_month,electronic_check,fiber,2,2,57.1,False,False,True,1
67,60.92,4161.15,month_to_month,bank_transfer,fiber,3,0,93.9,True,False,True,0
67,41.29,2775.55,month_to_month,bank_transfer,dsl,2,0,30.8,False,False,True,1
6,71.64,281.5,month_to_month,credit_card,fiber,0,1,14.4,False,False,False,1
65,52.34,3524.9,two_year,bank_transfer,dsl,2,1,39.2,False,False,True,1
8,47.55,408.32,month_to_month,electronic_check,fiber,3,0,121.2,False,False,False,1
42,64.7,2752.87,month_to_month,electronic_check,dsl,2,0,98.1,True,True,False,0
67,86.15,5862.7,one_year,mailed_check,dsl,0,1,13.3,False,False,True,0
47,74.08,3616.69,two_year,electronic_check,fiber,1,1,25.1,False,False,False,0
69,58.31,4041.48,one_year,credit_card,fiber,2,0,82.6,False,False,True,0
25,57.43,1491.31,two_year,mailed_check,fiber,3,0,52.9,False,True,False,0
22,83.99,1881.19,one_year,electronic_check,none,2,1,48.3,False,False,True,1
23,18.0,383.14,one_year,mailed_check,fiber,3,0,35.4,True,True,True,1
25,87.54,2045.99,month_to_month,mailed_check,fiber,1,0,26.2,False,False,True,0
49,28.77,1429.07,month_to_month,bank_transfer,dsl,1,0,31.0,False,False,True,0
33,38.86,1406.48,month_to_month,bank_transfer,fiber,1,0,12.6,False,False,True,1
53,58.69,3163.07,one_year,mailed_check,dsl,2,2,61.6,False,False,True,0
30,117.74,3436.13,one_year,electronic_check,fiber,0,2,28.7,True,False,True,1
22,106.9,2450.58,one_year,bank_transfer,none,1,1,59.3,False,True,True,0
13,85.54,1084.17,one_year,electronic_check,dsl,1,1,11.3,False,False,True,0
40,77.84,2925.32,one_year,mailed_check,dsl,1,0,42.4,False,False,True,0
65,29.03,1978.56,month_to_month,credit_card,fiber,0,1,78.0,False,True,False,1
62,73.45,4468.82,month_to_month,bank_transfer,fiber,2,1,55.0,False,False,True,0
18,57.92,1202.83,one_year,electronic_check,fiber,1,1,32.4,False,False,True,1
34,52.03,1872.32,month_to_month,electronic_check,dsl,0,0,17.1,False,False,False,1
51,73.41,3723.41,two_year,bank_transfer,none,4,2,49.5,True,True,True,0
44,59.64,2665.5,month_to_month,credit_card,fiber,0,0,84.0,False,False,False,1
4,89.12,574.63,month_to_month,credit_card,none,2,0,108.3,False,True,True,0
43,27.41,1268.63,one_year,bank_transfer,dsl,1,0,59.1,False,False,True,0
2,71.65,164.74,month_to_month,electronic_check,dsl,2,1,27.8,False,False,False,1
8,50.66,665.3,one_year,electronic_check,none,1,3,36.0,False,False,True,1
47,60.99,2877.11,month_to_month,electronic_check,none,2,1,53.3,False,True,True,1
7,76.7,589.26,month_to_month,mailed_check,dsl,2,0,48.5,False,True,True,1
24,45.42,1005.82,one_year,electronic_check,dsl,1,0,10.0,True,False,True,1
42,73.61,2940.9,month_to_month,credit_card,dsl,0,1,123.1,False,False,True,0
47,65.33,3044.61,one_year,mailed_check,fiber,1,3,41.6,False,False,False,1
32,55.47,1778.5,month_to_month,bank_transfer,fiber,2,1,41.5,False,True,True,1
6,59.65,387.53,one_year,bank_transfer,dsl,0,0,13.3,True,True,True,0
58,66.6,3735.02,month_to_month,credit_card,fiber,2,0,32.1,True,True,True,1
69,53.11,3724.05,month_to_month,bank_transfer,fiber,2,0,68.8,False,False,False,0
64,70.16,4415.51,one_year,mailed_check,fiber,1,2,74.8,False,True,True,0
54,63.88,3504.31,one_year,mailed_check,dsl,1,1,59.2,False,True,True,0
29,56.55,1724.09,two_year,bank_transfer,fiber,0,1,21.4,True,False,True,1
63,104.98,6578.14,two_year,bank_transfer,none,1,1,85.7,False,False,False,0
35,79.14,2683.16,one_year,bank_transfer,dsl,2,1,24.4,False,False,True,1
9,61.58,693.15,month_to_month,bank_transfer,fiber,1,0,23.0,False,False,True,1
62,73.21,4617.58,one_year,bank_transfer,fiber,1,0,28.8,False,True,True,0
23,47.41,1104.11,month_to_month,electronic_check,fiber,1,1,91.6,False,True,True,1
68,60.39,4238.68,two_year,bank_transfer,fiber,1,0,30.3,False,False,True,0
26,62.96,1644.45,one_year,credit_card,fiber,1,0,54.7,False,False,True,0
63,42.57,2626.06,month_to_month,electronic_check,fiber,0,1,33.5,False,False,False,0
39,78.52,2972.13,two_year,electronic_check,dsl,0,0,109.8,False,False,True,0
34,58.88,1992.22,one_year,electronic_check,fiber,2,1,49.5,False,True,False,0
21,62.18,1375.23,month_to_month,credit_card,fiber,1,0,28.6,False,False,True,1
61,57.49,3631.97,one_year,electronic_check,none,1,1,10.6,False,False,True,0
4,130.0,522.12,month_to_month,bank_transfer,none,1,2,59.0,False,False,False,0
34,55.42,1993.46,one_year,mailed_check,fiber,1,1,42.2,True,True,False,1
26,24.49,617.46,two_year,electronic_check,dsl,1,0,31.2,False,False,True,1
39,34.8,1286.86,month_to_month,electronic_check,fiber,0,0,16.2,False,False,True,0
18,86.7,1443.03,month_to_month,electronic_check,dsl,3,0,118.2,False,True,False,0
48,99.4,4725.64,month_to_month,bank_transfer,dsl,0,1,65.6,False,False,True,1
28,55.0,1425.82,two_year,electronic_check,dsl,2,1,80.0,False,False,True,1
13,98.14,1456.68,month_to_month,electronic_check,dsl,2,0,35.0,False,True,True,0
14,86.31,1247.88,one_year,electronic_check,dsl,0,0,37.3,False,True,False,1
50,65.83,3282.89,one_year,electronic_check,fiber,0,0,128.5,False,False,True,0
19,64.27,1376.11,two_year,bank_transfer,dsl,0,1,19.1,False,False,True,0
22,73.98,1510.36,month_to_month,bank_transfer,fiber,3,1,108.3,False,True,True,1
45,89.3,4006.16,month_to_month,electronic_check,fiber,0,0,101.2,False,False,False,0
24,78.74,2069.73,two_year,credit_card,dsl,0,0,13.4,False,True,False,0
28,55.11,1530.12,month_to_month,bank_transfer,fiber,1,0,16.3,True,True,True,0
17,66.17,1345.1,month_to_month,mailed_check,fiber,3,0,140.9,False,True,False,0
25,113.59,2910.45,month_to_month,bank_transfer,fiber,1,0,41.4,False,False,True,1
50,75.53,3894.03,two_year,bank_transfer,none,1,0,42.4,False,True,True,1
38,89.13,3507.08,two_year,mailed_check,fiber,0,1,51.4,False,False,True,0
72,81.88,5895.5,month_to_month,credit_card,fiber,3,0,30.1,False,True,True,0
56,76.01,4212.62,month_to_month,electronic_check,fiber,1,0,83.6,False,True,True,0
1,72.39,62.0,one_year,bank_transfer,none,1,1,13.9,False,False,False,1
27,89.74,2334.16,month_to_month,electronic_check,fiber,1,1,80.7,False,False,True,1
21,85.81,1796.07,two_year,credit_card,dsl,0,0,28.5,True,False,True,0
42,75.81,3183.62,month_to_month,bank_transfer,fiber,0,0,23.7,False,True,True,1
19,54.74,1192.09,month_to_month,credit_card,dsl,0,1,31.6,False,False,True,1
70,78.48,5546.99,month_to_month,credit_card,none,1,0,72.4,False,False,False,0
21,68.53,1651.77,month_to_month,credit_card,fiber,1,2,32.9,False,False,False,1
38,63.22,2208.0,month_to_month,electronic_check,fiber,3,2,6.2,False,False,True,1
8,128.93,921.91,one_year,electronic_check,fiber,1,0,19.6,False,False,False,1
66,36.14,2353.26,month_to_month,credit_card,fiber,2,0,61.7,True,False,False,0
66,91.09,6146.26,one_year,electronic_check,none,2,1,20.2,False,True,True,0
57,51.02,2898.28,month_to_month,mailed_check,fiber,3,0,21.8,False,False,False,1
25,72.89,1690.15,month_to_month,credit_card,dsl,3,1,24.2,True,True,False,1
4,126.51,483.98,month_to_month,mailed_check,fiber,2,0,75.5,False,False,False,1
51,48.83,2382.55,one_year,mailed_check,fiber,0,0,51.1,False,True,False,0
31,54.07,1550.74,month_to_month,credit_card,dsl,1,0,91.3,False,False,False,0
72,69.61,5191.81,two_year,credit_card,dsl,0,0,33.7,False,False,False,0
50,51.36,2536.36,month_to_month,mailed_check,fiber,0,0,95.3,False,False,False,0
39,89.45,3504.13,month_to_month,electronic_check,none,0,0,5.0,True,False,False,0
72,58.24,4184.91,month_to_month,credit_card,fiber,0,0,46.1,True,False,True,0
58,84.39,4871.99,one_year,electronic_check,none,1,0,36.6,False,False,False,1
33,40.76,1269.42,month_to_month,bank_transfer,fiber,2,0,33.1,False,False,True,1
1,30.25,2.29,month_to_month,bank_transfer,fiber,3,1,98.8,True,False,True,1
6,64.96,420.11,month_to_month,bank_transfer,dsl,4,1,35.4,False,False,True,1
32,35.49,1263.36,month_to_month,credit_card,fiber,1,0,64.3,False,False,False,0
41,103.4,4324.67,month_to_month,credit_card,dsl,0,0,103.2,False,False,False,1
2,36.34,0.0,one_year,credit_card,dsl,3,0,49.0,False,False,False,1
9,47.17,513.5,one_year,bank_transfer,fiber,2,0,27.7,False,False,True,1
51,79.1,4076.89,month_to_month,mailed_check,dsl,0,0,10.5,True,True,False,0
54,57.1,3027.18,month_to_month,electronic_check,dsl,0,0,36.7,False,False,False,1
2,36.6,89.59,month_to_month,electronic_check,fiber,1,1,57.2,False,False,False,1
37,114.88,4302.07,two_year,electronic_check,fiber,1,0,77.5,False,False,True,0
5,47.96,244.03,one_year,bank_transfer,fiber,1,0,64.4,True,False,True,1
52,65.68,3458.58,month_to_month,mailed_check,fiber,5,0,22.9,True,True,False,0
60,65.4,3846.33,two_year,electronic_check,fiber,0,1,52.1,True,True,True,0
63,85.63,5574.04,month_to_month,credit_card,dsl,2,0,31.3,False,False,False,0
43,80.17,3273.67,month_to_month,mailed_check,fiber,0,0,15.1,False,False,True,1
45,51.81,2383.46,two_year,electronic_check,fiber,1,1,78.2,False,False,True,0
67,62.83,4242.62,one_year,mailed_check,dsl,2,0,14.9,False,False,False,0
44,65.01,2918.3,month_to_month,mailed_check,fiber,0,0,50.7,False,False,True,1
32,86.48,2703.61,one_year,bank_transfer,none,2,0,17.2,False,False,False,0
55,44.3,2541.73,two_year,electronic_check,dsl,0,0,54.4,False,True,False,0
43,114.4,4909.48,month_to_month,bank_transfer,none,1,0,46.3,True,False,False,0
61,53.3,3144.54,month_to_month,electronic_check,none,0,1,26.0,False,False,True,0
38,69.81,2554.25,month_to_month,electronic_check,fiber,1,1,41.9,True,False,False,1
63,44.48,2813.46,two_year,electronic_check,dsl,3,0,12.8,False,False,True,0
3,41.44,0.0,month_to_month,electronic_check,fiber,0,0,142.5,False,False,True,1
2,50.76,263.57,month_to_month,mailed_check,dsl,0,1,20.1,False,True,False,1
7,48.65,434.95,month_to_month,bank_transfer,fiber,1,0,68.8,False,True,True,0
40,60.89,2600.02,month_to_month,electronic_check,dsl,2,2,125.2,False,True,True,0
51,48.46,2626.39,one_year,credit_card,fiber,2,0,45.7,True,True,True,1
15,85.3,1247.83,month_to_month,bank_transfer,none,0,1,74.7,False,False,True,0
11,52.77,502.23,two_year,electronic_check,fiber,0,3,118.5,False,False,False,1
62,50.34,2880.08,one_year,electronic_check,dsl,1,2,56.3,False,False,False,0
54,61.35,3276.34,month_to_month,credit_card,none,2,2,33.0,False,False,True,1
47,91.84,4475.39,two_year,bank_transfer,fiber,0,1,82.4,False,False,False,0
35,74.73,2541.04,month_to_month,electronic_check,fiber,1,1,44.2,False,False,True,1
30,67.81,2015.41,one_year,mailed_check,dsl,3,0,7.7,False,False,False,1
1,38.47,0.0,one_year,credit_card,none,1,0,22.3,False,False,True,0
13,44.86,616.93,month_to_month,credit_card,none,3,1,39.2,False,True,False,1
65,41.87,2837.3,month_to_month,electronic_check,fiber,2,0,91.5,False,False,True,1
24,98.75,2231.47,month_to_month,credit_card,none,2,2,54.1,False,False,True,1
51,81.67,4043.87,month_to_month,electronic_check,fiber,1,0,29.1,True,False,False,1
51,51.04,2736.84,one_year,electronic_check,fiber,2,0,56.3,False,True,False,0
22,57.58,1332.74,month_to_month,mailed_check,dsl,1,0,5.5,False,True,True,1
14,51.84,702.42,month_to_month,credit_card,dsl,3,1,16.1,False,True,True,1
50,50.51,2679.14,two_year,electronic_check,fiber,1,0,122.9,False,True,False,0
6,80.13,357.93,month_to_month,electronic_check,dsl,0,1,9.4,False,False,False,1
36,63.67,2375.93,two_year,electronic_check,fiber,1,0,124.7,False,False,False,1
64,115.79,7404.42,one_year,mailed_check,fiber,4,0,147.7,False,True,True,0
51,97.51,5027.6,one_year,electronic_check,none,2,0,44.0,False,False,True,1
55,98.81,5219.71,month_to_month,credit_card,dsl,2,1,74.5,False,False,False,1
6,84.77,485.16,two_year,bank_transfer,fiber,0,0,22.1,False,False,True,0
14,60.7,916.11,two_year,electronic_check,dsl,1,1,31.7,True,False,True,0
20,83.15,1657.3,one_year,credit_card,fiber,3,1,132.6,False,False,False,1
21,62.33,1421.91,one_year,bank_transfer,fiber,1,2,105.2,True,False,False,0
14,105.87,1592.14,month_to_month,mailed_check,dsl,2,1,99.5,False,True,True,1
70,78.89,5436.03,month_to_month,bank_transfer,none,3,1,77.5,False,False,True,0
12,75.77,983.4,two_year,electronic_check,fiber,2,0,12.8,False,True,False,1
51,72.8,3623.46,month_to_month,electronic_check,fiber,2,1,31.5,True,False,True,0
42,108.29,4553.04,month_to_month,electronic_check,dsl,2,0,34.2,False,True,True,0
44,38.46,1751.29,month_to_month,credit_card,fiber,1,0,95.0,False,True,True,0
15,110.44,1581.42,one_year,mailed_check,fiber,2,0,42.8,False,False,True,1
22,65.9,1520.62,one_year,electronic_check,dsl,2,0,71.2,True,True,True,0
44,39.06,1673.16,one_year,electronic_check,none,1,0,20.6,True,True,True,0
21,53.45,1070.19,month_to_month,credit_card,fiber,1,0,17.7,False,False,False,1
50,33.68,1747.6,month_to_month,electronic_check,fiber,2,2,42.2,True,False,True,1
2,84.38,93.52,month_to_month,credit_card,dsl,0,0,26.7,True,False,True,1
5,47.16,155.98,two_year,electronic_check,fiber,1,0,71.5,False,False,True,0
53,73.71,4000.33,month_to_month,bank_transfer,fiber,2,0,77.0,False,True,True,0
45,94.95,4282.52,two_year,electronic_check,dsl,0,2,26.4,False,False,True,0
3,55.22,34.79,month_to_month,credit_card,dsl,1,0,27.1,False,False,False,1
65,64.1,4243.51,two_year,bank_transfer,dsl,3,1,42.5,False,True,False,1
0,41.33,0.0,one_year,electronic_check,fiber,1,0,110.2,False,False,False,0
69,61.46,4114.47,two_year,electronic_check,fiber,2,0,62.7,True,False,False,0
53,126.63,6485.73,one_year,credit_card,fiber,4,0,48.8,True,True,False,0
72,87.11,6353.23,one_year,bank_transfer,dsl,2,0,30.4,False,False,False,1
69,64.18,4351.03,one_year,credit_card,dsl,3,0,38.6,False,True,True,0
22,56.54,1131.93,month_to_month,credit_card,fiber,1,0,73.0,False,False,True,1
55,69.06,3855.85,two_year,credit_card,dsl,2,1,79.3,True,False,True,0
15,72.86,1165.42,one_year,credit_card,fiber,1,0,12.5,False,False,True,0
34,60.78,1995.68,month_to_month,bank_transfer,none,0,0,17.0,False,True,True,1
17,81.66,1470.36,month_to_month,electronic_check,dsl,2,1,71.4,False,False,True,1
35,49.02,1900.64,month_to_month,credit_card,fiber,2,1,110.4,False,False,True,0
63,48.92,3203.16,two_year,mailed_check,fiber,4,0,37.9,False,False,True,0
31,78.14,2529.54,one_year,bank_transfer,fiber,1,0,56.8,False,False,True,0
6,44.29,294.01,month_to_month,credit_card,fiber,0,0,5.8,False,True,True,0
23,86.04,1938.99,one_year,bank_transfer,dsl,3,0,91.6,False,False,True,0
57,69.69,3967.3,month_to_month,credit_card,fiber,2,1,48.0,False,False,True,0
38,29.79,1171.69,month_to_month,credit_card,dsl,0,0,82.4,False,True,False,1
40,72.41,2783.22,two_year,electronic_check,dsl,2,0,37.9,True,False,True,0
31,32.93,951.59,month_to_month,electronic_check,fiber,2,3,99.0,False,True,False,0
21,85.25,1661.75,month_to_month,electronic_check,fiber,1,0,118.0,False,True,False,1
43,64.53,2795.96,month_to_month,bank_transfer,fiber,2,2,37.8,True,False,False,1
46,110.72,5100.59,month_to_month,credit_card,dsl,1,1,85.4,False,False,True,1
65,93.57,6023.31,month_to_month,mailed_check,dsl,0,0,103.1,False,False,True,0
45,46.66,2173.54,month_to_month,electronic_check,fiber,3,0,50.8,False,True,False,0
72,25.54,1744.87,month_to_month,electronic_check,fiber,2,3,47.1,False,False,True,1
60,53.39,3141.31,two_year,bank_transfer,none,1,0,151.7,True,True,True,0
5,43.13,285.9,month_to_month,electronic_check,fiber,1,0,56.2,False,False,True,0
28,110.17,3168.35,two_year,credit_card,fiber,0,0,45.2,False,False,False,1
28,69.77,1881.94,one_year,electronic_check,fiber,1,0,22.6,False,False,False,0
0,90.54,20.88,month_to_month,electronic_check,fiber,1,0,46.3,False,False,True,1
13,63.73,758.4,month_to_month,credit_card,dsl,2,1,64.5,False,False,False,1
55,66.05,3614.99,month_to_month,credit_card,dsl,1,0,69.7,False,False,True,0
25,69.28,1744.95,one_year,electronic_check,fiber,3,0,24.8,False,False,True,0
10,94.34,993.83,one_year,electronic_check,fiber,0,0,41.6,False,False,False,0
20,76.86,1565.78,month_to_month,electronic_check,dsl,2,1,53.5,False,False,True,1
20,46.74,959.38,month_to_month,electronic_check,fiber,2,1,12.8,True,False,True,1
12,105.7,1171.34,month_to_month,mailed_check,none,1,0,68.7,False,True,False,0
7,63.56,479.86,one_year,bank_transfer,dsl,2,0,63.1,False,False,True,1
55,59.98,3348.5,month_to_month,electronic_check,none,1,1,53.9,False,False,True,0
60,18.0,1142.0,month_to_month,electronic_check,fiber,2,0,49.8,False,False,False,1
36,83.96,2957.8,one_year,electronic_check,dsl,1,0,25.4,True,False,False,0
44,72.22,3260.08,one_year,electronic_check,fiber,2,0,74.8,True,False,True,0
67,72.2,4718.85,month_to_month,mailed_check,none,1,0,37.6,False,False,True,0
61,61.14,3690.77,month_to_month,electronic_check,dsl,0,0,32.2,True,True,False,0
2,57.35,89.9,month_to_month,mailed_check,dsl,0,0,19.7,False,False,True,0
69,61.87,4155.41,two_year,bank_transfer,fiber,3,0,38.6,False,False,False,0
4,80.19,294.6,month_to_month,bank_transfer,dsl,0,1,77.8,False,False,False,1
1,84.06,103.99,month_to_month,credit_card,dsl,1,0,32.5,False,False,False,1
29,64.92,1718.36,month_to_month,electronic_check,fiber,1,0,45.4,False,False,True,1
54,90.88,4872.0,one_year,bank_transfer,dsl,0,1,7.1,False,False,True,0
5,68.26,183.94,one_year,bank_transfer,fiber,0,0,18.7,False,True,True,1
21,58.91,1420.85,one_year,credit_card,dsl,1,0,12.1,False,False,True,1
19,74.37,1432.15,one_year,electronic_check,fiber,1,0,43.4,True,False,True,1
29,40.09,1173.93,two_year,electronic_check,dsl,2,1,51.6,False,True,True,1
71,75.12,5354.41,two_year,electronic_check,fiber,1,1,24.2,True,True,True,0
24,36.07,920.09,month_to_month,electronic_check,dsl,1,0,52.1,False,False,True,0
15,47.39,798.88,month_to_month,credit_card,none,1,1,55.1,True,True,False,1
8,25.59,64.0,two_year,mailed_check,fiber,1,0,43.7,False,True,False,1
14,66.15,1044.02,one_year,bank_transfer,none,0,0,20.0,False,False,True,0
9,105.41,1060.81,two_year,credit_card,none,1,0,93.7,True,False,True,1
41,67.42,2758.25,month_to_month,bank_transfer,fiber,2,0,121.6,False,False,True,1
30,84.16,2514.11,two_year,bank_transfer,fiber,2,0,80.3,True,False,True,1
36,121.75,4103.75,month_to_month,credit_card,dsl,2,0,16.8,False,False,False,0
60,78.89,4621.44,one_year,bank_transfer,none,2,0,11.7,False,False,True,0
42,53.17,2279.84,month_to_month,electronic_check,fiber,2,0,124.7,False,False,False,1
11,56.19,726.15,month_to_month,mailed_check,none,2,0,43.7,True,False,False,1
27,70.01,1955.87,month_to_month,electronic_check,fiber,1,0,186.3,False,False,True,0
22,56.08,1226.95,month_to_month,bank_transfer,fiber,2,0,21.1,False,False,True,0
60,57.72,3636.53,month_to_month,credit_card,none,0,0,42.0,False,False,True,1
22,91.68,2107.43,two_year,credit_card,fiber,2,1,146.6,True,False,False,1
10,92.58,890.36,two_year,credit_card,dsl,1,1,82.8,False,True,True,0
53,33.77,1986.2,two_year,electronic_check,fiber,1,2,88.6,False,True,True,1
31,52.0,1513.34,two_year,bank_transfer,fiber,1,0,19.2,False,False,False,0
6,59.79,226.27,two_year,electronic_check,none,3,1,84.8,False,False,True,1
50,83.18,4121.1,two_year,credit_card,fiber,1,0,104.8,False,False,True,1
15,95.15,1358.97,month_to_month,bank_transfer,dsl,1,0,16.1,False,False,True,1
63,129.44,8121.88,month_to_month,credit_card,none,3,0,14.2,False,False,False,0
60,59.76,3657.43,two_year,mailed_check,dsl,0,0,94.8,False,False,True,0
26,60.85,1579.04,month_to_month,electronic_check,none,1,0,44.6,False,False,True,1
40,82.95,3317.25,one_year,electronic_check,none,0,1,80.1,True,True,False,0
41,54.99,2259.88,one_year,electronic_check,fiber,0,0,60.6,True,False,False,1
47,66.9,2936.19,month_to_month,mailed_check,dsl,1,0,10.7,False,True,False,0
5,60.87,167.98,month_to_month,bank_transfer,fiber,0,0,56.0,False,False,True,1
23,18.0,379.32,one_year,bank_transfer,dsl,0,0,24.3,False,False,True,0
12,72.71,796.66,month_to_month,credit_card,dsl,0,2,12.1,True,False,False,1
50,65.99,3278.64,month_to_month,electronic_check,fiber,0,0,20.5,False,False,True,0
5,97.97,616.22,one_year,credit_card,dsl,2,0,103.6,False,False,True,1
37,70.12,2587.74,month_to_month,credit_card,fiber,1,0,20.9,True,True,False,1
53,42.4,2128.2,month_to_month,electronic_check,dsl,2,2,20.9,False,True,True,1
69,64.32,4366.7,one_year,bank_transfer,fiber,1,1,70.3,False,False,True,0
21,24.0,657.95,month_to_month,mailed_check,fiber,1,0,44.2,True,False,True,1
0,43.36,137.92,two_year,electronic_check,dsl,1,0,44.1,False,False,True,0
52,83.98,4420.59,month_to_month,bank_transfer,dsl,4,0,47.5,False,True,True,1
0,64.56,0.0,two_year,credit_card,dsl,0,1,5.8,False,False,False,1
4,90.3,388.81,two_year,electronic_check,dsl,2,1,38.3,False,False,True,1
72,26.73,1959.09,two_year,electronic_check,none,0,1,71.5,False,True,True,0
62,64.67,4011.84,one_year,credit_card,dsl,1,0,31.4,False,False,False,0
51,59.54,2985.24,one_year,bank_transfer,none,4,1,40.4,False,False,True,1
60,91.03,5429.16,month_to_month,credit_card,fiber,2,1,47.8,False,True,True,1
5,84.8,366.43,one_year,electronic_check,dsl,3,0,99.3,False,False,True,1
6,84.13,401.72,month_to_month,electronic_check,fiber,0,0,12.7,False,False,False,0
21,103.91,2305.05,month_to_month,bank_transfer,dsl,1,0,8.1,False,False,True,1
1,61.9,141.31,month_to_month,credit_card,none,1,1,37.4,False,True,True,1
64,99.37,6334.04,one_year,bank_transfer,dsl,1,0,36.7,False,False,True,0
4,47.03,219.82,month_to_month,electronic_check,dsl,2,0,31.1,False,False,False,1
39,46.22,1837.65,one_year,bank_transfer,dsl,1,0,74.0,False,False,True,0
62,86.56,5577.58,month_to_month,electronic_check,fiber,3,0,71.8,False,False,False,0
53,36.9,2034.23,month_to_month,electronic_check,none,0,0,90.5,False,False,True,0
17,82.6,1479.33,month_to_month,credit_card,fiber,2,0,16.0,False,False,True,1
34,72.23,2459.24,two_year,bank_transfer,fiber,0,0,40.1,False,False,True,1
40,93.58,3704.1,month_to_month,mailed_check,fiber,2,0,63.7,False,True,False,0
56,68.69,3971.08,two_year,mailed_check,none,0,0,15.6,False,True,True,0
31,71.23,2266.83,month_to_month,credit_card,fiber,0,0,10.0,False,False,True,0
20,81.2,1549.34,month_to_month,bank_transfer,dsl,1,0,51.1,True,False,True,1
58,55.42,3255.21,month_to_month,credit_card,fiber,1,0,69.3,False,False,False,0
64,54.46,3560.8,month_to_month,credit_card,fiber,1,1,66.2,False,False,True,1
35,80.44,2626.78,month_to_month,electronic_check,fiber,0,0,24.1,True,False,True,1
2,69.36,55.71,month_to_month,bank_transfer,fiber,1,0,33.2,False,False,False,1
36,61.04,2230.09,one_year,mailed_check,dsl,0,0,41.1,False,False,True,0
64,68.18,4190.32,one_year,electronic_check,fiber,0,0,39.1,False,False,True,0
72,105.08,7406.81,month_to_month,electronic_check,fiber,1,0,68.8,False,True,False,1
29,60.25,1722.91,two_year,electronic_check,fiber,2,1,28.3,False,False,True,0
10,59.62,640.44,one_year,credit_card,dsl,1,0,56.2,True,True,False,0
41,32.44,1378.44,month_to_month,credit_card,none,1,1,28.5,False,True,True,0
60,69.07,4286.62,month_to_month,electronic_check,fiber,1,0,119.1,True,False,False,1
68,84.45,5750.0,month_to_month,credit_card,dsl,0,0,15.7,False,False,False,0
3,88.4,231.66,two_year,bank_transfer,fiber,0,0,1.5,True,False,True,0
21,72.38,1402.32,month_to_month,electronic_check,none,2,0,8.0,False,True,False,0
34,91.03,3060.4,month_to_month,bank_transfer,none,0,0,6.0,False,False,False,0
7,86.09,666.31,month_to_month,bank_transfer,fiber,1,1,46.2,False,False,False,1
64,94.48,6114.46,month_to_month,credit_card,fiber,1,0,34.4,False,True,True,1
8,91.65,757.02,month_to_month,electronic_check,fiber,1,0,42.1,False,False,False,1
48,104.54,5067.16,one_year,mailed_check,fiber,0,3,51.7,True,False,False,1
67,66.27,4554.96,two_year,credit_card,fiber,2,0,18.4,False,False,True,0
50,40.8,2046.77,month_to_month,electronic_check,fiber,0,0,26.0,False,True,True,1
55,84.6,4776.06,month_to_month,electronic_check,fiber,2,0,56.3,False,False,True,0
19,87.17,1590.83,month_to_month,mailed_check,fiber,0,1,61.1,True,False,True,1
60,104.54,6265.8,month_to_month,electronic_check,fiber,1,0,67.0,False,False,False,0
30,98.19,2902.43,one_year,credit_card,fiber,0,1,67.3,False,False,True,0
4,112.8,522.54,two_year,bank_transfer,fiber,1,1,13.7,True,False,True,0
26,83.64,2083.34,one_year,credit_card,none,0,0,128.3,False,False,False,1
25,75.03,1846.79,month_to_month,bank_transfer,fiber,1,0,54.4,False,False,True,0
38,39.53,1334.77,two_year,electronic_check,fiber,1,1,27.2,False,True,True,0
19,76.78,1512.31,two_year,bank_transfer,none,0,0,84.6,False,False,False,0
33,57.84,2020.93,month_to_month,electronic_check,fiber,0,0,34.0,False,True,True,1
31,74.65,2396.11,two_year,electronic_check,fiber,6,0,99.9,True,False,True,0
23,71.2,1710.74,one_year,electronic_check,dsl,1,0,27.5,False,True,True,0
50,80.38,4094.55,one_year,credit_card,fiber,1,0,38.3,False,False,True,0
22,67.86,1555.89,month_to_month,electronic_check,dsl,1,0,19.2,False,False,True,1
55,90.57,5036.65,month_to_month,credit_card,dsl,2,1,38.5,False,True,True,0
18,18.0,385.1,one_year,electronic_check,dsl,1,1,23.6,False,False,False,1
63,74.18,4614.33,month_to_month,credit_card,dsl,2,1,32.3,False,True,True,0
26,96.45,2489.68,two_year,electronic_check,fiber,1,2,105.6,True,False,True,0
2,111.14,228.6,month_to_month,credit_card,fiber,1,1,41.3,False,False,False,1
10,86.1,830.79,month_to_month,bank_transfer,fiber,0,1,107.8,False,False,False,1
58,107.07,6069.09,one_year,electronic_check,fiber,0,3,34.1,False,False,True,0
63,73.72,4533.21,one_year,bank_transfer,dsl,1,0,134.2,False,True,True,0
15,70.06,1071.6,month_to_month,credit_card,dsl,5,0,54.9,False,False,True,1
43,81.65,3592.47,one_year,electronic_check,fiber,1,1,15.9,False,False,True,1
41,69.93,2867.97,one_year,electronic_check,none,0,0,33.7,False,False,False,0
9,52.79,723.94,one_year,electronic_check,fiber,0,0,48.4,False,False,False,0
32,58.66,1794.34,month_to_month,bank_transfer,none,2,3,36.0,False,False,False,0
50,45.53,2316.54,one_year,electronic_check,fiber,4,3,26.5,False,False,True,1
70,81.62,5829.61,month_to_month,mailed_check,dsl,1,0,48.9,True,True,False,1
61,70.25,4381.16,one_year,bank_transfer,dsl,0,1,52.2,False,False,True,0
7,62.07,493.45,one_year,credit_card,dsl,2,0,69.8,False,True,False,0
17,57.53,1074.33,month_to_month,mailed_check,dsl,0,0,85.4,False,False,False,1
31,81.11,2519.4,month_to_month,electronic_check,dsl,1,1,67.7,False,False,True,0
10,87.17,1021.36,month_to_month,bank_transfer,dsl,3,0,28.8,False,False,True,0
41,45.13,1965.81,month_to_month,electronic_check,none,1,0,92.2,False,False,True,1
0,41.67,0.0,one_year,credit_card,fiber,3,0,24.1,False,False,True,1
8,91.0,756.94,one_year,electronic_check,dsl,0,0,75.3,False,False,True,0
3,39.75,0.0,two_year,bank_transfer,dsl,0,0,43.2,False,True,True,1
21,82.04,1859.8,one_year,credit_card,fiber,1,0,22.5,False,False,False,0
55,105.57,5826.53,one_year,credit_card,fiber,0,0,19.4,False,False,False,0
12,105.62,1388.83,one_year,mailed_check,fiber,3,0,50.7,False,False,True,0
72,86.23,6198.72,month_to_month,electronic_check,fiber,1,1,15.6,False,False,True,1
19,85.59,1459.15,one_year,mailed_check,dsl,0,0,49.3,False,False,False,0
3,119.54,595.98,month_to_month,credit_card,dsl,2,0,58.8,False,False,False,0
24,18.64,459.16,month_to_month,bank_transfer,fiber,1,0,110.9,False,False,False,0
54,59.78,3138.1,two_year,credit_card,dsl,0,0,21.0,True,False,True,0
7,88.67,723.81,one_year,bank_transfer,fiber,0,0,45.1,True,True,False,0
5,62.58,496.13,month_to_month,mailed_check,none,0,0,83.8,False,False,True,1
62,97.28,6013.14,month_to_month,credit_card,dsl,0,0,22.7,False,True,False,0
43,69.13,2963.66,two_year,bank_transfer,fiber,1,0,59.1,False,False,True,1
25,72.9,1843.92,month_to_month,mailed_check,fiber,1,1,74.8,False,True,False,1
55,63.96,3417.81,two_year,bank_transfer,dsl,0,0,41.1,True,False,True,0
61,58.5,3506.34,two_year,mailed_check,dsl,2,0,49.4,True,False,False,0
26,57.96,1667.33,one_year,bank_transfer,fiber,1,2,38.5,False,False,True,1
40,75.97,3026.9,month_to_month,electronic_check,dsl,2,1,89.1,False,False,False,1
0,52.96,0.0,month_to_month,bank_transfer,fiber,0,0,114.3,False,False,True,1
22,90.97,1960.66,month_to_month,bank_transfer,none,0,1,36.7,False,False,True,1
43,84.37,3724.46,month_to_month,electronic_check,none,1,0,24.3,False,False,False,0
14,94.19,1140.83,one_year,electronic_check,fiber,1,1,55.9,False,False,False,1
72,45.16,3274.44,two_year,electronic_check,dsl,1,0,30.2,False,True,True,0
70,32.61,2504.3,month_to_month,bank_transfer,dsl,1,2,42.1,True,False,False,1
18,69.91,1441.18,month_to_month,bank_transfer,fiber,1,0,116.2,False,False,False,1
28,130.0,3691.59,month_to_month,bank_transfer,none,0,1,30.7,False,False,True,1
13,97.86,1390.66,month_to_month,electronic_check,fiber,1,0,12.9,False,False,True,0
36,57.8,2198.41,month_to_month,electronic_check,fiber,2,1,41.2,False,False,True,1
9,79.34,702.73,two_year,electronic_check,none,1,0,17.0,True,True,True,0
28,86.01,2491.51,month_to_month,bank_transfer,dsl,1,0,29.9,False,False,True,1
40,39.9,1756.97,month_to_month,bank_transfer,fiber,2,2,11.7,False,False,True,1
44,100.13,4291.98,one_year,mailed_check,dsl,2,2,115.8,False,False,False,1
43,66.32,2903.66,month_to_month,electronic_check,dsl,0,2,97.2,True,False,True,1
16,68.01,1120.69,two_year,bank_transfer,dsl,2,2,97.7,True,True,True,0
57,70.52,4028.92,two_year,bank_transfer,fiber,1,0,68.1,False,True,True,0
50,95.18,4760.32,month_to_month,mailed_check,dsl,1,0,73.8,False,True,False,1
54,53.39,2903.91,one_year,bank_transfer,dsl,2,0,21.4,False,False,False,0
34,32.45,1131.7,one_year,credit_card,dsl,0,0,17.9,False,False,False,0
65,77.11,5112.83,month_to_month,bank_transfer,fiber,3,0,41.6,False,True,True,0
28,25.04,744.01,month_to_month,electronic_check,none,1,1,21.2,False,False,False,0
58,63.38,3660.03,two_year,bank_transfer,fiber,2,0,39.1,False,False,False,0
14,96.11,1269.95,month_to_month,bank_transfer,dsl,0,0,31.7,False,True,False,1
18,82.74,1446.8,month_to_month,mailed_check,fiber,2,0,7.7,False,False,True,1
38,92.93,3554.84,month_to_month,electronic_check,none,0,0,101.4,False,False,False,0
40,83.65,3282.45,month_to_month,bank_transfer,none,0,2,29.2,False,False,False,1
54,123.03,6728.75,two_year,electronic_check,none,1,0,38.9,False,True,False,0
21,57.06,1236.96,one_year,bank_transfer,fiber,0,1,27.9,False,False,False,0
63,78.76,5064.8,one_year,mailed_check,dsl,1,0,71.9,False,False,True,0
24,60.36,1391.15,month_to_month,electronic_check,fiber,2,0,8.8,False,False,True,1
38,91.05,3385.1,two_year,bank_transfer,fiber,0,0,56.0,False,False,True,0
68,68.65,4770.45,month_to_month,bank_transfer,none,1,0,3.2,False,False,False,1
39,107.81,4216.29,month_to_month,bank_transfer,dsl,3,1,190.5,False,True,True,0
49,58.32,2839.45,month_to_month,electronic_check,dsl,0,0,115.0,False,False,True,0
66,100.96,6726.24,month_to_month,mailed_check,fiber,0,0,22.7,True,False,True,0
71,83.05,5956.08,one_year,mailed_check,dsl,0,1,15.3,False,False,True,0
36,69.29,2381.42,month_to_month,bank_transfer,fiber,1,0,129.2,False,True,True,0
30,81.93,2582.52,month_to_month,credit_card,fiber,1,0,74.7,False,False,False,0
14,75.75,1023.56,month_to_month,bank_transfer,none,1,1,29.1,False,False,True,0
39,77.83,3188.37,one_year,electronic_check,dsl,4,0,38.1,False,False,True,1
67,65.45,4265.13,month_to_month,bank_transfer,fiber,0,0,12.7,False,True,True,0
35,54.57,1938.52,two_year,electronic_check,fiber,1,1,23.3,False,False,False,0
25,62.63,1549.04,month_to_month,electronic_check,fiber,1,1,45.3,False,False,False,1
7,32.97,53.02,month_to_month,electronic_check,fiber,0,0,11.0,False,True,False,1
28,88.52,2537.8,month_to_month,bank_transfer,dsl,0,0,16.4,False,True,False,0
17,42.83,554.96,month_to_month,credit_card,fiber,2,0,24.8,True,False,True,1
71,65.21,4603.66,month_to_month,bank_transfer,fiber,1,0,10.1,False,True,True,0
38,84.26,3301.26,month_to_month,electronic_check,fiber,3,2,120.7,False,True,True,1
10,88.47,837.0,month_to_month,credit_card,dsl,3,0,82.6,False,False,False,0
4,30.96,42.5,month_to_month,credit_card,fiber,2,2,14.7,False,True,False,0
62,67.98,4286.79,month_to_month,credit_card,fiber,1,0,26.6,False,False,False,1
67,80.11,5344.91,one_year,electronic_check,none,2,1,102.9,False,False,True,0
55,71.14,3876.24,month_to_month,bank_transfer,dsl,4,1,12.9,False,True,False,0
9,99.57,1010.88,two_year,credit_card,fiber,1,1,59.4,False,False,True,0
7,51.92,258.38,month_to_month,mailed_check,dsl,1,1,90.8,True,False,True,1
14,24.92,307.52,month_to_month,credit_card,dsl,3,1,22.4,False,False,False,1
54,87.83,4820.8,month_to_month,electronic_check,dsl,0,0,83.5,False,True,False,0
55,58.18,3089.02,two_year,electronic_check,fiber,0,0,32.3,False,True,False,1
61,31.31,2069.69,month_to_month,electronic_check,fiber,0,0,58.1,False,True,True,0
7,66.51,446.05,two_year,electronic_check,fiber,0,0,36.6,True,False,True,1
11,97.07,1146.48,one_year,bank_transfer,dsl,4,2,8.1,False,False,True,1
65,42.21,2822.17,one_year,bank_transfer,fiber,1,2,35.7,False,False,True,0
67,121.39,8119.42,month_to_month,electronic_check,fiber,0,1,8.4,False,True,False,0
52,51.57,2638.53,month_to_month,mailed_check,fiber,0,0,111.8,False,False,False,0
7,71.91,499.5,month_to_month,electronic_check,fiber,2,0,14.9,False,False,True,0
5,43.18,280.04,two_year,bank_transfer,fiber,0,1,42.2,False,False,False,0
4,70.92,194.9,one_year,electronic_check,fiber,2,1,71.5,False,False,False,1
50,67.06,3244.71,month_to_month,credit_card,dsl,1,1,63.8,False,True,True,0
61,37.23,2404.61,month_to_month,bank_transfer,none,1,0,23.0,False,False,True,0
46,130.0,5913.86,month_to_month,electronic_check,none,1,0,24.9,False,False,True,1
19,59.1,1154.77,one_year,electronic_check,fiber,2,0,69.5,False,False,False,0
55,59.12,3233.4,month_to_month,bank_transfer,fiber,1,0,36.2,False,False,False,1
4,91.32,351.07,one_year,bank_transfer,fiber,0,0,101.1,False,False,False,1
60,109.91,6723.34,month_to_month,mailed_check,dsl,2,0,37.4,True,True,True,0
65,94.78,6153.03,two_year,bank_transfer,fiber,0,0,24.9,False,False,False,0
52,43.57,2233.53,month_to_month,electronic_check,none,2,0,98.5,False,True,False,0
64,74.71,4757.17,month_to_month,bank_transfer,none,0,0,13.7,True,True,False,1
42,28.61,1156.31,two_year,bank_transfer,fiber,3,0,32.1,False,True,False,0
34,89.84,2994.25,one_year,electronic_check,fiber,2,1,43.8,False,False,True,1
23,34.03,737.74,month_to_month,electronic_check,dsl,0,0,44.4,True,False,True,0
67,52.33,3655.8,two_year,bank_transfer,dsl,0,0,54.9,False,False,False,0
50,69.93,3560.53,month_to_month,bank_transfer,dsl,0,0,46.7,False,False,False,0
13,79.79,1006.2,month_to_month,electronic_check,fiber,5,0,44.8,True,False,True,1
69,64.26,4522.29,month_to_month,bank_transfer,fiber,1,0,23.3,False,False,True,1
4,103.42,270.83,month_to_month,electronic_check,dsl,1,0,62.7,True,False,False,1
42,85.91,3732.03,one_year,credit_card,fiber,1,1,36.1,False,False,True,1
13,84.18,1210.9,month_to_month,bank_transfer,dsl,2,0,71.4,False,False,True,0
48,42.95,2262.87,month_to_month,electronic_check,fiber,1,0,61.6,True,True,False,1
30,107.39,3312.74,one_year,electronic_check,fiber,0,2,121.9,False,False,False,1
31,52.33,1661.58,month_to_month,bank_transfer,fiber,1,0,166.2,False,False,True,0
49,108.23,5419.47,month_to_month,electronic_check,dsl,2,1,71.7,False,False,True,1
55,114.49,6240.63,month_to_month,mailed_check,fiber,2,1,36.6,True,True,True,1
27,81.28,2158.97,one_year,mailed_check,fiber,0,1,12.5,True,True,False,0
72,92.7,6668.62,month_to_month,bank_transfer,fiber,3,1,36.2,False,True,True,0
36,18.0,771.2,two_year,bank_transfer,none,1,0,24.0,False,False,False,0
11,65.71,645.78,two_year,mailed_check,dsl,1,0,25.8,False,False,True,1
0,94.25,0.0,one_year,bank_transfer,dsl,2,0,47.3,False,True,True,1
14,90.34,1286.05,one_year,bank_transfer,none,0,0,30.5,True,False,True,0
50,43.17,2223.08,one_year,electronic_check,fiber,2,1,22.8,False,False,False,1
39,63.54,2414.78,two_year,bank_transfer,none,3,0,17.2,False,False,True,0
24,18.0,492.34,one_year,electronic_check,fiber,1,0,13.6,False,False,True,1
35,79.09,2891.31,month_to_month,electronic_check,dsl,0,1,63.6,False,False,True,0
61,28.57,1850.81,month_to_month,credit_card,fiber,0,1,16.5,True,True,True,0
41,94.87,3921.47,two_year,electronic_check,dsl,1,0,61.4,False,True,True,0
4,96.02,375.93,month_to_month,electronic_check,dsl,0,0,40.9,False,True,True,0
3,59.56,334.89,one_year,credit_card,fiber,2,0,67.2,False,True,False,1
35,81.47,2852.84,two_year,electronic_check,fiber,1,2,8.7,False,True,False,1
29,65.22,1976.01,month_to_month,mailed_check,fiber,2,1,73.0,False,False,False,1
62,75.32,4846.09,month_to_month,mailed_check,fiber,2,0,86.8,False,False,True,0
42,44.76,1955.09,month_to_month,bank_transfer,dsl,0,0,57.6,False,False,False,1
55,83.69,4513.21,month_to_month,electronic_check,dsl,1,0,3.8,False,False,True,0
42,33.89,1311.87,one_year,credit_card,fiber,1,0,59.1,False,True,False,1
25,29.74,716.71,month_to_month,electronic_check,fiber,2,0,171.9,True,False,False,1
47,67.32,3227.89,month_to_month,bank_transfer,none,2,0,57.9,False,False,True,0
45,65.35,2980.78,month_to_month,electronic_check,fiber,1,1,52.8,False,True,False,1
52,75.99,4150.12,month_to_month,credit_card,dsl,0,1,54.9,False,False,True,0
13,55.71,763.39,month_to_month,electronic_check,fiber,0,1,45.0,False,False,True,1
46,111.49,5099.07,month_to_month,mailed_check,dsl,2,0,68.4,False,True,False,0
20,73.53,1368.6,two_year,electronic_check,dsl,1,0,17.6,False,False,True,1
57,75.12,4388.08,month_to_month,credit_card,fiber,2,0,74.8,False,True,False,1
58,74.34,4311.17,month_to_month,electronic_check,dsl,0,0,21.2,False,True,False,0
45,92.06,4007.15,month_to_month,credit_card,fiber,1,0,16.7,False,False,True,1
69,82.67,5706.23,one_year,mailed_check,fiber,4,3,7.9,False,True,True,1
39,79.72,3019.46,one_year,electronic_check,dsl,0,3,76.7,True,False,False,1
1,86.19,47.88,month_to_month,electronic_check,dsl,0,0,59.9,False,False,True,0
44,29.86,1314.4,one_year,electronic_check,dsl,1,0,62.9,False,False,False,0
56,30.69,1637.17,one_year,credit_card,dsl,4,0,68.9,True,False,True,1
7,68.33,434.42,two_year,credit_card,fiber,2,0,10.1,False,False,False,1
7,65.65,392.58,one_year,bank_transfer,dsl,0,0,38.0,False,False,True,0
19,82.76,1507.88,one_year,bank_transfer,fiber,2,1,6.6,False,False,True,0
61,70.44,4206.12,month_to_month,electronic_check,fiber,2,0,30.3,False,False,False,0
38,82.8,3102.95,month_to_month,mailed_check,fiber,3,0,86.0,False,False,False,1
71,42.6,2944.08,two_year,bank_transfer,none,3,0,114.4,False,False,False,1
63,69.76,4447.67,month_to_month,bank_transfer,fiber,1,0,69.9,True,False,True,0
40,40.5,1638.07,month_to_month,electronic_check,fiber,1,0,22.8,False,False,False,1
49,78.51,3954.51,one_year,bank_transfer,dsl,0,0,16.7,False,False,True,0
24,28.68,858.12,two_year,bank_transfer,dsl,1,0,45.1,False,False,True,0
6,77.66,526.92,month_to_month,electronic_check,dsl,1,0,67.7,False,False,True,1
29,37.68,1133.18,two_year,electronic_check,dsl,1,0,12.5,False,False,True,0
43,61.56,2713.71,month_to_month,credit_card,fiber,0,0,19.5,True,False,True,0
13,89.69,1207.96,two_year,credit_card,fiber,1,1,55.3,True,False,True,0
16,75.0,1204.52,two_year,electronic_check,dsl,1,0,39.6,False,False,True,1
1,33.8,31.16,one_year,mailed_check,none,1,1,25.9,True,False,True,1
53,55.21,2834.18,two_year,electronic_check,none,2,1,49.6,False,False,True,0
65,36.97,2478.55,two_year,electronic_check,dsl,0,1,75.0,True,False,False,0
60,32.72,1960.38,two_year,credit_card,fiber,0,0,19.5,False,True,False,0
27,72.59,2090.39,month_to_month,bank_transfer,fiber,0,0,9.8,True,True,True,0
43,82.33,3622.55,month_to_month,electronic_check,dsl,0,1,13.8,False,False,True,1
70,79.69,5521.96,month_to_month,bank_transfer,dsl,2,0,23.9,False,False,False,1
43,83.26,3692.38,month_to_month,credit_card,fiber,0,0,36.9,True,False,False,0
21,69.74,1234.07,one_year,electronic_check,dsl,0,0,59.5,False,False,False,1
24,63.99,1709.48,month_to_month,electronic_check,none,1,1,10.0,False,True,False,0
53,46.39,2338.21,two_year,credit_card,fiber,0,1,92.2,False,False,True,0
32,60.32,1974.8,month_to_month,credit_card,fiber,1,0,20.5,False,False,True,0
61,40.93,2535.2,month_to_month,electronic_check,fiber,0,1,45.1,False,False,False,0
63,51.41,3339.96,month_to_month,credit_card,fiber,3,2,158.6,False,False,True,0
2,71.96,114.34,month_to_month,credit_card,dsl,2,0,20.7,False,False,False,1
52,67.41,3312.22,month_to_month,mailed_check,dsl,0,0,20.3,False,True,False,0
27,130.0,3480.54,one_year,bank_transfer,fiber,3,1,79.2,False,False,True,1
37,40.39,1474.71,month_to_month,electronic_check,dsl,1,0,89.5,False,False,True,1
19,67.25,1093.32,two_year,credit_card,fiber,1,0,24.7,False,True,False,1
26,38.68,1009.76,month_to_month,electronic_check,dsl,3,0,17.3,True,True,False,1
24,61.47,1378.45,one_year,credit_card,dsl,0,0,8.1,False,False,True,0
3,62.36,245.5,one_year,electronic_check,none,0,0,6.6,False,True,True,0
57,88.59,5027.48,month_to_month,mailed_check,fiber,1,1,29.1,False,False,True,1
10,60.11,777.6,month_to_month,credit_card,dsl,2,0,1.8,False,False,False,1
27,65.79,1753.27,two_year,bank_transfer,dsl,1,0,45.1,False,False,True,0
14,60.53,886.16,one_year,credit_card,none,3,1,64.2,True,False,True,1
11,39.18,411.8,month_to_month,credit_card,dsl,1,1,13.1,False,True,True,1
27,55.65,1356.46,one_year,electronic_check,none,0,3,73.4,False,True,True,0
67,61.6,4108.78,month_to_month,electronic_check,fiber,1,1,51.8,False,False,True,1
68,71.62,4937.97,month_to_month,bank_transfer,fiber,2,0,50.6,False,False,False,0
27,82.3,2276.28,month_to_month,mailed_check,fiber,0,1,13.2,False,False,False,0
36,64.84,2307.85,one_year,electronic_check,dsl,1,0,32.8,True,False,True,1
71,64.45,4444.84,month_to_month,credit_card,dsl,1,0,67.2,False,False,True,0
17,32.14,604.38,month_to_month,electronic_check,dsl,1,1,22.8,False,False,False,1
68,81.87,5604.91,month_to_month,credit_card,fiber,2,0,94.3,False,False,True,0
7,54.69,458.74,month_to_month,mailed_check,dsl,1,1,45.3,False,False,True,1
16,86.44,1358.37,month_to_month,electronic_check,fiber,0,1,69.1,False,False,True,1
24,98.96,2223.45,month_to_month,electronic_check,fiber,1,0,14.3,True,False,False,1
2,65.87,179.78,two_year,bank_transfer,dsl,3,1,50.7,False,False,True,1
59,47.49,2801.09,one_year,electronic_check,dsl,2,0,12.2,True,True,True,0
62,69.63,4442.31,month_to_month,electronic_check,fiber,1,1,23.7,True,False,True,0
27,77.67,2099.68,month_to_month,credit_card,dsl,3,2,6.6,False,False,True,1
61,63.06,3842.57,month_to_month,bank_transfer,dsl,2,0,75.6,False,False,True,1
56,57.59,3262.59,two_year,mailed_check,fiber,2,0,52.4,False,True,True,0
58,82.4,4725.48,month_to_month,mailed_check,dsl,2,1,122.5,False,False,True,0
58,80.95,4637.04,two_year,credit_card,fiber,1,0,37.4,False,False,False,0
41,62.38,2548.77,month_to_month,bank_transfer,dsl,2,0,19.7,False,True,True,0
8,33.61,186.04,one_year,credit_card,dsl,0,0,110.0,False,False,True,1
67,80.04,5342.06,one_year,credit_card,fiber,0,1,250.0,False,False,True,1
44,53.12,2511.84,one_year,electronic_check,fiber,0,0,85.9,False,False,False,0
65,74.72,4950.64,month_to_month,electronic_check,fiber,0,1,95.2,False,False,False,0
70,73.33,5160.82,month_to_month,credit_card,none,1,0,19.3,True,False,False,0
13,28.44,509.37,month_to_month,mailed_check,dsl,3,0,31.3,False,False,True,1
29,71.78,2007.38,two_year,credit_card,dsl,0,1,86.0,False,False,False,0
14,81.32,1362.62,month_to_month,mailed_check,fiber,3,0,42.1,False,False,True,1
3,84.02,210.61,one_year,electronic_check,dsl,2,1,50.2,False,False,True,1
70,72.58,5260.94,two_year,electronic_check,dsl,1,1,18.3,False,False,True,0
67,26.5,1955.45,one_year,mailed_check,fiber,0,0,44.8,False,False,False,1
68,98.1,6513.01,month_to_month,electronic_check,fiber,1,1,55.2,False,False,True,0
64,79.04,5190.6,month_to_month,credit_card,fiber,3,0,27.6,False,True,True,0
47,43.53,2020.36,one_year,electronic_check,fiber,2,0,144.1,False,True,True,0
38,52.67,1950.34,two_year,mailed_check,fiber,0,0,44.1,False,False,False,0
72,75.09,5453.7,two_year,electronic_check,fiber,0,0,64.4,False,False,False,0
40,84.96,3307.69,month_to_month,mailed_check,dsl,3,1,77.2,True,False,False,1
46,59.26,2771.14,two_year,electronic_check,fiber,2,0,33.4,False,False,True,0
15,88.16,1237.73,month_to_month,electronic_check,fiber,1,0,24.3,False,False,False,1
54,30.56,1666.18,one_year,bank_transfer,dsl,0,0,26.1,False,False,True,0
59,47.07,2897.31,month_to_month,credit_card,dsl,0,0,82.1,True,False,True,1
49,24.58,1239.21,month_to_month,electronic_check,fiber,3,0,24.6,False,False,True,1
36,50.26,1776.98,one_year,credit_card,none,0,0,140.3,True,True,True,0
14,103.18,1493.25,month_to_month,electronic_check,fiber,0,1,9.2,False,False,False,0
2,115.27,103.96,two_year,electronic_check,fiber,2,0,138.8,False,True,False,1
45,75.16,3306.7,month_to_month,electronic_check,fiber,1,0,62.4,False,True,True,1
49,55.95,2702.83,two_year,credit_card,fiber,0,1,42.8,False,True,False,0
56,65.12,3717.54,month_to_month,electronic_check,fiber,0,0,15.1,False,False,True,1
69,80.41,5584.81,month_to_month,bank_transfer,none,0,0,20.5,False,True,True,0
36,35.61,1330.12,month_to_month,bank_transfer,none,3,0,45.9,True,True,True,0
60,57.41,3442.14,one_year,electronic_check,fiber,1,0,25.9,False,False,True,0
52,101.57,5210.71,two_year,credit_card,fiber,0,0,19.1,False,False,False,0
20,46.99,1073.73,month_to_month,credit_card,fiber,1,0,39.9,True,False,True,0
61,53.52,3201.92,month_to_month,bank_transfer,dsl,0,0,29.5,True,False,True,1
3,70.29,248.58,month_to_month,credit_card,none,3,0,102.4,False,False,False,0
43,76.23,3267.8,one_year,bank_transfer,fiber,1,3,72.2,False,False,True,1
68,56.25,3875.67,one_year,electronic_check,none,0,0,72.0,False,False,False,0
48,71.69,3386.63,two_year,credit_card,fiber,3,1,46.4,False,False,True,1
68,83.37,5763.9,month_to_month,electronic_check,dsl,1,0,16.0,False,True,True,0
4,113.15,576.65,month_to_month,mailed_check,fiber,1,0,47.4,False,False,True,1
38,67.22,2643.58,month_to_month,credit_card,dsl,0,0,53.5,False,False,False,1
56,69.09,3883.23,two_year,bank_transfer,dsl,1,0,59.9,False,False,True,0
46,103.6,4726.44,month_to_month,credit_card,dsl,2,1,47.8,False,False,False,1
64,57.92,3960.87,month_to_month,electronic_check,dsl,2,0,86.7,False,False,True,0
33,40.86,1259.13,one_year,electronic_check,fiber,0,0,14.0,False,True,True,1
49,75.51,3779.3,one_year,electronic_check,fiber,2,0,26.9,False,False,True,0
30,93.68,2840.35,month_to_month,bank_transfer,dsl,3,1,47.3,True,False,True,1
63,77.94,4904.59,month_to_month,bank_transfer,dsl,1,0,44.4,False,True,False,0
8,67.87,559.62,one_year,electronic_check,none,2,1,19.8,False,False,True,0
18,38.14,640.6,one_year,credit_card,dsl,3,0,25.7,True,False,False,0
7,68.72,519.47,month_to_month,credit_card,fiber,1,1,26.7,False,False,True,1
51,97.13,4982.14,month_to_month,credit_card,dsl,0,3,9.0,False,False,True,0
16,42.85,926.59,month_to_month,electronic_check,dsl,1,1,16.9,False,False,True,1
23,64.62,1582.63,one_year,mailed_check,fiber,2,0,80.5,False,False,True,0
61,61.48,3796.71,month_to_month,credit_card,fiber,1,0,60.0,False,True,True,1
26,54.65,1472.7,month_to_month,credit_card,fiber,2,0,74.6,False,False,True,1
10,75.45,920.06,month_to_month,bank_transfer,fiber,1,1,142.0,True,True,True,1
1,79.75,0.0,two_year,bank_transfer,dsl,1,0,55.4,False,False,True,0
16,79.52,1255.87,month_to_month,credit_card,dsl,0,1,6.3,False,False,True,1
66,48.51,3030.02,month_to_month,electronic_check,none,0,0,44.4,False,False,True,1
40,33.79,1401.89,month_to_month,electronic_check,none,0,0,61.3,True,False,True,1
72,75.77,5531.78,one_year,electronic_check,dsl,1,1,43.2,False,False,True,0
15,58.87,793.45,two_year,bank_transfer,dsl,0,0,18.4,False,True,False,0
25,110.44,2890.16,two_year,bank_transfer,fiber,0,0,54.3,False,True,True,0
11,111.46,1161.36,month_to_month,electronic_check,fiber,1,0,76.6,False,False,True,0
29,113.8,3269.38,month_to_month,electronic_check,dsl,0,1,49.8,False,True,True,0
41,49.32,2032.88,month_to_month,bank_transfer,fiber,1,0,81.5,False,False,False,1
58,82.53,4930.22,one_year,credit_card,fiber,3,1,41.3,False,False,True,1
26,89.16,2240.92,one_year,bank_transfer,none,1,0,44.3,False,False,True,0
56,86.68,4880.29,month_to_month,bank_transfer,dsl,1,1,25.6,True,False,True,0
45,62.2,2868.74,month_to_month,electronic_check,fiber,1,0,62.1,True,False,True,1
21,98.14,2112.1,month_to_month,bank_transfer,dsl,1,0,51.7,False,False,False,0
66,70.01,4675.15,one_year,credit_card,dsl,3,0,37.7,False,False,False,0
31,72.82,2325.96,month_to_month,credit_card,none,0,0,125.0,False,True,False,0
11,36.17,347.94,month_to_month,electronic_check,dsl,0,1,139.2,False,False,True,1
70,84.18,6044.5,month_to_month,bank_transfer,fiber,5,0,41.1,False,True,True,0
66,64.27,4231.82,month_to_month,electronic_check,dsl,1,1,107.6,False,False,True,0
3,80.23,218.74,month_to_month,electronic_check,dsl,3,0,65.7,True,False,True,1
65,75.17,5007.34,one_year,electronic_check,fiber,1,1,88.5,False,True,True,0
69,73.98,5047.87,one_year,bank_transfer,dsl,2,1,8.6,False,False,False,0
60,68.99,4168.23,month_to_month,bank_transfer,dsl,0,1,44.4,False,True,True,0
18,87.31,1506.52,month_to_month,electronic_check,none,1,0,35.5,False,True,True,0
46,65.62,3245.25,two_year,electronic_check,none,0,0,75.3,True,False,True,0
39,37.99,1689.39,two_year,electronic_check,fiber,1,0,34.9,True,True,True,0
45,82.52,3703.48,one_year,bank_transfer,fiber,0,0,64.5,False,True,False,0
45,52.2,2395.79,one_year,credit_card,fiber,1,0,106.2,False,False,False,0
46,40.87,1880.49,one_year,bank_transfer,fiber,0,0,35.8,True,True,False,0
37,47.51,1726.5,one_year,bank_transfer,fiber,1,0,19.3,False,True,False,0
50,76.23,3822.27,month_to_month,bank_transfer,dsl,1,1,65.7,False,False,True,1
38,67.88,2575.79,month_to_month,credit_card,fiber,3,0,53.0,False,True,True,1
1,23.08,0.0,month_to_month,bank_transfer,dsl,3,0,21.0,False,False,True,0
2,61.56,146.79,two_year,credit_card,fiber,3,1,54.0,False,False,False,1
69,95.72,6600.87,one_year,bank_transfer,fiber,1,0,62.3,False,True,True,0
66,60.07,3992.72,two_year,credit_card,fiber,1,0,85.1,False,False,False,0
42,66.36,2780.14,month_to_month,mailed_check,fiber,1,0,9.5,False,False,False,0
12,92.95,1082.97,month_to_month,credit_card,fiber,1,0,36.1,False,False,True,1
57,87.5,5066.24,one_year,bank_transfer,dsl,3,0,30.8,False,False,True,0
10,92.48,972.78,two_year,credit_card,fiber,0,1,32.6,False,False,True,1
27,18.0,611.64,two_year,mailed_check,none,0,0,75.6,False,False,True,0
24,108.14,2639.89,month_to_month,electronic_check,fiber,0,0,40.7,True,False,True,0
0,84.0,0.0,two_year,credit_card,fiber,1,2,72.0,False,True,False,1
58,124.15,7256.21,two_year,electronic_check,dsl,1,0,30.3,False,True,False,0
37,52.79,1774.97,two_year,mailed_check,fiber,0,1,67.0,False,True,True,0
23,31.2,906.93,one_year,bank_transfer,fiber,3,0,68.4,True,False,True,1
37,70.16,2620.61,two_year,bank_transfer,fiber,0,2,11.1,False,True,False,0
0,63.94,196.6,month_to_month,credit_card,none,0,0,108.4,False,False,True,1
31,84.38,2537.54,month_to_month,bank_transfer,fiber,2,1,34.1,False,False,False,1
37,93.65,3364.46,month_to_month,credit_card,fiber,1,0,16.1,False,False,True,1
24,68.08,1666.84,month_to_month,electronic_check,none,5,0,49.9,False,False,True,1
60,64.7,3914.63,two_year,bank_transfer,dsl,3,2,23.5,True,False,True,1
18,81.5,1497.44,one_year,credit_card,dsl,1,0,59.7,False,False,False,0
10,64.36,660.32,month_to_month,electronic_check,fiber,1,1,47.1,False,False,True,1
38,62.52,2319.23,one_year,bank_transfer,dsl,1,0,82.1,False,False,False,0
64,92.82,5806.8,one_year,electronic_check,dsl,5,1,50.3,False,False,True,0
27,97.72,2663.92,month_to_month,bank_transfer,fiber,1,1,32.7,False,False,False,0
3,93.85,166.12,one_year,credit_card,dsl,0,1,48.0,True,False,True,0
70,66.3,4517.07,month_to_month,bank_transfer,none,1,1,24.1,False,True,False,0
32,22.92,699.18,one_year,electronic_check,fiber,2,1,11.2,False,False,False,0
12,66.74,839.64,two_year,bank_transfer,dsl,0,0,38.2,False,False,True,0
44,53.32,2524.98,month_to_month,bank_transfer,fiber,4,0,17.1,True,False,True,0
23,67.15,1632.58,month_to_month,bank_transfer,dsl,1,0,49.0,False,False,True,0
68,55.24,3885.31,one_year,credit_card,dsl,3,0,38.9,False,True,True,0
21,69.54,1519.17,two_year,bank_transfer,fiber,1,1,48.9,False,False,True,1
40,47.14,1918.62,month_to_month,credit_card,fiber,1,0,24.1,True,False,True,1
39,41.82,1856.5,two_year,electronic_check,fiber,1,0,25.5,False,False,False,0
17,96.9,1528.24,one_year,electronic_check,fiber,0,1,77.8,False,False,False,1
36,48.67,1714.93,month_to_month,credit_card,dsl,0,0,30.2,False,False,True,0
7,70.01,459.9,month_to_month,bank_transfer,fiber,1,1,48.8,True,False,True,1
46,91.0,4266.42,month_to_month,electronic_check,fiber,0,0,29.6,False,True,True,1
55,90.11,4867.96,month_to_month,bank_transfer,fiber,1,1,61.0,True,False,False,1
69,87.49,6105.52,month_to_month,bank_transfer,fiber,1,0,42.3,False,False,True,0
23,76.66,1815.35,one_year,electronic_check,dsl,2,1,97.5,False,False,True,1
20,85.93,1791.8,one_year,electronic_check,dsl,4,1,82.4,False,False,False,1
40,100.21,4079.97,month_to_month,credit_card,dsl,0,0,36.4,False,False,True,1
50,79.35,4105.95,month_to_month,credit_card,fiber,2,0,84.4,False,False,False,1
72,29.58,2125.33,month_to_month,electronic_check,dsl,2,1,22.7,False,True,False,1
1,58.37,106.08,two_year,bank_transfer,fiber,2,2,77.3,False,False,True,0
17,85.32,1384.15,two_year,mailed_check,fiber,3,0,68.7,False,False,True,1
19,56.2,980.97,one_year,electronic_check,dsl,3,1,39.2,False,False,False,1
18,105.64,2060.35,month_to_month,electronic_check,fiber,2,0,88.3,False,True,True,1
33,68.61,2191.04,two_year,bank_transfer,fiber,2,0,5.7,False,False,True,1
63,71.88,4586.16,two_year,mailed_check,fiber,2,2,10.6,False,False,True,1
2,94.74,237.27,month_to_month,mailed_check,dsl,1,0,79.4,False,True,False,0
59,65.98,3998.57,month_to_month,mailed_check,fiber,0,0,43.4,False,True,True,0
45,73.88,3175.36,month_to_month,credit_card,dsl,0,1,47.9,False,False,False,0
44,89.78,4030.53,one_year,mailed_check,fiber,3,0,158.3,False,True,True,1
49,37.61,1837.67,month_to_month,credit_card,fiber,0,0,129.3,False,True,False,0
8,63.72,455.77,month_to_month,electronic_check,dsl,0,1,44.3,False,False,True,0
54,88.24,4742.39,month_to_month,bank_transfer,dsl,0,1,30.5,True,False,True,0
18,71.44,1379.23,month_to_month,credit_card,dsl,3,0,58.0,True,False,True,0
37,102.28,3850.17,one_year,bank_transfer,fiber,0,0,38.6,False,False,False,0
49,35.33,1719.66,month_to_month,bank_transfer,dsl,2,1,51.3,False,False,False,0
44,32.82,1341.56,month_to_month,bank_transfer,dsl,2,0,45.8,False,True,False,0
23,86.93,1903.22,one_year,electronic_check,none,2,1,51.7,False,False,False,1
28,89.05,2561.17,two_year,electronic_check,dsl,2,0,30.9,False,True,True,0
34,65.75,2120.5,month_to_month,bank_transfer,fiber,0,1,50.2,True,False,False,0
3,78.81,225.8,month_to_month,credit_card,dsl,1,0,55.7,True,False,True,0
53,86.39,4819.97,month_to_month,electronic_check,fiber,2,2,118.3,False,True,False,1
7,52.1,406.06,month_to_month,credit_card,dsl,0,1,49.1,False,False,True,1
33,54.45,1863.65,two_year,bank_transfer,dsl,2,2,21.6,False,False,False,0
47,74.17,3390.5,two_year,mailed_check,fiber,2,1,35.7,False,False,False,0
5,89.89,338.99,month_to_month,bank_transfer,fiber,0,1,85.8,False,True,True,1
72,44.35,3264.82,month_to_month,bank_transfer,fiber,1,1,70.5,True,False,True,0
27,65.65,1747.14,month_to_month,bank_transfer,fiber,0,2,9.1,True,True,True,0
1,64.63,170.26,one_year,electronic_check,dsl,1,2,24.4,False,False,False,0
48,79.2,3814.48,month_to_month,credit_card,dsl,3,1,15.0,False,False,True,1
40,69.81,3112.47,month_to_month,credit_card,fiber,1,0,27.2,False,False,False,1
46,57.99,2625.03,month_to_month,mailed_check,fiber,2,1,39.9,True,True,True,1
54,97.47,5298.4,one_year,electronic_check,dsl,0,2,37.8,False,True,False,0
34,58.14,1905.29,two_year,mailed_check,fiber,1,1,99.7,False,False,True,0
60,63.57,3916.09,month_to_month,bank_transfer,dsl,2,0,140.8,False,False,True,0
27,34.99,993.38,one_year,electronic_check,fiber,0,0,42.3,False,False,True,1
39,54.3,2040.19,two_year,credit_card,dsl,3,0,26.8,False,False,False,1
11,81.35,875.29,month_to_month,electronic_check,dsl,0,1,30.3,True,True,False,0
45,77.05,3599.72,two_year,credit_card,fiber,2,2,67.7,False,True,False,1
19,83.19,1702.26,one_year,credit_card,fiber,1,2,6.8,False,False,False,1
50,82.12,3987.7,month_to_month,bank_transfer,fiber,4,1,60.7,False,False,False,1
58,115.93,6691.0,one_year,credit_card,fiber,3,0,39.7,False,False,True,0
62,53.55,3493.03,month_to_month,bank_transfer,fiber,0,0,58.7,True,False,False,0
67,34.37,2296.74,month_to_month,credit_card,dsl,2,0,14.9,False,False,False,0
8,46.89,400.63,month_to_month,mailed_check,dsl,0,0,43.5,False,False,True,1
10,54.52,646.62,one_year,mailed_check,fiber,0,0,32.9,False,False,False,1
67,48.56,3142.63,two_year,bank_transfer,dsl,2,0,79.7,False,True,False,0
27,72.06,1870.05,month_to_month,electronic_check,fiber,0,0,9.1,False,True,False,0
1,97.56,77.43,month_to_month,mailed_check,fiber,1,1,23.4,False,False,True,1
20,103.87,2194.82,month_to_month,bank_transfer,fiber,0,0,24.9,False,False,True,1
61,81.09,5047.27,two_year,mailed_check,fiber,2,0,30.5,True,False,True,1
25,117.11,3001.53,month_to_month,electronic_check,fiber,2,0,23.1,False,False,False,0
5,62.16,307.28,two_year,bank_transfer,fiber,0,0,134.2,False,False,False,0
52,34.08,1882.82,month_to_month,electronic_check,fiber,2,0,40.6,False,True,False,0
14,93.17,1299.64,month_to_month,credit_card,none,2,0,65.1,True,False,False,1
25,29.55,799.77,month_to_month,bank_transfer,dsl,1,1,128.9,True,False,True,1
0,53.39,91.08,month_to_month,credit_card,none,0,1,57.2,False,True,True,1
43,81.44,3663.63,month_to_month,electronic_check,fiber,1,0,54.1,True,False,False,1
32,67.75,2171.93,two_year,credit_card,none,0,0,63.5,False,True,True,0
63,65.8,4121.77,month_to_month,electronic_check,fiber,0,0,70.1,False,False,False,0
24,44.02,1182.04,month_to_month,bank_transfer,fiber,2,0,33.4,False,False,False,1
14,69.76,1109.11,one_year,electronic_check,fiber,0,0,9.8,True,False,True,0
12,92.08,1065.06,month_to_month,credit_card,fiber,1,0,32.3,False,False,True,0
14,70.44,895.71,one_year,credit_card,fiber,0,0,83.3,False,False,True,1
32,51.74,1774.39,one_year,mailed_check,dsl,0,1,156.3,False,True,True,0
6,42.55,116.54,two_year,credit_card,dsl,0,0,90.1,False,False,False,0
29,52.19,1370.16,one_year,credit_card,fiber,2,0,56.5,True,False,True,1
62,78.63,4859.91,month_to_month,mailed_check,dsl,2,1,75.0,False,True,False,1
56,77.56,4352.58,month_to_month,mailed_check,fiber,0,0,56.4,False,True,True,1
46,52.39,2314.54,month_to_month,bank_transfer,fiber,0,0,12.2,False,True,True,0
65,21.36,1408.37,month_to_month,credit_card,fiber,1,1,19.2,False,False,False,0
56,79.24,4461.42,month_to_month,electronic_check,fiber,1,0,100.2,False,False,False,0
47,50.25,2318.52,month_to_month,bank_transfer,fiber,1,1,42.9,False,False,True,1
63,85.16,5548.09,two_year,bank_transfer,fiber,3,0,45.7,False,False,True,0
9,53.37,519.01,two_year,mailed_check,fiber,1,0,31.9,True,False,False,1
59,48.27,2949.49,month_to_month,electronic_check,dsl,0,1,45.4,False,True,False,0
21,73.37,1409.71,two_year,electronic_check,dsl,0,1,66.4,False,False,False,0
53,121.87,6327.27,one_year,mailed_check,none,0,0,63.3,False,False,False,0
66,86.48,5749.09,month_to_month,mailed_check,fiber,2,0,54.9,False,False,False,0
36,73.0,2794.94,two_year,bank_transfer,fiber,2,0,46.1,True,False,True,0
6,77.89,376.45,two_year,electronic_check,dsl,1,0,34.0,False,False,False,0
27,31.48,862.86,one_year,bank_transfer,dsl,2,0,25.6,False,False,False,1
29,45.31,1202.83,one_year,credit_card,fiber,1,0,67.7,False,True,True,0
68,18.0,1159.32,month_to_month,credit_card,dsl,1,0,28.1,False,True,True,0
68,108.06,7365.46,one_year,electronic_check,none,1,0,88.3,False,False,False,1
41,103.6,4203.26,one_year,electronic_check,fiber,0,1,45.5,False,True,False,0
69,78.64,5308.66,one_year,credit_card,none,1,1,68.5,False,False,True,0
31,72.97,2142.56,month_to_month,electronic_check,fiber,1,0,67.6,True,False,False,0
30,35.87,906.36,one_year,credit_card,fiber,2,0,56.3,False,False,True,1
61,65.18,4018.87,two_year,electronic_check,fiber,0,1,62.6,False,False,True,1
48,109.43,5306.42,two_year,credit_card,dsl,1,0,17.6,False,False,True,0
38,72.89,2823.15,month_to_month,mailed_check,fiber,2,1,107.5,True,False,False,0
33,57.58,1818.31,month_to_month,bank_transfer,dsl,2,1,146.0,False,False,False,1
51,31.32,1687.86,month_to_month,electronic_check,fiber,2,0,41.6,True,False,True,1
55,100.37,5583.96,one_year,bank_transfer,fiber,2,1,44.7,False,True,True,0
35,68.46,2396.76,month_to_month,electronic_check,dsl,1,0,60.9,False,False,True,1
2,31.35,48.59,two_year,credit_card,fiber,0,0,43.3,False,False,True,0
7,49.67,289.27,one_year,electronic_check,dsl,0,0,49.4,True,False,True,1
10,41.89,436.19,month_to_month,mailed_check,none,1,0,40.5,False,False,False,1
33,67.1,2359.85,one_year,electronic_check,none,1,0,23.1,False,False,False,0
44,74.56,3383.05,month_to_month,mailed_check,none,2,1,51.7,False,True,True,0
58,58.93,3394.88,month_to_month,bank_transfer,fiber,0,0,28.1,False,False,True,0
16,87.1,1442.08,month_to_month,credit_card,dsl,0,0,52.0,False,False,False,0
57,71.73,3989.48,one_year,mailed_check,dsl,1,0,20.2,False,True,True,0
48,93.37,4547.47,two_year,credit_card,none,0,0,13.3,False,False,True,0
3,62.14,111.64,month_to_month,bank_transfer,fiber,0,0,92.6,False,False,False,0
25,130.0,3312.12,one_year,bank_transfer,none,3,0,113.9,False,True,True,1
22,57.58,1533.98,month_to_month,electronic_check,fiber,0,0,20.0,False,True,True,0
64,50.13,3157.02,month_to_month,electronic_check,dsl,1,0,14.1,False,False,True,1
67,47.42,3440.19,one_year,mailed_check,dsl,1,1,96.9,True,False,False,0
59,65.36,3900.4,two_year,electronic_check,fiber,1,0,118.8,False,False,True,1
38,32.17,1154.99,two_year,mailed_check,fiber,3,0,229.3,False,False,True,0
35,76.48,2605.21,one_year,electronic_check,fiber,1,0,27.9,True,False,False,0
22,28.08,830.61,month_to_month,credit_card,dsl,1,1,21.8,False,True,True,1
56,73.56,4163.73,month_to_month,credit_card,dsl,2,2,32.0,False,False,False,0
6,40.27,190.67,month_to_month,credit_card,fiber,2,1,144.3,False,False,True,1
19,61.61,1152.28,two_year,mailed_check,dsl,2,0,3.2,True,False,False,1
9,83.3,788.47,one_year,electronic_check,dsl,0,1,57.7,False,False,True,1
36,120.69,4344.06,month_to_month,credit_card,fiber,2,1,75.9,False,False,True,1
21,46.28,1003.01,month_to_month,electronic_check,fiber,0,0,87.1,False,False,False,1
14,66.69,1093.28,month_to_month,electronic_check,fiber,0,1,48.8,False,True,False,1
27,54.08,1358.64,one_year,electronic_check,fiber,3,2,71.8,False,False,True,1
62,50.86,3211.34,month_to_month,credit_card,none,0,1,24.6,False,True,False,0
40,54.27,2164.24,two_year,credit_card,none,1,1,23.7,False,False,False,1
60,88.13,5242.89,month_to_month,electronic_check,dsl,1,0,6.5,False,True,True,0
66,59.26,4007.66,two_year,mailed_check,fiber,4,0,30.4,True,False,True,0
65,119.48,7634.67,month_to_month,credit_card,dsl,0,1,22.7,False,False,True,0
25,79.15,1765.77,month_to_month,bank_transfer,fiber,0,0,28.2,True,False,True,0
64,47.78,3078.13,month_to_month,electronic_check,dsl,1,0,42.5,False,False,False,0
66,61.93,4074.94,month_to_month,bank_transfer,none,1,0,97.3,False,False,True,1
70,52.36,3543.44,two_year,electronic_check,none,1,1,63.6,True,False,True,0
25,87.6,2036.05,two_year,credit_card,none,0,0,19.7,True,False,True,0
16,33.95,716.96,month_to_month,bank_transfer,fiber,0,0,27.5,False,False,True,1
42,40.5,1742.67,month_to_month,bank_transfer,fiber,0,1,35.3,False,False,False,1
68,56.99,3877.09,month_to_month,electronic_check,dsl,1,0,36.8,False,False,True,0
65,85.02,5723.87,one_year,bank_transfer,fiber,2,0,140.4,False,True,True,0
41,97.13,4074.32,month_to_month,credit_card,dsl,1,0,66.4,False,False,True,0
10,100.37,1162.93,month_to_month,electronic_check,fiber,0,1,23.0,False,True,False,0
30,81.66,2343.6,month_to_month,bank_transfer,none,4,0,17.7,False,False,True,1
52,68.18,3435.79,two_year,mailed_check,fiber,1,0,82.7,False,False,True,0
40,87.48,3554.74,month_to_month,electronic_check,fiber,1,1,131.5,True,False,True,1
25,44.82,1157.8,one_year,bank_transfer,none,3,0,79.9,False,True,True,1
25,29.42,847.97,two_year,bank_transfer,dsl,4,0,61.1,False,False,False,1
4,79.61,171.67,month_to_month,credit_card,fiber,1,0,30.5,False,True,False,1
21,47.88,1068.8,month_to_month,credit_card,none,0,0,78.9,False,False,True,0
48,68.56,3379.91,month_to_month,electronic_check,dsl,2,0,106.2,False,False,True,1
17,72.63,1318.97,one_year,electronic_check,dsl,0,0,20.8,True,False,False,1
72,75.46,5396.52,month_to_month,credit_card,fiber,1,1,11.2,False,False,False,0
6,90.63,590.46,month_to_month,bank_transfer,dsl,2,1,44.5,True,False,True,1
42,88.31,3639.21,month_to_month,electronic_check,dsl,4,0,49.1,False,True,False,0
36,74.29,2648.07,one_year,credit_card,dsl,2,0,162.3,False,False,False,0
60,60.28,3522.94,one_year,credit_card,none,2,0,57.7,False,False,False,0
64,72.37,4563.4,month_to_month,electronic_check,fiber,2,1,38.6,True,False,False,0
39,56.88,2196.63,one_year,bank_transfer,dsl,1,0,103.0,False,False,True,0
46,65.68,2977.1,month_to_month,bank_transfer,dsl,1,0,46.7,False,True,True,1
51,127.6,6439.31,month_to_month,credit_card,fiber,0,1,11.7,False,False,True,0
38,74.01,2695.42,month_to_month,credit_card,dsl,1,1,75.3,False,True,True,0
13,79.91,1215.33,one_year,credit_card,dsl,0,0,106.0,False,False,True,1
31,54.48,1643.83,one_year,credit_card,dsl,4,0,16.0,False,True,True,0
17,92.44,1601.18,month_to_month,bank_transfer,fiber,2,0,41.1,False,False,True,0
33,86.73,2703.78,month_to_month,bank_transfer,fiber,0,0,29.1,False,False,True,0
44,86.88,3944.91,month_to_month,bank_transfer,fiber,0,1,36.0,True,True,False,0
15,74.73,1135.99,month_to_month,electronic_check,fiber,0,0,46.2,False,False,True,0
18,92.75,1629.55,month_to_month,bank_transfer,dsl,0,0,18.9,False,True,False,1
60,97.98,5839.64,month_to_month,electronic_check,dsl,2,0,52.8,False,False,True,1
27,76.23,2136.46,month_to_month,electronic_check,dsl,0,0,50.7,False,False,False,0
14,67.48,678.94,month_to_month,electronic_check,fiber,1,0,76.6,False,False,True,1
52,89.68,4589.18,month_to_month,bank_transfer,dsl,1,2,50.0,False,False,False,1
52,50.11,2595.0,month_to_month,bank_transfer,none,2,0,65.3,False,False,True,0
60,54.2,3240.25,one_year,bank_transfer,dsl,2,1,22.6,False,False,False,0
55,68.83,4011.13,month_to_month,credit_card,dsl,3,0,142.1,False,False,True,0
72,31.69,2251.3,one_year,mailed_check,fiber,2,0,92.9,False,False,True,0
41,88.21,3705.73,month_to_month,credit_card,none,1,1,39.3,False,False,False,0
20,48.82,1139.45,month_to_month,bank_transfer,none,0,2,34.6,False,True,False,1
62,59.63,3757.42,month_to_month,electronic_check,none,1,0,56.7,False,True,True,0
19,65.31,1180.25,month_to_month,bank_transfer,dsl,2,0,20.9,False,False,True,0
21,70.86,1372.46,one_year,credit_card,fiber,1,0,51.4,False,True,False,0
60,62.44,3813.49,month_to_month,electronic_check,fiber,4,1,27.7,False,False,True,0
64,68.52,4533.33,month_to_month,electronic_check,fiber,1,0,14.0,False,False,False,1
24,68.69,1697.7,month_to_month,electronic_check,fiber,3,0,32.9,False,False,False,0
53,60.17,3300.02,month_to_month,electronic_check,fiber,0,0,62.2,False,False,True,1
67,52.99,3783.61,two_year,credit_card,none,0,1,44.9,False,False,True,0
58,93.79,5515.18,two_year,credit_card,dsl,0,0,59.2,False,True,True,0
0,23.7,0.0,month_to_month,mailed_check,fiber,0,0,55.8,False,False,False,1
48,65.47,3147.16,month_to_month,credit_card,dsl,1,1,39.2,False,False,True,1
12,59.68,839.48,month_to_month,bank_transfer,fiber,0,0,28.4,False,True,False,0
61,79.21,4809.42,month_to_month,bank_transfer,fiber,1,0,81.0,False,True,False,0
4,38.01,287.55,month_to_month,bank_transfer,dsl,0,0,39.8,False,False,True,0
72,59.0,4241.98,month_to_month,electronic_check,fiber,2,0,35.7,False,False,False,0
12,67.75,843.09,month_to_month,credit_card,fiber,0,0,15.3,False,True,True,0
30,93.54,2774.63,month_to_month,electronic_check,dsl,2,1,39.9,False,True,True,1
17,77.31,1328.63,month_to_month,bank_transfer,fiber,1,0,4.7,False,True,True,0
59,43.96,2612.76,one_year,electronic_check,fiber,2,0,95.5,True,False,False,1
28,59.28,1515.07,two_year,credit_card,dsl,3,0,54.5,False,False,True,0
54,89.49,4792.72,month_to_month,mailed_check,none,1,0,93.9,False,False,True,0
4,43.58,63.33,one_year,bank_transfer,fiber,2,1,55.5,False,False,False,1
33,68.27,2216.27,month_to_month,electronic_check,fiber,2,0,36.9,True,False,False,1
66,69.8,4535.24,month_to_month,credit_card,dsl,3,0,91.9,False,False,False,0
67,61.51,4212.23,one_year,credit_card,dsl,2,0,25.5,False,False,False,0
15,129.31,2031.76,month_to_month,mailed_check,dsl,1,0,67.1,False,False,True,1
28,60.92,1756.19,two_year,bank_transfer,dsl,0,0,65.0,False,False,True,1
29,79.89,2202.72,two_year,electronic_check,none,1,1,35.5,False,True,True,0
41,53.14,2169.91,month_to_month,mailed_check,fiber,3,1,53.0,False,False,True,1
39,81.61,3061.54,month_to_month,electronic_check,dsl,2,0,35.1,False,True,False,0
7,89.16,610.86,month_to_month,electronic_check,fiber,1,0,35.0,True,False,True,1
55,57.06,3196.57,two_year,electronic_check,dsl,3,1,27.0,False,False,True,0
16,68.8,1190.09,month_to_month,electronic_check,dsl,2,0,37.3,False,True,False,0
22,50.3,1149.16,one_year,credit_card,dsl,1,0,39.6,False,False,True,1
61,44.82,2847.28,month_to_month,electronic_check,fiber,1,0,36.5,True,False,True,1
50,92.81,4663.88,one_year,electronic_check,dsl,1,0,60.1,True,False,True,1
28,57.81,1597.66,month_to_month,electronic_check,fiber,1,0,44.5,False,False,True,0
66,18.0,1266.63,two_year,mailed_check,dsl,2,0,33.7,False,True,True,0
28,108.84,3129.1,one_year,bank_transfer,dsl,0,0,32.3,False,False,False,0
41,52.35,2099.17,month_to_month,bank_transfer,fiber,1,1,69.5,False,False,True,0
17,64.58,1131.97,month_to_month,bank_transfer,fiber,3,0,56.1,True,True,False,1
13,106.1,1352.81,month_to_month,bank_transfer,fiber,2,0,5.9,False,True,False,1
35,66.88,2160.03,month_to_month,electronic_check,dsl,0,0,58.4,True,False,False,1
41,66.41,2762.42,two_year,mailed_check,fiber,0,0,49.5,True,True,False,0
58,42.98,2376.33,month_to_month,credit_card,dsl,2,1,52.3,False,False,False,1
28,34.03,982.38,two_year,credit_card,none,2,1,101.1,False,False,False,0
65,66.34,4173.92,month_to_month,mailed_check,fiber,2,0,53.1,False,False,True,0
44,77.98,3366.35,two_year,electronic_check,fiber,1,0,16.6,False,True,True,1
5,76.72,344.58,two_year,electronic_check,none,0,1,77.3,True,False,True,0
53,59.41,3256.89,one_year,mailed_check,dsl,2,0,37.5,False,False,True,1
41,70.45,2840.43,two_year,credit_card,fiber,0,1,30.1,False,True,False,1
28,29.58,731.49,month_to_month,credit_card,fiber,0,1,113.8,False,False,False,0
34,80.12,2756.87,one_year,mailed_check,dsl,2,1,117.2,False,False,True,1
22,73.55,1598.57,month_to_month,mailed_check,dsl,3,0,8.1,False,False,True,1
44,113.42,5061.63,month_to_month,mailed_check,fiber,0,0,41.6,False,False,True,0
41,70.16,2785.49,one_year,electronic_check,dsl,0,0,17.2,False,False,True,0
32,49.26,1595.3,two_year,bank_transfer,fiber,1,1,104.9,False,True,True,0
20,68.88,1599.86,two_year,bank_transfer,dsl,1,0,114.0,False,True,False,0
29,62.79,1799.37,one_year,bank_transfer,fiber,1,0,175.4,False,False,False,1
36,79.56,2880.97,two_year,electronic_check,dsl,3,0,74.4,False,False,False,1
34,70.59,2250.57,one_year,credit_card,none,3,0,60.6,False,True,False,0
22,42.28,853.39,one_year,electronic_check,fiber,0,1,53.6,False,True,True,0
42,34.01,1469.79,month_to_month,mailed_check,dsl,0,0,18.9,False,False,False,1
16,75.78,1182.79,month_to_month,credit_card,fiber,3,0,35.8,False,True,False,0
36,100.43,3670.78,month_to_month,bank_transfer,fiber,0,1,40.0,False,False,False,1
8,71.75,612.24,one_year,electronic_check,fiber,2,0,42.5,False,False,True,1
34,87.89,2869.64,one_year,credit_card,dsl,0,1,30.0,False,False,True,0
57,92.28,5351.34,two_year,credit_card,none,2,0,127.0,False,True,False,1
59,75.87,4364.49,two_year,bank_transfer,fiber,0,0,8.0,False,False,True,1
50,52.08,2535.16,one_year,bank_transfer,fiber,0,2,38.8,False,True,True,0
54,74.3,4032.85,one_year,electronic_check,fiber,0,1,45.1,False,True,False,0
4,96.56,527.27,one_year,credit_card,dsl,1,0,62.0,False,False,True,0
24,81.66,1869.49,one_year,electronic_check,fiber,0,0,4.9,True,False,False,0
47,86.46,4076.91,month_to_month,credit_card,none,4,1,80.6,False,False,False,1
58,59.82,3483.6,two_year,credit_card,dsl,0,0,73.2,True,False,False,0
42,65.55,2812.26,two_year,electronic_check,dsl,1,0,95.7,False,False,False,0
62,67.39,4284.74,one_year,electronic_check,fiber,3,1,20.6,False,False,True,0
19,68.87,1272.16,month_to_month,bank_transfer,fiber,2,0,55.3,False,False,False,0
11,95.7,1143.77,month_to_month,credit_card,dsl,1,0,8.0,False,False,False,1
6,18.36,229.89,two_year,electronic_check,dsl,1,0,19.0,False,False,False,0
42,70.67,3128.7,two_year,credit_card,dsl,0,0,12.5,False,False,False,0
48,68.25,3321.17,two_year,credit_card,dsl,2,1,38.0,False,False,True,1
20,39.83,810.77,one_year,electronic_check,none,1,0,36.5,False,True,False,1
57,84.78,4789.75,one_year,electronic_check,fiber,2,0,37.0,False,False,True,0
53,54.06,2733.87,month_to_month,electronic_check,dsl,0,0,51.9,False,False,True,0
26,62.15,1590.88,one_year,bank_transfer,fiber,2,0,16.8,True,False,True,1
17,110.67,1891.5,month_to_month,electronic_check,dsl,1,0,7.9,False,True,False,0
54,92.22,4970.03,two_year,mailed_check,dsl,1,0,3.1,False,False,False,0
49,82.64,4103.15,month_to_month,credit_card,fiber,1,0,23.1,False,False,True,0
12,78.38,809.68,two_year,bank_transfer,fiber,3,0,39.2,False,True,False,0
18,66.38,1178.46,month_to_month,mailed_check,fiber,4,1,28.6,False,False,True,1
35,113.99,4169.18,month_to_month,electronic_check,fiber,2,0,44.8,False,False,True,1
37,87.65,3332.65,one_year,credit_card,dsl,0,0,126.7,False,False,False,0
12,53.51,697.58,one_year,electronic_check,fiber,1,2,38.7,False,False,True,1
69,39.2,2739.96,one_year,electronic_check,dsl,2,0,54.6,False,False,False,1
28,82.47,2276.27,one_year,bank_transfer,fiber,2,0,47.1,False,False,False,1
27,68.77,1698.92,one_year,electronic_check,fiber,0,1,86.7,False,True,False,1
4,38.56,195.38,month_to_month,mailed_check,dsl,1,0,39.5,True,True,True,1
63,79.43,4783.73,two_year,bank_transfer,fiber,3,0,13.7,False,False,True,0
17,64.08,1060.06,two_year,bank_transfer,dsl,0,0,19.1,False,False,False,0
72,81.67,5879.91,one_year,credit_card,none,1,0,87.6,False,False,True,0
36,79.72,2829.67,month_to_month,bank_transfer,none,3,0,29.7,False,False,False,0
63,56.62,3762.48,one_year,electronic_check,dsl,1,0,20.5,False,True,False,1
13,83.92,1255.15,month_to_month,bank_transfer,fiber,5,0,43.4,False,False,False,1
12,59.05,801.55,two_year,electronic_check,dsl,1,0,83.3,True,True,False,0
58,60.48,3424.56,month_to_month,electronic_check,fiber,2,2,35.7,False,False,False,0
59,58.29,3612.04,month_to_month,electronic_check,fiber,0,1,51.8,False,False,False,0
39,94.88,3756.03,month_to_month,electronic_check,fiber,2,1,160.6,True,False,True,1
2,63.83,42.88,one_year,electronic_check,none,2,0,89.6,False,False,True,1
68,100.19,6815.86,one_year,bank_transfer,fiber,0,1,52.3,False,False,True,0
28,109.24,3144.99,one_year,credit_card,fiber,0,0,40.5,False,False,True,1
68,53.75,3601.1,month_to_month,mailed_check,fiber,0,0,104.0,False,False,True,0
63,18.0,1146.65,two_year,bank_transfer,fiber,1,1,197.0,False,False,False,0
62,92.98,5793.24,month_to_month,bank_transfer,fiber,2,0,113.4,True,False,True,0
50,62.48,3024.92,month_to_month,mailed_check,fiber,1,0,51.6,False,False,False,0
49,50.94,2471.75,one_year,bank_transfer,dsl,1,1,23.7,False,False,False,0
38,57.05,2075.61,month_to_month,electronic_check,none,1,0,20.1,True,False,True,0
1,60.87,139.05,one_year,electronic_check,dsl,0,1,82.1,False,False,True,1
28,98.54,2677.4,month_to_month,credit_card,dsl,1,1,23.7,True,False,True,0
53,73.52,3922.82,one_year,electronic_check,dsl,1,1,31.8,False,False,True,0
59,98.24,5671.05,month_to_month,mailed_check,fiber,0,0,45.0,False,False,True,0
40,80.87,3132.79,month_to_month,credit_card,dsl,2,0,20.5,False,True,True,0
51,63.2,3116.83,month_to_month,mailed_check,fiber,0,0,22.0,False,True,False,1
1,61.41,35.35,one_year,credit_card,dsl,0,2,15.5,True,False,True,1
34,82.36,2816.47,month_to_month,mailed_check,fiber,3,0,63.8,True,True,False,0
37,88.05,3290.68,month_to_month,electronic_check,fiber,2,1,58.8,True,False,True,1
65,91.93,5815.95,month_to_month,credit_card,fiber,0,0,71.6,True,False,True,0
22,64.25,1398.32,month_to_month,mailed_check,fiber,0,1,108.4,False,False,False,1
16,73.85,1114.05,month_to_month,credit_card,dsl,0,2,22.3,False,True,False,1
25,82.85,2119.33,one_year,bank_transfer,dsl,2,1,12.8,False,False,True,0
12,61.55,714.51,month_to_month,credit_card,none,1,0,36.6,True,False,True,1
40,45.03,1793.93,month_to_month,bank_transfer,dsl,0,1,52.0,False,True,False,0
46,52.26,2336.91,one_year,bank_transfer,dsl,1,2,3.3,False,False,True,1
58,64.7,3907.82,month_to_month,bank_transfer,dsl,1,1,95.1,False,False,False,1
70,84.57,5804.38,one_year,credit_card,dsl,0,0,40.9,True,False,False,0
5,97.7,452.52,one_year,bank_transfer,dsl,3,0,99.2,False,True,True,0
18,40.17,732.74,one_year,credit_card,fiber,0,0,43.6,False,False,False,0
21,56.86,1171.44,month_to_month,credit_card,none,2,0,4.1,False,False,True,0
18,62.13,1049.59,month_to_month,bank_transfer,dsl,3,0,48.1,False,False,False,1
60,87.48,5085.75,month_to_month,electronic_check,fiber,2,0,43.8,False,False,False,0
10,58.38,521.56,month_to_month,bank_transfer,fiber,0,2,8.8,False,True,True,1
2,60.55,34.76,two_year,electronic_check,dsl,1,1,170.7,False,False,True,1
62,38.94,2565.41,month_to_month,electronic_check,dsl,1,0,105.5,False,False,False,0
70,80.63,5847.92,month_to_month,bank_transfer,fiber,0,0,87.8,False,False,False,0
16,66.45,1058.63,one_year,bank_transfer,fiber,1,0,159.2,True,True,False,0
24,55.61,1208.21,one_year,bank_transfer,dsl,3,0,18.5,False,False,False,0
36,64.29,2380.86,two_year,mailed_check,dsl,2,0,55.5,False,True,True,0
38,94.79,3513.72,month_to_month,credit_card,fiber,0,0,59.8,False,False,False,0
72,47.89,3398.65,two_year,mailed_check,dsl,0,0,113.1,False,False,True,0
29,51.48,1436.32,one_year,credit_card,dsl,0,0,17.4,False,True,False,0
0,97.55,0.0,one_year,electronic_check,fiber,0,2,43.4,False,False,True,1
30,71.67,2118.18,month_to_month,bank_transfer,fiber,1,0,85.0,True,False,False,0
40,84.73,3270.98,month_to_month,electronic_check,fiber,2,0,116.4,False,False,True,1
37,78.84,2853.9,month_to_month,mailed_check,dsl,2,1,26.1,False,True,True,0
37,69.22,2652.93,one_year,credit_card,none,0,0,66.2,False,False,True,0
67,62.34,4173.76,month_to_month,electronic_check,none,2,0,52.9,False,False,True,0
58,88.29,5132.1,month_to_month,bank_transfer,dsl,3,0,31.3,False,False,True,0
18,95.57,1519.36,month_to_month,electronic_check,fiber,2,0,18.2,False,True,True,1
25,93.85,2431.55,two_year,electronic_check,fiber,1,0,100.9,False,True,False,1
48,43.92,2046.46,month_to_month,electronic_check,dsl,0,0,106.3,False,False,False,1
29,98.71,2963.75,month_to_month,mailed_check,dsl,0,0,83.8,False,False,True,1
31,62.13,1939.91,one_year,electronic_check,dsl,0,2,29.1,False,False,True,0
12,53.39,590.1,two_year,credit_card,none,0,1,45.7,False,True,False,0
18,66.27,1041.86,one_year,credit_card,fiber,1,0,80.1,False,True,True,1
54,88.28,4962.86,month_to_month,mailed_check,fiber,2,0,29.0,False,False,True,0
61,81.89,5067.58,month_to_month,mailed_check,dsl,1,0,11.8,False,False,True,0
57,64.38,3747.34,month_to_month,mailed_check,fiber,1,0,79.8,False,False,True,0
22,88.43,2109.15,month_to_month,credit_card,fiber,1,1,19.0,False,False,True,1
9,73.08,677.89,month_to_month,credit_card,dsl,1,1,72.7,False,True,False,0
11,57.39,753.01,month_to_month,bank_transfer,fiber,1,0,9.7,False,False,True,0
28,54.42,1480.69,month_to_month,electronic_check,fiber,0,1,56.1,False,False,True,1
37,79.03,2990.49,month_to_month,electronic_check,none,1,0,174.3,False,False,False,0
65,68.18,4374.99,one_year,mailed_check,fiber,1,0,107.9,True,False,True,1
65,39.74,2537.75,month_to_month,electronic_check,fiber,2,1,58.1,True,False,True,1
0,88.64,8.73,two_year,credit_card,dsl,2,1,94.9,False,False,True,1
51,59.43,2916.86,two_year,electronic_check,fiber,1,1,28.8,False,False,True,0
21,105.03,2235.28,month_to_month,electronic_check,fiber,1,0,56.2,False,False,True,1
14,39.13,519.74,month_to_month,mailed_check,none,1,2,5.2,True,True,True,1
40,66.02,2461.92,two_year,electronic_check,dsl,1,0,83.1,True,False,False,0
2,54.6,68.01,two_year,credit_card,fiber,0,0,79.1,False,True,False,0
24,48.54,1133.91,month_to_month,electronic_check,dsl,0,1,90.1,True,False,False,0
40,59.29,2448.36,month_to_month,credit_card,dsl,1,1,65.2,False,False,False,1
19,108.95,2095.72,two_year,bank_transfer,none,1,0,131.2,False,False,False,1
43,73.15,3275.72,one_year,bank_transfer,dsl,1,1,76.1,False,False,True,1
33,52.58,1781.95,one_year,credit_card,dsl,1,0,34.2,False,True,False,0
58,29.77,1676.8,month_to_month,credit_card,fiber,2,1,75.9,False,False,True,1
13,32.13,412.44,two_year,electronic_check,fiber,0,0,71.3,True,False,True,1
4,58.2,201.48,one_year,credit_card,fiber,1,0,31.2,True,False,True,0
38,56.06,2174.2,month_to_month,mailed_check,dsl,1,0,66.9,False,False,False,0
18,65.07,1176.64,one_year,bank_transfer,dsl,1,0,22.1,False,False,True,1
51,20.01,963.94,month_to_month,electronic_check,fiber,0,0,26.5,False,False,True,1
6,67.98,408.65,month_to_month,bank_transfer,fiber,0,0,31.6,True,False,False,1
41,92.61,3838.52,one_year,bank_transfer,fiber,3,1,72.9,True,True,True,1
72,105.7,7519.82,one_year,bank_transfer,fiber,2,0,10.9,False,True,True,0
6,28.32,198.45,two_year,bank_transfer,dsl,1,0,199.0,False,False,False,1
22,52.37,1010.06,one_year,mailed_check,dsl,4,0,163.7,False,False,True,1
61,51.21,3223.31,month_to_month,electronic_check,dsl,0,0,34.7,False,False,False,0
38,73.21,2829.43,month_to_month,credit_card,none,2,0,46.9,False,False,True,1
12,43.17,664.68,month_to_month,mailed_check,dsl,0,0,65.5,False,False,True,0
15,107.01,1504.66,month_to_month,credit_card,dsl,2,1,27.4,False,False,False,1
55,70.96,4004.81,one_year,bank_transfer,dsl,1,1,40.9,True,True,True,0
62,67.29,4256.2,month_to_month,credit_card,fiber,2,0,75.7,False,False,False,0
26,105.04,2714.64,month_to_month,electronic_check,fiber,0,0,59.2,True,False,True,1
34,69.65,2334.2,month_to_month,mailed_check,dsl,2,1,13.0,True,True,False,0
57,78.81,4394.51,month_to_month,credit_card,fiber,1,0,95.4,False,True,False,0
12,53.48,520.64,month_to_month,credit_card,dsl,1,0,158.9,False,False,True,0
15,39.85,530.14,one_year,electronic_check,fiber,0,0,84.7,False,False,False,0
56,56.57,3054.9,month_to_month,mailed_check,fiber,1,0,32.1,True,True,False,0
13,118.11,1679.05,two_year,electronic_check,dsl,0,1,32.1,True,True,False,0
56,83.93,4564.9,month_to_month,mailed_check,fiber,0,1,33.6,False,False,True,0
36,76.04,2750.84,one_year,electronic_check,fiber,1,0,74.2,True,True,True,1
72,48.52,3532.65,two_year,mailed_check,dsl,2,1,67.3,True,False,False,0
2,90.05,212.27,two_year,credit_card,fiber,1,1,74.5,False,False,True,1
69,40.13,2809.05,two_year,mailed_check,fiber,0,0,70.1,True,False,True,0
16,35.52,653.5,month_to_month,credit_card,fiber,2,1,213.6,False,False,False,0
2,57.7,75.27,month_to_month,electronic_check,dsl,0,0,85.0,False,False,True,1
52,113.0,5883.88,one_year,electronic_check,dsl,1,0,10.2,False,False,False,0
38,111.75,4220.08,month_to_month,bank_transfer,dsl,1,0,7.7,False,False,False,0
61,60.07,3781.5,one_year,bank_transfer,fiber,2,0,10.8,True,False,True,0
7,55.17,575.18,one_year,electronic_check,dsl,1,0,52.2,False,False,True,1
5,33.91,62.1,month_to_month,electronic_check,none,0,0,38.7,False,False,False,1
41,71.72,2757.72,month_to_month,bank_transfer,fiber,1,0,22.9,False,True,True,0
64,73.56,4759.06,one_year,bank_transfer,none,0,1,4.6,False,False,True,0
29,87.37,2630.06,one_year,bank_transfer,dsl,2,0,106.1,False,False,True,1
58,90.04,5398.45,two_year,credit_card,fiber,0,1,38.9,False,False,False,1
66,65.66,4399.97,one_year,electronic_check,fiber,0,0,129.6,False,False,True,0
63,82.23,5306.11,month_to_month,credit_card,none,0,0,49.1,True,False,False,0
37,54.59,2169.24,month_to_month,electronic_check,fiber,1,1,30.3,False,False,True,1
50,81.81,4222.33,month_to_month,mailed_check,fiber,2,1,26.1,False,False,True,1
38,58.84,2315.22,month_to_month,credit_card,fiber,1,0,21.5,False,False,True,0
49,80.11,3809.99,one_year,credit_card,fiber,1,0,61.5,False,False,False,0
41,78.33,3210.78,one_year,electronic_check,fiber,1,0,24.2,False,True,False,0
38,71.51,2744.38,two_year,electronic_check,fiber,1,0,51.7,False,True,True,0
31,87.48,2702.9,month_to_month,bank_transfer,dsl,1,3,147.0,False,True,False,1
47,35.45,1662.72,month_to_month,bank_transfer,fiber,0,1,11.3,False,False,False,0
54,46.57,2655.83,month_to_month,bank_transfer,dsl,2,2,26.8,False,False,True,0
67,64.06,4223.91,month_to_month,electronic_check,none,0,1,30.0,False,False,True,0
44,38.25,1754.91,month_to_month,mailed_check,fiber,2,0,57.0,True,False,False,0
7,61.05,455.83,month_to_month,mailed_check,none,1,0,45.5,False,False,False,1
42,61.76,2516.74,month_to_month,mailed_check,dsl,1,1,46.5,False,True,False,1
23,98.81,2175.74,month_to_month,electronic_check,fiber,0,0,111.8,False,False,False,0
1,73.14,0.0,one_year,credit_card,fiber,2,1,31.4,False,False,True,1
5,92.65,506.95,one_year,mailed_check,dsl,2,1,17.8,False,False,False,1
43,76.64,3289.83,month_to_month,bank_transfer,none,2,2,39.6,False,True,False,1
68,58.22,3884.64,one_year,electronic_check,fiber,1,0,73.5,True,False,True,0
36,72.94,2456.99,month_to_month,mailed_check,dsl,0,0,22.3,False,False,True,0
32,86.05,2792.54,month_to_month,bank_transfer,dsl,1,0,5.3,False,False,False,1
6,96.25,561.86,one_year,bank_transfer,none,0,1,218.0,False,False,True,0
49,67.09,3223.18,month_to_month,credit_card,none,3,0,33.5,False,False,True,0
4,33.75,48.24,one_year,bank_transfer,fiber,0,0,53.1,False,False,False,0
61,32.21,1943.34,month_to_month,bank_transfer,fiber,1,0,54.6,False,False,True,0
59,62.82,3748.68,month_to_month,credit_card,fiber,0,1,43.0,False,False,True,0
72,18.57,1307.34,month_to_month,bank_transfer,fiber,0,0,16.0,True,False,True,0
20,109.49,2082.83,month_to_month,electronic_check,none,2,1,28.9,False,False,True,1
11,83.13,909.2,month_to_month,electronic_check,dsl,3,0,68.4,False,True,False,1
21,56.02,1270.52,month_to_month,mailed_check,none,3,1,22.0,False,True,True,0
58,45.59,2647.84,month_to_month,electronic_check,fiber,1,0,118.6,True,True,True,0
15,92.62,1395.46,month_to_month,electronic_check,fiber,1,1,31.7,False,False,True,0
64,45.5,2882.69,one_year,bank_transfer,fiber,0,0,54.7,True,False,True,0
11,47.6,443.53,one_year,bank_transfer,fiber,0,0,133.5,False,False,True,0
3,53.15,76.39,two_year,bank_transfer,dsl,1,0,12.7,False,False,False,1
16,72.51,1010.59,one_year,electronic_check,dsl,0,0,28.3,True,False,True,1
55,83.66,4707.61,two_year,credit_card,dsl,4,2,35.8,False,False,True,1
43,96.24,4179.94,one_year,electronic_check,dsl,1,0,38.0,False,False,False,0
25,92.99,2332.17,one_year,electronic_check,fiber,1,0,11.0,True,True,True,0
47,70.02,3317.54,one_year,electronic_check,fiber,1,0,58.9,False,False,True,1
47,92.45,4375.71,two_year,credit_card,dsl,1,1,61.4,False,True,True,0
40,55.24,2143.49,one_year,credit_card,fiber,2,0,58.9,False,False,False,1
37,29.94,1078.51,two_year,electronic_check,fiber,3,0,85.0,False,False,True,1
7,55.24,344.0,month_to_month,mailed_check,fiber,1,1,9.7,False,False,True,0
18,52.26,1166.71,two_year,mailed_check,none,1,1,48.2,False,True,False,1
38,56.1,2223.62,month_to_month,electronic_check,dsl,1,0,40.5,False,True,True,0
9,48.89,455.12,month_to_month,bank_transfer,fiber,3,1,15.5,False,True,False,1
34,59.86,2158.18,month_to_month,bank_transfer,dsl,0,0,25.6,False,True,True,0
8,83.64,780.69,one_year,credit_card,fiber,1,0,25.0,False,True,False,0
57,107.74,6016.93,month_to_month,credit_card,fiber,0,0,17.3,False,True,True,0
7,32.04,204.22,month_to_month,bank_transfer,fiber,0,0,57.6,False,False,False,0
6,41.67,248.55,month_to_month,electronic_check,fiber,0,1,29.3,True,False,True,1
46,52.59,2474.18,one_year,credit_card,none,0,3,74.3,False,False,True,0
16,86.85,1369.44,month_to_month,electronic_check,fiber,1,0,86.4,False,True,True,0
25,65.49,1628.38,one_year,electronic_check,dsl,0,1,101.8,False,False,False,1
22,54.07,1148.02,one_year,credit_card,dsl,2,1,9.7,False,True,False,1
15,85.77,1380.95,one_year,electronic_check,fiber,1,0,3.5,False,False,True,0
55,91.04,4877.3,one_year,bank_transfer,dsl,0,1,19.6,False,False,True,0
50,69.59,3441.04,month_to_month,bank_transfer,fiber,1,1,44.1,True,True,True,1
17,52.04,718.75,two_year,electronic_check,fiber,0,1,30.2,True,False,True,0
50,75.95,3704.83,two_year,mailed_check,fiber,3,0,70.3,False,True,True,0
52,64.87,3401.79,month_to_month,electronic_check,dsl,1,2,38.0,False,False,False,0
39,64.7,2553.55,month_to_month,bank_transfer,fiber,0,0,71.2,True,False,False,1
42,58.73,2438.47,month_to_month,electronic_check,fiber,0,0,17.9,False,False,True,1
68,90.35,6244.96,two_year,electronic_check,fiber,1,0,52.7,False,False,True,0
33,75.5,2613.36,two_year,mailed_check,dsl,1,0,17.4,False,False,True,0
28,92.79,2591.89,two_year,mailed_check,dsl,0,0,30.5,False,True,False,0
39,99.4,3899.14,two_year,electronic_check,none,0,0,31.5,False,False,True,0
61,80.1,4845.37,one_year,electronic_check,dsl,2,0,20.5,False,False,True,0
51,58.86,3058.28,month_to_month,bank_transfer,fiber,1,0,83.7,False,True,True,0
5,92.89,356.98,month_to_month,electronic_check,fiber,1,2,17.0,False,False,True,1
33,80.24,2809.55,month_to_month,mailed_check,fiber,0,0,8.8,False,False,False,1
54,127.27,6975.18,month_to_month,electronic_check,fiber,0,0,15.0,False,False,True,1
16,76.82,1121.22,month_to_month,electronic_check,dsl,2,0,51.6,False,False,True,1
72,85.35,6074.19,month_to_month,electronic_check,dsl,2,0,41.2,False,False,True,1
58,76.39,4468.53,one_year,electronic_check,fiber,0,0,21.0,False,True,True,0
61,67.82,4106.58,month_to_month,mailed_check,none,0,0,22.4,False,False,True,1
5,64.31,370.56,two_year,bank_transfer,dsl,2,0,52.0,False,False,True,0
42,76.47,3179.39,two_year,electronic_check,dsl,0,0,112.5,False,True,False,0
38,81.47,3233.09,month_to_month,electronic_check,fiber,1,0,3.7,False,False,True,1
45,95.4,4293.75,month_to_month,electronic_check,dsl,0,0,58.8,False,False,True,0
62,76.79,4978.83,month_to_month,bank_transfer,none,0,0,64.9,False,False,False,0
25,59.82,1549.74,two_year,credit_card,fiber,0,0,29.1,False,False,True,0
38,62.81,2265.33,one_year,electronic_check,fiber,0,0,55.8,False,False,True,0
49,40.9,2191.88,month_to_month,bank_transfer,dsl,3,1,100.1,True,True,False,1
54,106.55,5852.58,one_year,bank_transfer,dsl,2,1,60.1,False,False,True,0
56,58.09,3287.25,two_year,mailed_check,dsl,3,0,217.6,False,False,False,0
24,91.28,2248.92,month_to_month,credit_card,fiber,1,0,153.7,False,False,False,0
72,76.08,5370.75,one_year,electronic_check,dsl,0,0,26.8,False,False,True,0
0,76.68,0.0,month_to_month,electronic_check,dsl,0,1,16.9,False,False,True,1
35,67.42,2355.94,month_to_month,mailed_check,fiber,0,0,122.9,False,False,True,0
44,52.67,2441.57,two_year,electronic_check,dsl,3,1,82.7,False,True,True,1
4,48.69,230.37,month_to_month,electronic_check,dsl,1,1,71.9,False,False,True,1
32,108.03,3610.79,two_year,credit_card,fiber,0,0,25.4,False,False,True,0
43,72.51,3236.84,one_year,credit_card,fiber,1,0,12.9,False,True,False,0
44,94.76,4171.29,month_to_month,credit_card,dsl,3,0,65.9,False,False,True,0
8,100.47,910.3,one_year,bank_transfer,fiber,3,1,31.8,False,False,False,0
20,60.96,1356.23,month_to_month,electronic_check,fiber,1,0,57.3,False,False,True,1
17,79.32,1341.22,month_to_month,bank_transfer,dsl,1,0,94.7,False,False,True,1
46,70.99,3246.3,month_to_month,mailed_check,fiber,1,0,39.5,False,False,True,1
24,44.54,1081.6,two_year,electronic_check,fiber,1,1,64.7,False,False,True,1
41,65.92,2485.65,two_year,electronic_check,none,0,0,59.6,False,True,True,0
53,82.93,4420.53,month_to_month,mailed_check,dsl,0,1,82.2,False,False,False,1
58,59.02,3488.0,month_to_month,electronic_check,fiber,0,0,29.4,False,False,False,1
13,62.85,830.06,two_year,credit_card,fiber,0,1,21.9,False,False,True,1
65,66.19,4333.37,one_year,electronic_check,fiber,0,1,45.9,False,True,False,0
12,116.45,1393.49,month_to_month,credit_card,dsl,0,0,15.3,True,False,False,1
1,29.65,0.0,month_to_month,bank_transfer,fiber,1,0,70.3,False,False,True,1
3,81.04,392.75,month_to_month,bank_transfer,fiber,0,1,196.0,False,False,True,1
14,64.43,868.92,month_to_month,electronic_check,none,0,0,28.3,False,False,False,1
63,55.91,3466.73,month_to_month,electronic_check,dsl,0,1,56.5,False,True,False,0
15,63.89,1080.57,one_year,credit_card,dsl,0,0,110.1,False,True,True,0
50,84.68,4322.08,one_year,credit_card,dsl,0,2,28.2,False,False,False,0
30,85.94,2602.78,month_to_month,bank_transfer,none,0,0,23.2,False,False,True,0
2,74.09,217.42,one_year,bank_transfer,fiber,0,0,112.9,False,False,False,0
32,94.04,2905.33,month_to_month,mailed_check,fiber,1,0,26.8,False,False,False,1
2,97.91,188.54,one_year,electronic_check,fiber,2,2,56.8,True,False,True,1
34,87.96,3107.17,month_to_month,electronic_check,fiber,0,1,62.2,False,False,False,0
40,57.98,2258.26,month_to_month,bank_transfer,dsl,1,0,44.4,False,True,False,1
38,80.88,2983.59,month_to_month,credit_card,dsl,4,0,18.6,False,False,False,1
20,80.98,1626.67,month_to_month,electronic_check,fiber,1,0,117.3,False,False,False,1
55,52.06,2872.49,one_year,mailed_check,fiber,1,0,13.9,False,True,True,0
43,35.47,1583.49,one_year,bank_transfer,dsl,0,2,87.5,False,False,True,0
18,25.5,334.97,month_to_month,credit_card,fiber,1,0,19.9,False,True,False,1
31,71.54,1988.3,month_to_month,bank_transfer,dsl,0,1,50.6,False,False,True,1
7,76.56,618.83,one_year,credit_card,none,2,1,97.1,False,True,False,1
67,44.0,2850.53,one_year,credit_card,dsl,0,0,18.8,True,False,True,0
54,93.01,4967.64,one_year,electronic_check,fiber,0,0,51.5,True,True,True,1
21,73.35,1343.86,two_year,credit_card,dsl,0,1,146.4,False,False,True,1
49,99.69,4976.87,one_year,credit_card,dsl,0,0,34.8,False,False,True,0
49,78.15,3860.88,month_to_month,bank_transfer,dsl,1,0,47.8,False,True,True,0
44,46.54,2075.68,two_year,credit_card,fiber,1,0,6.3,False,False,True,0
3,80.08,267.55,month_to_month,electronic_check,dsl,2,0,17.8,False,False,True,1
64,84.74,5237.95,one_year,bank_transfer,dsl,1,0,13.0,False,False,False,0
69,57.95,3909.89,two_year,electronic_check,fiber,1,1,31.6,False,False,False,0
71,38.27,2676.51,month_to_month,bank_transfer,fiber,0,0,70.0,False,True,True,0
71,72.21,5059.52,month_to_month,bank_transfer,fiber,0,0,69.8,False,True,True,0
67,47.98,3190.22,month_to_month,credit_card,dsl,1,0,30.8,False,False,True,0
53,94.66,5039.14,two_year,credit_card,fiber,1,0,53.3,False,False,False,1
4,61.04,334.74,month_to_month,electronic_check,fiber,2,1,99.9,False,False,True,1
33,107.94,3428.8,one_year,bank_transfer,dsl,1,1,46.9,True,False,True,1
17,23.27,394.79,month_to_month,electronic_check,fiber,2,0,15.4,False,True,True,1
16,72.97,1231.56,month_to_month,credit_card,dsl,1,1,24.4,False,False,True,1
60,101.45,6003.83,month_to_month,electronic_check,fiber,1,0,225.1,True,False,True,1
59,50.41,2956.84,two_year,credit_card,dsl,0,1,39.5,False,False,False,0
38,66.5,2568.99,month_to_month,electronic_check,fiber,1,0,51.6,False,False,True,0
53,61.13,3240.9,two_year,electronic_check,fiber,0,0,9.5,False,False,True,0
9,54.96,555.32,one_year,credit_card,dsl,0,3,16.0,False,False,True,1
16,75.38,1214.6,two_year,bank_transfer,none,0,0,60.4,True,False,False,0
62,41.5,2544.93,month_to_month,electronic_check,fiber,3,0,9.6,True,False,False,1
32,67.56,2056.38,month_to_month,credit_card,fiber,0,2,52.4,False,False,True,0
39,81.35,3194.9,month_to_month,bank_transfer,fiber,0,0,71.0,False,False,False,1
33,65.27,2162.91,month_to_month,credit_card,fiber,1,0,35.8,True,False,True,0
14,48.0,582.65,one_year,credit_card,fiber,2,0,75.9,True,False,True,0
60,92.66,5611.99,month_to_month,electronic_check,none,2,2,72.1,False,False,False,1
55,86.07,4847.96,two_year,electronic_check,fiber,1,0,43.3,False,False,False,0
49,47.09,2248.0,month_to_month,electronic_check,fiber,0,1,25.5,False,False,True,1
25,41.53,972.76,month_to_month,mailed_check,none,0,0,14.4,False,False,False,0
46,49.06,2187.99,one_year,electronic_check,dsl,0,0,28.4,True,False,False,1
69,82.0,5506.92,month_to_month,electronic_check,fiber,2,0,35.7,False,False,False,0
47,76.06,3755.22,month_to_month,electronic_check,dsl,0,0,38.6,False,False,False,0
36,87.38,3105.28,two_year,bank_transfer,dsl,2,0,81.9,True,True,True,1
19,62.82,1116.32,month_to_month,credit_card,dsl,2,1,33.0,False,True,True,1
38,49.66,1785.67,one_year,bank_transfer,fiber,1,1,35.0,False,False,True,0
27,90.21,2400.75,month_to_month,credit_card,dsl,0,1,93.9,False,True,False,0
44,57.82,2481.51,month_to_month,bank_transfer,dsl,1,0,70.5,True,True,True,0
3,74.1,351.73,month_to_month,mailed_check,none,3,1,52.7,False,False,False,1
13,35.9,354.31,two_year,credit_card,dsl,2,0,57.0,False,False,True,1
57,57.46,3136.75,month_to_month,mailed_check,fiber,0,0,51.5,False,False,True,0
27,92.21,2539.33,month_to_month,mailed_check,none,0,0,91.9,True,False,True,1
31,54.24,1671.79,month_to_month,electronic_check,fiber,2,0,6.6,False,True,False,1
39,87.92,3408.81,two_year,credit_card,dsl,0,0,47.5,False,False,False,0
31,18.72,630.69,month_to_month,bank_transfer,fiber,2,0,57.1,True,True,False,0
55,57.69,3185.25,one_year,bank_transfer,dsl,0,0,74.9,False,False,True,0
17,66.23,1121.7,month_to_month,bank_transfer,dsl,0,1,32.9,False,True,True,0
55,108.34,5832.19,month_to_month,bank_transfer,none,0,0,8.1,False,False,False,0
15,44.28,514.07,month_to_month,electronic_check,dsl,1,0,22.7,True,True,False,1
27,84.76,2225.48,month_to_month,bank_transfer,fiber,2,1,43.4,True,False,True,1
42,93.25,3818.91,month_to_month,electronic_check,dsl,3,0,50.9,False,True,True,1
64,54.13,3488.55,month_to_month,bank_transfer,fiber,1,0,45.5,False,False,True,0
16,61.78,826.6,two_year,electronic_check,fiber,1,1,8.1,False,False,False,0
42,73.12,3030.8,month_to_month,bank_transfer,none,1,0,108.1,False,False,True,1
4,37.41,134.06,month_to_month,bank_transfer,none,2,0,25.0,False,False,True,1
5,59.99,296.38,month_to_month,electronic_check,dsl,1,0,16.6,True,False,False,1
56,98.07,5527.83,month_to_month,bank_transfer,fiber,2,2,19.9,False,True,True,1
52,81.5,4208.61,month_to_month,bank_transfer,dsl,0,1,18.3,False,False,True,0
27,66.55,1736.78,month_to_month,electronic_check,dsl,0,0,95.1,False,False,True,0
45,72.49,3374.05,month_to_month,credit_card,fiber,1,1,49.3,False,False,False,1
27,82.78,2206.26,month_to_month,electronic_check,fiber,0,1,39.6,False,True,True,1
20,86.99,1867.52,month_to_month,electronic_check,fiber,3,1,10.1,False,False,True,0
31,57.76,1761.3,month_to_month,bank_transfer,fiber,1,0,77.4,False,False,True,1
22,103.76,2281.26,month_to_month,electronic_check,dsl,2,1,113.9,True,False,False,1
59,98.96,5826.15,month_to_month,bank_transfer,fiber,1,0,116.9,False,False,True,1
30,84.9,2567.81,month_to_month,electronic_check,dsl,2,1,49.8,False,False,False,0
23,51.45,1145.56,month_to_month,electronic_check,none,3,0,111.6,False,False,True,1
39,47.56,1863.49,month_to_month,bank_transfer,fiber,3,0,134.2,False,False,True,1
55,62.81,3592.32,two_year,credit_card,none,0,1,13.1,False,False,True,0
19,71.34,1449.86,month_to_month,mailed_check,dsl,1,1,39.5,False,True,True,1
68,31.09,2209.14,month_to_month,electronic_check,dsl,4,0,76.2,True,False,True,1
33,80.88,2548.27,two_year,bank_transfer,none,1,0,43.7,False,False,True,0
48,98.32,4613.15,month_to_month,bank_transfer,fiber,3,1,45.7,False,False,True,1
69,82.68,5724.52,month_to_month,bank_transfer,dsl,1,0,68.0,True,False,True,0
31,55.13,1778.4,two_year,bank_transfer,fiber,0,0,6.5,False,False,True,0
14,52.52,688.56,month_to_month,electronic_check,none,0,1,27.1,False,False,False,1
54,76.6,4073.62,one_year,bank_transfer,dsl,0,0,98.9,False,False,True,0
0,66.63,125.45,month_to_month,credit_card,dsl,0,0,75.3,False,True,True,1
33,79.75,2693.48,month_to_month,bank_transfer,fiber,3,0,114.6,False,True,True,0
71,83.24,6005.26,month_to_month,electronic_check,fiber,4,1,66.3,False,True,True,0
30,94.02,2780.87,one_year,electronic_check,fiber,1,1,17.3,False,False,True,1
49,45.09,2162.61,month_to_month,credit_card,fiber,0,1,37.9,False,False,False,0
38,74.88,2930.84,one_year,credit_card,fiber,0,0,28.2,False,False,False,0
15,62.0,906.35,two_year,electronic_check,fiber,2,0,25.6,False,False,False,0
23,67.83,1505.11,two_year,electronic_check,none,1,0,30.6,True,False,False,0
38,89.02,3300.57,month_to_month,electronic_check,dsl,0,1,53.9,False,False,False,0
7,91.41,593.85,one_year,electronic_check,dsl,1,0,33.4,False,False,True,1
30,100.77,3101.86,one_year,electronic_check,dsl,1,0,27.7,True,False,False,0
30,79.36,2244.93,one_year,bank_transfer,dsl,0,1,98.9,False,False,False,0
60,67.58,4111.41,two_year,mailed_check,none,1,1,35.5,False,False,False,0
9,64.44,516.22,one_year,credit_card,dsl,0,1,102.4,False,False,False,0
61,31.84,1923.31,one_year,electronic_check,dsl,1,0,26.9,False,True,True,0
29,99.47,2871.47,month_to_month,electronic_check,fiber,2,0,74.5,False,True,True,1
47,62.92,2937.37,month_to_month,bank_transfer,dsl,1,1,87.6,False,False,False,1
40,81.13,3219.36,one_year,mailed_check,dsl,1,1,37.7,False,False,True,1
21,84.94,1743.75,one_year,electronic_check,fiber,0,1,47.5,True,True,False,0
67,42.6,2802.77,one_year,electronic_check,fiber,0,0,80.0,False,False,False,0
16,49.69,913.82,month_to_month,electronic_check,none,2,1,56.2,True,False,True,1
2,104.03,210.31,month_to_month,credit_card,none,2,0,112.6,False,False,True,1
54,76.39,4113.72,two_year,electronic_check,dsl,3,0,45.2,False,True,True,0
45,57.23,2517.33,month_to_month,bank_transfer,fiber,1,1,10.1,False,False,False,1
65,67.22,4332.59,one_year,electronic_check,fiber,1,2,40.5,False,True,False,0
33,93.9,3040.99,one_year,electronic_check,fiber,0,1,53.1,True,False,False,1
1,90.55,159.43,month_to_month,bank_transfer,dsl,1,0,10.6,False,False,False,1
1,37.75,0.0,month_to_month,bank_transfer,fiber,3,1,8.6,False,True,False,1
31,105.95,3082.29,month_to_month,electronic_check,fiber,3,1,45.3,False,False,True,1
18,91.26,1647.93,one_year,bank_transfer,dsl,0,0,27.4,True,True,True,0
67,66.65,4440.4,month_to_month,electronic_check,dsl,0,1,55.4,False,False,False,0
8,43.78,297.52,two_year,electronic_check,none,3,0,19.8,False,False,False,0
64,93.19,6046.2,one_year,electronic_check,fiber,1,0,29.3,False,True,True,1
15,80.48,961.18,month_to_month,electronic_check,fiber,1,1,14.4,False,False,True,1
8,37.93,445.3,month_to_month,electronic_check,fiber,2,1,10.8,False,False,True,1
20,64.89,1392.72,month_to_month,bank_transfer,dsl,0,1,25.3,False,True,True,1
10,130.0,1243.48,month_to_month,mailed_check,fiber,3,0,26.2,True,False,False,1
29,70.36,1999.87,month_to_month,electronic_check,dsl,1,0,21.0,False,True,True,0
24,53.68,1333.71,month_to_month,electronic_check,fiber,1,0,22.1,False,True,False,1
38,47.81,1864.59,two_year,electronic_check,fiber,0,1,45.3,False,True,False,0
39,108.99,4193.56,one_year,credit_card,fiber,0,1,21.4,False,False,True,0
0,88.65,0.0,two_year,bank_transfer,none,1,0,16.3,False,False,True,0
9,100.96,1098.87,one_year,electronic_check,dsl,2,1,24.1,False,False,False,1
11,75.46,916.11,one_year,bank_transfer,dsl,2,0,21.5,False,False,True,1
14,97.59,1380.38,two_year,credit_card,fiber,0,0,47.5,False,True,False,0
6,51.34,323.86,month_to_month,bank_transfer,fiber,3,1,23.0,False,True,False,1
22,73.58,1674.68,one_year,electronic_check,fiber,1,0,58.6,False,False,False,0
40,76.32,3119.5,two_year,electronic_check,dsl,1,1,50.8,False,False,True,1
22,100.41,2021.25,two_year,electronic_check,fiber,3,1,78.5,True,False,True,1
24,77.01,1816.66,month_to_month,bank_transfer,fiber,0,0,7.6,False,False,True,1
34,56.24,1871.23,two_year,credit_card,none,0,2,139.2,True,False,False,0
40,71.41,2841.87,month_to_month,credit_card,dsl,3,0,27.5,False,False,True,0
24,33.12,864.25,month_to_month,electronic_check,fiber,1,1,104.6,True,False,True,0
16,18.94,141.93,month_to_month,electronic_check,fiber,0,1,31.4,False,False,True,1
29,88.29,2438.99,month_to_month,credit_card,fiber,1,0,37.0,False,False,True,0
1,61.76,0.4,month_to_month,electronic_check,dsl,2,1,60.9,False,False,True,1
35,64.25,2262.64,month_to_month,mailed_check,none,3,0,42.4,False,True,True,0
68,88.28,6077.93,month_to_month,bank_transfer,fiber,1,1,106.8,True,False,True,0
29,100.73,3067.99,two_year,electronic_check,fiber,3,0,129.8,False,False,True,1
7,81.76,546.55,two_year,credit_card,fiber,0,0,27.2,False,True,True,0
51,112.42,5808.16,two_year,electronic_check,fiber,1,0,111.7,False,False,True,0
9,81.06,793.45,one_year,mailed_check,dsl,0,1,9.3,False,True,True,0
14,76.65,1121.85,two_year,credit_card,fiber,1,0,44.8,True,True,False,1
10,75.29,750.71,month_to_month,electronic_check,none,0,0,56.7,True,True,False,1
64,41.72,2634.12,month_to_month,bank_transfer,fiber,0,1,26.9,False,False,False,1
71,91.03,6367.24,month_to_month,electronic_check,dsl,3,1,16.2,True,True,True,0
41,18.0,636.16,month_to_month,electronic_check,dsl,0,1,18.6,False,False,True,1
45,57.1,2600.74,one_year,electronic_check,dsl,1,0,54.2,False,False,False,0
47,70.5,3308.6,month_to_month,electronic_check,dsl,0,1,42.4,True,False,True,1
44,52.63,2278.32,two_year,electronic_check,dsl,0,0,23.9,False,True,True,1
39,60.06,2402.17,month_to_month,mailed_check,dsl,1,1,14.1,True,False,True,1
72,110.47,7935.8,month_to_month,credit_card,dsl,0,0,58.4,False,True,False,0
53,94.29,4915.18,month_to_month,mailed_check,dsl,1,0,84.3,False,True,False,0
6,54.91,305.48,month_to_month,electronic_check,fiber,0,0,50.0,False,False,False,1
28,59.67,1744.62,two_year,bank_transfer,dsl,2,1,77.4,True,True,True,0
71,41.91,2883.49,one_year,bank_transfer,none,0,0,43.8,False,True,True,0
29,85.51,2498.62,month_to_month,bank_transfer,dsl,0,1,18.1,True,True,False,1
14,64.51,898.15,one_year,bank_transfer,dsl,3,1,30.1,False,False,False,1
63,26.74,1616.15,month_to_month,credit_card,none,0,2,39.9,False,True,False,0
45,72.22,3223.5,month_to_month,bank_transfer,fiber,2,0,75.2,False,False,True,0
41,79.66,3124.61,month_to_month,mailed_check,dsl,0,0,18.2,False,True,True,0
30,91.19,2745.57,month_to_month,electronic_check,none,3,0,5.1,False,False,True,0
9,68.39,492.68,one_year,electronic_check,fiber,0,1,35.6,False,False,True,1
28,61.8,1826.92,two_year,mailed_check,fiber,1,0,35.8,False,True,True,0
31,113.7,3516.42,month_to_month,mailed_check,fiber,0,1,80.6,False,False,False,0
67,70.14,4647.92,one_year,credit_card,none,0,0,12.2,False,False,True,0
22,85.83,1992.71,one_year,bank_transfer,none,3,0,22.0,False,False,False,0
10,58.13,488.43,month_to_month,mailed_check,none,1,0,39.4,True,False,True,1
31,85.18,2573.29,month_to_month,credit_card,fiber,2,0,4.1,False,False,True,0
72,37.98,2569.93,month_to_month,electronic_check,dsl,4,1,19.2,True,True,False,1
35,59.83,2211.91,month_to_month,credit_card,fiber,0,0,15.4,False,False,True,0
27,43.42,1340.9,month_to_month,electronic_check,none,0,1,74.1,False,True,True,0
48,56.69,2570.5,month_to_month,electronic_check,none,1,0,18.7,False,False,False,1
47,97.51,4509.55,month_to_month,mailed_check,dsl,3,0,66.7,False,False,True,0
21,56.53,1193.41,one_year,bank_transfer,fiber,2,1,206.2,False,False,False,0
70,85.8,5959.59,month_to_month,bank_transfer,none,3,0,89.4,False,False,False,0
43,103.38,4442.52,two_year,credit_card,none,0,0,71.4,False,False,True,0
4,69.39,266.98,month_to_month,electronic_check,none,1,1,126.2,False,True,True,1
29,91.86,2700.62,month_to_month,credit_card,dsl,3,0,92.5,False,False,False,1
67,81.68,5386.07,one_year,bank_transfer,fiber,2,0,86.1,True,True,False,0
28,72.56,2049.02,month_to_month,credit_card,fiber,0,2,30.5,False,False,True,0
41,86.51,3446.46,two_year,electronic_check,dsl,1,0,47.4,False,False,True,0
44,110.48,4824.05,month_to_month,bank_transfer,none,1,0,31.6,True,True,False,0
51,55.98,2698.67,month_to_month,electronic_check,fiber,0,0,69.1,False,False,True,1
63,48.9,3044.29,one_year,credit_card,dsl,2,2,5.1,False,False,True,1
10,47.61,424.55,one_year,credit_card,none,1,1,53.8,False,False,True,1
37,91.88,3484.48,one_year,mailed_check,fiber,1,1,90.8,False,True,False,0
38,94.85,3598.97,one_year,electronic_check,dsl,0,1,26.3,True,True,True,0
11,58.19,651.12,month_to_month,electronic_check,dsl,1,1,21.7,False,False,True,0
49,23.01,1125.47,one_year,mailed_check,dsl,2,1,50.5,False,True,True,1
8,55.16,249.66,one_year,mailed_check,dsl,1,0,64.2,False,False,True,0
33,82.05,2527.92,one_year,electronic_check,dsl,0,0,18.9,False,True,False,0
24,68.53,1616.04,month_to_month,bank_transfer,fiber,1,0,46.6,False,True,True,1
11,73.97,838.74,two_year,mailed_check,dsl,1,0,70.3,False,False,False,1
60,58.49,3488.26,one_year,electronic_check,none,4,1,68.5,False,False,False,0
17,92.31,1491.5,month_to_month,bank_transfer,fiber,3,0,14.0,False,True,False,0
18,77.55,1374.27,month_to_month,electronic_check,fiber,1,0,9.6,True,True,True,1
62,82.9,5110.36,one_year,bank_transfer,fiber,2,1,30.4,False,False,True,1
64,73.5,4774.11,two_year,electronic_check,dsl,0,1,93.6,False,True,True,0
2,81.54,228.15,month_to_month,bank_transfer,fiber,3,0,36.1,False,False,True,1
20,80.09,1551.99,two_year,bank_transfer,fiber,3,0,43.0,False,True,True,0
51,49.58,2524.09,month_to_month,electronic_check,dsl,1,2,43.9,False,True,True,0
56,78.21,4404.62,month_to_month,bank_transfer,dsl,1,1,9.0,False,False,False,0
72,87.41,6331.74,one_year,electronic_check,dsl,0,0,56.5,False,False,False,0
40,95.41,3965.13,month_to_month,electronic_check,dsl,2,1,116.7,False,True,False,1
0,79.15,0.0,month_to_month,mailed_check,fiber,1,0,11.7,True,False,True,1
63,48.76,3177.07,one_year,mailed_check,none,0,1,67.8,False,False,True,0
11,52.15,469.24,month_to_month,bank_transfer,dsl,2,0,165.5,False,True,True,0
8,60.43,426.05,month_to_month,mailed_check,fiber,4,1,141.2,False,False,False,1
49,74.17,3442.11,month_to_month,electronic_check,fiber,0,0,25.7,False,False,True,1
44,67.31,2975.26,month_to_month,credit_card,dsl,0,0,54.3,False,True,True,0
4,45.28,239.4,month_to_month,mailed_check,dsl,2,0,41.2,True,False,True,1
12,45.15,311.82,month_to_month,mailed_check,dsl,1,0,71.6,False,True,True,1
43,23.83,1041.64,two_year,credit_card,dsl,0,0,72.4,False,False,False,0
18,18.0,378.38,one_year,electronic_check,none,1,1,43.9,False,False,False,1
49,67.1,3337.15,one_year,bank_transfer,fiber,1,0,19.6,False,False,True,0
30,121.05,3523.87,month_to_month,electronic_check,dsl,1,1,75.8,False,False,True,1
42,109.53,4669.84,month_to_month,bank_transfer,fiber,3,1,18.8,False,True,False,1
34,48.48,1649.16,two_year,electronic_check,fiber,1,1,32.5,False,False,True,1
26,73.3,1958.99,one_year,credit_card,dsl,0,0,33.5,False,True,False,0
24,37.78,895.39,two_year,electronic_check,fiber,1,0,120.8,True,False,True,1
50,41.13,2090.79,month_to_month,bank_transfer,fiber,1,0,13.7,False,False,True,1
37,43.66,1715.25,one_year,mailed_check,fiber,0,1,42.2,False,True,True,1
43,65.04,2778.36,month_to_month,credit_card,none,3,1,17.3,True,True,True,1
42,65.99,2797.15,month_to_month,mailed_check,none,2,1,25.3,False,False,False,1
15,75.56,1245.88,two_year,credit_card,none,3,0,6.7,False,False,True,1
66,84.59,5570.95,month_to_month,electronic_check,fiber,1,0,24.8,False,False,True,1
41,62.59,2464.9,month_to_month,bank_transfer,fiber,1,0,10.2,False,False,False,0
52,70.8,3742.44,month_to_month,electronic_check,fiber,2,1,32.3,False,False,True,1
64,45.94,3069.3,one_year,electronic_check,dsl,1,1,35.6,False,False,True,0
67,40.42,2824.13,one_year,bank_transfer,none,0,1,32.9,False,False,True,0
48,37.02,1841.31,month_to_month,electronic_check,fiber,2,0,95.3,True,False,True,0
57,84.28,4592.99,two_year,mailed_check,dsl,4,2,39.1,False,False,True,0
34,62.57,2070.16,month_to_month,credit_card,fiber,2,0,45.7,False,False,False,0
53,28.84,1475.91,two_year,electronic_check,dsl,1,0,54.1,False,False,False,1
23,68.61,1582.07,one_year,credit_card,none,2,3,64.3,True,False,True,1
51,42.53,2320.97,two_year,electronic_check,dsl,2,0,46.2,False,False,True,0
6,106.53,541.93,one_year,bank_transfer,dsl,0,0,120.2,False,False,True,1
66,57.27,3981.62,month_to_month,electronic_check,dsl,1,1,23.6,False,False,False,1
17,84.99,1410.42,month_to_month,mailed_check,fiber,3,1,58.2,False,False,True,1
47,93.96,4347.1,two_year,electronic_check,fiber,0,0,17.4,False,False,True,0
0,48.99,76.07,two_year,electronic_check,dsl,1,0,14.9,False,False,False,0
11,71.67,871.56,one_year,bank_transfer,dsl,0,0,54.0,False,True,False,0
72,82.18,5975.46,one_year,electronic_check,fiber,3,0,56.5,True,False,True,0
60,72.54,4283.15,month_to_month,credit_card,dsl,1,1,43.4,False,False,True,0
16,77.94,1292.22,month_to_month,credit_card,fiber,1,1,47.3,False,False,True,1
9,40.75,273.73,month_to_month,electronic_check,fiber,1,0,11.2,False,False,True,1
59,82.19,4777.46,one_year,credit_card,fiber,1,0,28.4,False,False,True,0
72,59.3,4261.06,one_year,mailed_check,none,2,0,128.3,False,False,False,0
12,77.69,858.48,one_year,electronic_check,fiber,1,0,64.7,False,False,True,0
48,90.24,4426.27,one_year,credit_card,none,0,0,83.9,False,False,True,0
20,84.71,1642.16,month_to_month,electronic_check,fiber,0,0,70.1,False,True,False,0
54,77.67,4174.34,month_to_month,mailed_check,fiber,0,1,92.2,False,False,True,0
30,84.13,2444.68,month_to_month,electronic_check,dsl,1,1,31.0,False,False,True,0
9,85.15,859.73,month_to_month,electronic_check,fiber,1,1,58.3,False,False,True,1
23,102.9,2306.75,one_year,credit_card,none,0,1,64.5,False,False,True,0
39,69.25,2803.53,one_year,bank_transfer,dsl,0,0,111.6,True,False,True,0
58,73.61,4365.55,two_year,electronic_check,fiber,2,0,54.0,False,False,True,0
1,90.51,50.38,month_to_month,bank_transfer,none,2,1,13.4,False,False,False,0
69,59.21,4088.16,two_year,electronic_check,fiber,0,0,35.3,False,False,True,1
47,40.62,1866.51,one_year,mailed_check,fiber,2,1,87.6,False,False,True,1
63,80.85,5142.66,month_to_month,mailed_check,none,0,1,45.1,False,False,True,0
67,65.47,4368.99,one_year,bank_transfer,fiber,0,0,110.8,False,False,False,0
11,43.43,440.16,two_year,bank_transfer,dsl,0,0,69.6,True,False,True,1
6,81.01,490.22,month_to_month,credit_card,fiber,0,0,116.9,False,False,True,1
56,101.48,5540.48,one_year,bank_transfer,none,0,0,18.6,False,True,True,0
13,34.15,437.12,month_to_month,electronic_check,fiber,1,1,50.4,False,False,False,1
10,92.49,983.37,month_to_month,bank_transfer,fiber,1,1,38.0,False,False,False,0
34,18.0,624.42,month_to_month,credit_card,none,1,0,115.4,True,True,True,0
66,61.19,4124.19,month_to_month,bank_transfer,dsl,1,0,37.7,False,True,True,0
58,110.49,6374.46,one_year,credit_card,dsl,2,0,46.7,False,False,False,0
37,62.78,2281.52,month_to_month,bank_transfer,dsl,0,0,32.1,False,True,True,1
14,71.98,907.16,one_year,electronic_check,dsl,2,0,53.7,False,False,True,1
24,86.78,2046.2,two_year,credit_card,fiber,3,1,36.4,False,False,False,1
50,32.24,1788.93,two_year,credit_card,dsl,0,0,41.0,False,True,True,0
11,71.59,812.29,month_to_month,bank_transfer,fiber,1,0,24.0,False,False,True,1
38,71.41,2660.88,month_to_month,electronic_check,fiber,2,0,68.5,False,False,True,0
0,110.97,0.0,month_to_month,mailed_check,fiber,0,0,43.2,False,False,True,0
23,42.81,840.76,month_to_month,bank_transfer,dsl,1,0,68.2,True,False,True,1
18,61.61,1034.24,month_to_month,mailed_check,fiber,2,2,14.2,False,False,True,1
49,49.58,2497.75,one_year,mailed_check,fiber,0,1,26.8,False,True,False,0
66,47.24,3079.41,one_year,credit_card,dsl,0,0,14.6,False,True,True,0
10,94.8,861.76,month_to_month,mailed_check,fiber,0,0,41.1,True,True,False,1
58,70.59,4017.88,month_to_month,credit_card,fiber,2,1,124.9,False,False,False,0
47,57.78,2774.11,two_year,electronic_check,fiber,1,1,67.4,False,False,True,0
70,58.61,4095.39,two_year,electronic_check,fiber,1,0,63.4,False,False,True,0
66,57.61,3745.81,one_year,electronic_check,dsl,0,1,91.4,False,False,True,0
7,59.58,389.31,one_year,electronic_check,dsl,3,1,76.6,True,False,False,1
54,42.18,2476.25,one_year,electronic_check,fiber,2,0,18.0,False,False,True,0
43,64.31,2875.1,month_to_month,mailed_check,fiber,0,0,45.1,False,False,True,1
8,62.1,628.98,two_year,electronic_check,dsl,1,0,27.8,False,False,False,0
18,53.33,802.25,month_to_month,mailed_check,fiber,1,1,107.3,True,True,True,1
67,73.41,4904.87,one_year,bank_transfer,fiber,1,0,35.4,False,False,True,0
39,75.28,2877.89,month_to_month,mailed_check,dsl,2,1,35.0,False,True,True,0
24,57.75,1434.95,one_year,bank_transfer,dsl,0,0,43.1,False,False,False,1
23,66.83,1632.47,one_year,mailed_check,fiber,0,2,72.2,False,False,True,1
61,117.49,7196.27,one_year,electronic_check,fiber,1,0,33.1,False,True,False,0
20,116.65,2254.48,month_to_month,credit_card,dsl,1,0,70.7,False,False,True,0
11,46.81,455.42,one_year,electronic_check,fiber,2,1,49.8,False,False,True,1
41,49.88,2100.93,one_year,electronic_check,fiber,0,0,7.2,False,False,True,1
72,46.69,3426.49,one_year,credit_card,none,4,1,47.1,False,False,True,0
13,93.26,1225.07,month_to_month,credit_card,fiber,1,0,79.7,True,False,True,0
18,61.23,1113.82,month_to_month,mailed_check,dsl,0,0,55.1,False,False,False,1
34,75.27,2563.69,one_year,electronic_check,dsl,1,0,36.7,True,True,False,0
14,113.93,1619.24,month_to_month,mailed_check,fiber,2,0,145.5,False,False,False,1
47,69.77,3343.63,one_year,electronic_check,fiber,0,0,49.1,False,False,False,0
18,85.54,1596.43,month_to_month,bank_transfer,dsl,0,1,21.7,False,False,True,0
9,81.45,735.17,one_year,electronic_check,fiber,1,0,95.8,False,False,True,1
19,57.06,1079.73,month_to_month,mailed_check,fiber,3,1,19.3,False,False,True,1
67,93.3,6243.24,two_year,bank_transfer,none,0,1,64.8,False,False,False,0
68,51.31,3418.85,month_to_month,electronic_check,fiber,0,0,27.8,False,False,False,0
36,99.48,3509.91,month_to_month,mailed_check,dsl,0,0,16.8,False,False,True,0
29,57.08,1704.28,month_to_month,electronic_check,dsl,4,0,52.1,True,True,False,1
59,59.48,3445.16,two_year,mailed_check,dsl,1,0,33.0,False,True,False,0
14,46.05,717.95,month_to_month,electronic_check,fiber,1,1,67.3,False,False,True,1
47,49.67,2329.87,month_to_month,electronic_check,dsl,2,1,90.1,False,True,True,0
49,60.61,3043.65,month_to_month,electronic_check,dsl,1,0,87.0,False,False,True,1
51,18.0,975.33,one_year,bank_transfer,dsl,1,1,53.3,False,False,True,1
15,64.87,1048.91,month_to_month,bank_transfer,dsl,0,0,50.8,False,True,True,1
52,58.82,3015.77,one_year,bank_transfer,none,1,0,53.3,False,True,True,0
44,87.38,3881.52,month_to_month,electronic_check,fiber,1,1,122.7,False,False,False,1
63,79.31,5062.94,month_to_month,credit_card,fiber,0,0,27.9,False,False,True,0
12,54.43,513.54,month_to_month,credit_card,dsl,0,1,126.1,True,False,False,0
44,59.91,2789.19,one_year,electronic_check,fiber,1,1,13.9,False,False,True,1
60,64.84,4094.34,month_to_month,credit_card,none,1,0,112.5,False,False,False,0
20,102.69,2139.06,two_year,credit_card,fiber,0,0,55.2,False,True,True,0
54,51.91,2875.67,month_to_month,credit_card,fiber,0,0,121.0,False,False,False,0
7,54.17,432.18,one_year,bank_transfer,fiber,2,2,28.8,False,False,False,0
52,45.17,2319.73,month_to_month,electronic_check,fiber,0,0,70.4,False,True,False,0
44,37.4,1635.68,month_to_month,mailed_check,dsl,4,0,80.5,False,True,False,1
14,76.75,1161.3,two_year,bank_transfer,fiber,0,0,133.8,False,False,False,1
4,74.46,210.25,one_year,bank_transfer,none,0,0,133.0,False,False,False,1
54,98.22,5208.42,one_year,bank_transfer,fiber,1,2,46.1,False,False,True,0
17,92.91,1543.71,one_year,credit_card,dsl,0,2,35.2,False,False,True,1
36,122.74,4477.7,month_to_month,mailed_check,dsl,0,1,43.9,False,False,False,1
4,68.37,195.55,two_year,credit_card,fiber,1,0,97.4,False,True,True,1
70,64.27,4478.61,month_to_month,credit_card,none,0,0,61.0,True,False,True,0
40,41.4,1646.4,two_year,bank_transfer,fiber,0,0,148.6,False,False,False,0
68,85.32,5710.69,one_year,mailed_check,dsl,1,0,130.3,False,False,True,0
11,72.61,579.13,month_to_month,credit_card,fiber,1,1,67.4,False,False,False,1
15,84.33,1172.56,one_year,bank_transfer,fiber,1,1,98.9,False,False,False,1
44,44.94,2000.84,two_year,bank_transfer,fiber,1,0,39.0,False,True,True,0
44,77.74,3464.31,month_to_month,credit_card,fiber,2,1,85.5,False,False,True,1
57,74.51,4291.56,month_to_month,mailed_check,none,1,0,70.2,False,False,True,0
67,73.06,4949.88,one_year,credit_card,dsl,1,1,81.5,False,True,False,0
59,54.97,3186.85,month_to_month,bank_transfer,none,0,1,19.0,False,False,True,0
10,96.17,886.05,month_to_month,bank_transfer,dsl,0,0,105.1,False,False,True,1
22,115.11,2566.18,one_year,electronic_check,dsl,2,0,79.3,False,True,False,0
66,45.57,2988.56,two_year,mailed_check,none,3,0,39.9,False,False,True,0
40,85.85,3515.64,month_to_month,electronic_check,dsl,1,0,25.1,False,False,True,0
63,18.0,1168.32,two_year,bank_transfer,none,0,0,44.8,False,True,True,0
41,84.71,3588.65,month_to_month,bank_transfer,fiber,0,1,110.3,False,False,False,0
3,28.86,44.68,month_to_month,bank_transfer,dsl,2,1,45.0,False,True,True,1
34,58.45,2083.38,month_to_month,mailed_check,fiber,2,0,41.5,False,False,False,0
60,41.11,2649.72,month_to_month,credit_card,fiber,1,0,21.3,True,True,True,0
47,65.26,3072.06,one_year,electronic_check,fiber,2,1,72.5,True,False,False,0
9,88.45,840.99,month_to_month,credit_card,none,0,0,21.6,False,False,True,0
15,29.14,353.35,month_to_month,bank_transfer,dsl,1,1,48.1,False,False,True,1
62,62.09,3930.05,one_year,credit_card,fiber,0,0,6.4,False,True,True,0
71,58.71,4270.03,one_year,electronic_check,none,2,1,56.5,False,False,True,0
54,104.78,5613.62,one_year,credit_card,none,1,0,60.7,False,False,True,0
7,79.5,609.25,one_year,mailed_check,dsl,1,1,19.1,False,False,True,1
45,44.1,2009.74,two_year,bank_transfer,fiber,2,0,15.1,False,False,False,0
60,59.63,3612.97,one_year,mailed_check,fiber,1,0,79.6,False,True,False,0
46,104.23,4867.66,two_year,credit_card,none,1,0,31.8,True,True,True,1
43,85.72,3732.66,two_year,mailed_check,fiber,1,1,59.0,True,False,True,1
34,49.8,1680.69,two_year,bank_transfer,fiber,2,0,127.7,False,False,True,0
17,64.12,1165.04,month_to_month,electronic_check,fiber,5,0,13.2,True,False,True,1
20,64.83,1396.67,month_to_month,credit_card,dsl,1,0,32.5,True,False,True,0
54,58.16,3090.76,month_to_month,mailed_check,fiber,2,0,20.1,False,False,True,1
5,32.38,161.74,month_to_month,mailed_check,none,1,0,51.8,False,False,False,0
6,55.09,171.36,one_year,credit_card,dsl,1,0,129.1,True,False,False,0
28,100.56,2868.2,month_to_month,bank_transfer,none,0,1,40.2,False,False,False,0
56,61.61,3560.24,one_year,mailed_check,fiber,0,0,28.6,False,False,True,0
47,67.73,3160.15,two_year,electronic_check,fiber,0,1,114.8,False,True,True,1
43,73.09,3154.88,month_to_month,credit_card,dsl,1,0,33.5,False,False,False,0
38,118.8,4494.58,two_year,bank_transfer,none,1,1,20.0,False,False,True,1
8,70.2,527.05,one_year,electronic_check,fiber,1,0,95.7,False,True,True,1
24,94.07,2278.58,two_year,bank_transfer,fiber,1,1,30.1,True,False,True,0
5,56.84,213.62,month_to_month,electronic_check,dsl,3,2,36.0,False,False,True,1
55,64.29,3514.78,two_year,credit_card,dsl,0,0,52.9,False,False,True,0
54,70.28,3713.71,month_to_month,credit_card,fiber,0,0,170.6,False,True,True,1
18,52.97,1006.48,two_year,bank_transfer,fiber,3,1,71.7,False,False,False,1
21,65.52,1397.45,month_to_month,electronic_check,fiber,1,1,48.4,False,False,False,1
23,89.54,2020.61,month_to_month,credit_card,fiber,1,0,70.4,False,False,True,1
64,52.39,3356.3,month_to_month,electronic_check,fiber,2,2,71.4,False,False,True,1
35,70.0,2430.13,one_year,electronic_check,dsl,4,0,34.5,False,True,True,1
55,85.59,4810.4,two_year,bank_transfer,fiber,3,1,52.0,False,False,False,0
32,51.86,1619.83,one_year,electronic_check,fiber,0,1,106.3,False,True,False,0
50,94.1,4762.15,one_year,electronic_check,dsl,1,0,29.3,False,False,True,1
38,71.6,2657.33,month_to_month,electronic_check,fiber,0,1,13.2,False,False,False,1
20,66.37,1400.68,two_year,credit_card,dsl,2,0,27.3,True,False,True,1
63,25.82,1720.02,month_to_month,electronic_check,dsl,0,0,49.3,False,False,True,0
51,61.78,3248.39,two_year,credit_card,dsl,0,0,66.4,True,False,True,0
56,78.18,4510.47,one_year,bank_transfer,fiber,2,0,27.8,False,False,True,1
69,108.4,7505.92,month_to_month,electronic_check,fiber,1,0,63.7,True,False,True,0
18,82.49,1596.24,month_to_month,electronic_check,dsl,3,0,67.2,False,True,True,1
6,94.78,714.86,one_year,credit_card,fiber,1,2,31.8,False,False,False,1
42,43.4,1721.82,two_year,mailed_check,fiber,1,0,123.0,False,True,True,0
23,67.21,1491.54,one_year,electronic_check,dsl,0,0,15.3,True,False,True,1
31,96.86,2868.05,two_year,bank_transfer,fiber,2,0,11.1,False,False,True,0
17,50.47,953.49,two_year,mailed_check,dsl,1,1,28.8,False,True,False,0
29,91.23,2509.9,month_to_month,electronic_check,fiber,3,1,20.9,True,True,True,1
28,86.13,2251.45,month_to_month,electronic_check,fiber,1,2,53.1,False,False,True,1
25,76.04,1802.23,one_year,bank_transfer,none,1,2,24.4,True,False,True,0
54,62.77,3233.13,month_to_month,mailed_check,dsl,1,0,35.5,False,True,False,0
43,48.3,2101.39,one_year,electronic_check,fiber,1,0,26.0,True,True,True,0
34,109.06,3610.43,month_to_month,bank_transfer,fiber,2,1,40.8,False,False,False,0
8,83.9,519.07,one_year,bank_transfer,fiber,1,0,42.5,True,False,True,0
41,77.49,3173.32,month_to_month,credit_card,dsl,1,0,12.4,False,False,False,0
12,60.92,732.58,two_year,bank_transfer,dsl,1,3,29.4,True,False,True,0
22,70.83,1389.98,month_to_month,credit_card,fiber,1,0,46.3,False,False,True,0
30,73.62,2144.37,one_year,mailed_check,none,0,0,27.3,True,False,False,0
10,78.8,781.28,month_to_month,credit_card,dsl,2,0,76.7,False,False,False,1
28,86.16,2380.37,two_year,credit_card,dsl,0,1,68.7,False,False,True,0
19,52.79,973.36,month_to_month,bank_transfer,none,0,0,189.6,False,False,True,0
62,37.73,2445.4,one_year,electronic_check,fiber,1,1,62.7,False,True,True,0
62,71.85,4647.89,two_year,credit_card,fiber,2,1,9.6,True,False,False,0
0,31.56,0.0,month_to_month,electronic_check,fiber,0,4,98.7,False,False,True,1
43,62.88,2584.87,month_to_month,bank_transfer,fiber,1,1,16.7,False,False,False,0
46,58.8,2683.69,month_to_month,credit_card,fiber,2,0,39.2,False,False,True,1
27,80.82,2199.63,one_year,bank_transfer,none,1,0,126.6,False,True,False,0
34,113.62,3858.28,month_to_month,bank_transfer,dsl,2,0,6.6,False,True,False,0
57,27.22,1606.5,month_to_month,credit_card,dsl,0,0,6.0,False,False,False,0
27,120.03,3439.88,month_to_month,bank_transfer,dsl,1,0,107.0,False,False,True,1
4,64.87,105.3,month_to_month,electronic_check,fiber,1,0,17.3,True,True,True,0
27,77.65,2050.91,month_to_month,credit_card,fiber,1,0,38.6,False,True,True,1
18,38.87,838.36,month_to_month,electronic_check,fiber,2,0,17.6,False,False,True,1
27,91.93,2435.13,one_year,electronic_check,dsl,1,0,45.8,False,False,True,0
16,70.91,1205.61,one_year,bank_transfer,dsl,1,0,11.9,False,False,False,1
10,68.65,743.28,month_to_month,mailed_check,dsl,1,0,55.9,False,False,False,0
71,27.38,2055.3,two_year,credit_card,none,2,1,32.0,False,False,True,0
9,71.62,816.78,month_to_month,electronic_check,fiber,0,1,53.3,False,True,True,0
51,88.61,4549.09,two_year,electronic_check,fiber,2,0,119.2,False,True,False,0
52,64.8,3212.48,one_year,electronic_check,fiber,0,0,67.3,False,False,False,0
45,95.83,4249.31,month_to_month,mailed_check,none,2,1,187.9,False,False,True,1
66,94.92,6461.46,one_year,credit_card,fiber,1,1,43.1,False,False,True,0
0,55.9,0.0,month_to_month,mailed_check,fiber,0,0,46.8,False,False,True,1
22,105.09,2356.69,two_year,credit_card,none,1,1,24.6,True,True,True,0
13,71.0,696.69,one_year,credit_card,fiber,3,0,1.9,False,False,False,0
42,71.09,2864.17,month_to_month,bank_transfer,fiber,2,2,126.9,False,True,True,1
46,72.18,3400.1,month_to_month,electronic_check,fiber,0,0,110.2,False,False,True,0
65,71.52,4652.04,one_year,bank_transfer,fiber,2,2,28.5,False,False,True,0
27,18.0,452.12,month_to_month,bank_transfer,dsl,0,1,63.8,False,True,True,1
17,65.92,1047.35,month_to_month,electronic_check,none,1,0,56.4,False,True,True,1
67,39.99,2499.64,two_year,electronic_check,fiber,0,1,37.6,False,True,False,1
49,105.78,5245.63,month_to_month,credit_card,dsl,2,0,27.5,False,True,False,0
55,104.89,5743.47,month_to_month,mailed_check,fiber,0,0,10.1,False,True,True,1
32,88.74,2702.71,month_to_month,mailed_check,dsl,0,0,40.5,False,False,True,0
32,64.75,2074.72,one_year,electronic_check,fiber,1,0,27.0,True,False,True,0
28,47.82,1391.27,one_year,bank_transfer,fiber,2,0,35.4,False,False,True,0
54,55.53,2980.56,one_year,bank_transfer,fiber,0,0,65.2,False,False,True,0
15,112.74,1701.54,two_year,mailed_check,none,0,0,38.9,False,True,True,0
71,54.77,3892.1,month_to_month,electronic_check,fiber,1,2,78.7,False,False,False,1
12,18.18,154.55,month_to_month,mailed_check,fiber,0,0,31.0,False,False,False,1
33,92.66,3062.66,month_to_month,bank_transfer,fiber,1,0,56.8,False,True,True,0
22,103.01,2332.39,month_to_month,credit_card,none,0,3,8.3,False,True,True,1
46,106.5,4992.12,month_to_month,electronic_check,fiber,0,0,36.2,False,False,False,0
49,92.84,4620.33,month_to_month,electronic_check,none,2,0,57.0,False,False,False,1
67,96.43,6400.05,two_year,electronic_check,fiber,2,0,43.5,False,False,True,0
57,71.16,4113.38,month_to_month,mailed_check,fiber,1,0,54.9,False,False,True,1
18,24.32,479.65,two_year,bank_transfer,fiber,1,0,11.2,False,True,True,1
15,70.61,995.28,two_year,mailed_check,fiber,0,1,22.1,False,False,False,0
64,83.67,5313.09,month_to_month,credit_card,dsl,2,1,37.4,False,False,True,1
35,67.02,2406.87,two_year,mailed_check,fiber,2,1,33.5,False,False,True,1
7,66.02,586.06,one_year,mailed_check,fiber,0,0,67.8,False,False,False,0
60,48.79,2764.35,month_to_month,electronic_check,fiber,0,1,9.7,False,False,False,0
47,47.96,2401.73,one_year,electronic_check,dsl,1,0,150.7,False,False,True,0
1,110.44,215.21,month_to_month,bank_transfer,fiber,2,1,31.7,False,True,True,1
57,111.24,6358.6,month_to_month,bank_transfer,fiber,1,0,108.3,False,False,True,1
44,69.94,3055.7,two_year,electronic_check,dsl,3,1,14.8,False,True,True,0
44,76.19,3387.5,one_year,bank_transfer,dsl,0,0,54.7,False,False,True,0
63,48.42,2992.81,month_to_month,electronic_check,dsl,1,2,113.0,False,False,True,0
36,84.14,3013.05,one_year,credit_card,fiber,0,0,60.3,True,False,False,0
33,108.71,3454.68,two_year,mailed_check,dsl,1,1,41.9,False,False,True,0
45,36.36,1479.46,month_to_month,electronic_check,fiber,3,2,29.9,False,False,True,1
14,80.21,1332.85,month_to_month,electronic_check,fiber,2,0,4.2,False,False,True,0
11,81.86,906.14,month_to_month,bank_transfer,fiber,1,1,78.3,False,False,True,1
61,81.61,4996.54,two_year,bank_transfer,none,0,1,26.0,True,False,True,0
15,106.14,1589.33,month_to_month,electronic_check,fiber,0,1,64.1,False,False,False,1
36,114.79,4057.94,month_to_month,credit_card,fiber,2,0,92.7,False,True,False,0
19,64.86,1204.7,one_year,credit_card,fiber,3,1,51.6,False,True,False,1
16,84.81,1365.17,month_to_month,bank_transfer,fiber,1,1,45.3,False,False,False,1
43,71.85,3071.85,month_to_month,bank_transfer,fiber,1,0,72.0,False,False,True,1
58,56.09,3185.52,two_year,electronic_check,fiber,0,0,94.0,False,False,True,0
32,75.96,2473.87,one_year,electronic_check,dsl,1,1,21.0,False,False,False,0
10,84.77,864.65,month_to_month,electronic_check,fiber,1,1,42.4,False,False,True,1
17,74.77,1306.45,two_year,electronic_check,dsl,0,0,56.9,False,False,False,0
12,50.61,670.77,month_to_month,electronic_check,fiber,0,0,57.9,False,False,False,0
64,59.8,3811.85,month_to_month,bank_transfer,fiber,1,1,46.2,True,True,True,1
23,59.97,1364.11,month_to_month,bank_transfer,fiber,3,0,63.5,False,False,True,1
27,51.47,1523.11,month_to_month,electronic_check,fiber,1,0,123.1,True,True,True,1
5,76.9,299.54,one_year,mailed_check,fiber,2,2,52.4,False,True,True,1
32,79.2,2365.77,month_to_month,credit_card,fiber,1,0,11.4,False,True,True,0
66,91.55,6092.3,month_to_month,bank_transfer,fiber,6,0,8.4,False,True,True,1
29,51.13,1426.13,two_year,mailed_check,dsl,2,1,23.2,False,False,True,0
47,57.3,2596.14,month_to_month,electronic_check,dsl,1,0,47.5,False,True,False,1
13,104.2,1434.27,month_to_month,bank_transfer,fiber,1,0,87.1,True,False,False,1
10,66.38,650.77,month_to_month,electronic_check,fiber,2,0,34.1,False,False,False,1
53,70.66,3631.26,two_year,mailed_check,fiber,3,0,80.5,False,False,True,1
4,66.15,438.75,month_to_month,electronic_check,dsl,3,1,75.5,False,False,True,1
32,94.93,2892.8,month_to_month,bank_transfer,fiber,2,0,21.9,False,True,True,1
23,95.78,2195.14,two_year,electronic_check,fiber,3,0,21.9,False,False,True,1
1,94.49,0.0,month_to_month,credit_card,dsl,1,0,3.7,False,False,False,1
38,70.58,2706.4,two_year,electronic_check,dsl,1,1,84.6,False,True,True,1
70,50.81,3499.0,one_year,bank_transfer,dsl,1,0,27.3,False,True,False,0
5,112.35,635.48,two_year,electronic_check,dsl,2,0,30.5,False,True,True,0
59,88.84,5240.0,month_to_month,electronic_check,fiber,2,0,52.7,False,False,True,0
39,59.95,2459.6,two_year,electronic_check,fiber,1,0,7.7,True,False,False,0
52,101.32,5229.97,month_to_month,electronic_check,dsl,6,0,29.7,False,True,True,1
7,58.22,263.13,month_to_month,electronic_check,dsl,2,0,29.2,True,False,True,1
63,101.04,6386.9,one_year,credit_card,fiber,1,0,7.3,False,True,False,0
0,102.52,0.0,month_to_month,credit_card,fiber,3,0,48.3,True,False,True,1
66,49.73,3118.45,month_to_month,mailed_check,fiber,0,1,100.9,False,True,True,0
48,82.8,3879.42,one_year,credit_card,none,3,1,27.2,False,True,True,0
24,87.21,2026.7,month_to_month,electronic_check,fiber,0,0,74.1,False,False,False,0
0,127.53,139.98,month_to_month,bank_transfer,none,2,0,26.4,False,False,False,1
44,53.67,2425.15,month_to_month,electronic_check,none,2,1,32.6,True,False,True,1
6,101.52,577.82,month_to_month,bank_transfer,dsl,0,1,93.1,True,False,True,1
44,70.38,3139.1,one_year,credit_card,none,1,1,19.4,False,False,False,0
56,42.69,2207.09,one_year,electronic_check,fiber,2,2,36.3,False,True,True,0
19,67.36,1229.0,month_to_month,mailed_check,fiber,5,0,112.8,False,False,False,1
17,70.05,1226.94,month_to_month,credit_card,fiber,0,0,24.9,True,False,True,1
16,46.7,762.08,month_to_month,mailed_check,dsl,1,0,73.5,False,False,False,0
16,76.87,1181.38,month_to_month,credit_card,none,1,0,77.8,True,True,True,1
8,91.07,725.11,month_to_month,credit_card,fiber,1,1,64.7,False,False,True,0
18,75.24,1384.75,one_year,credit_card,fiber,1,0,55.9,False,False,False,1
48,58.08,2787.0,month_to_month,credit_card,fiber,3,0,77.3,False,True,True,1
22,66.73,1545.55,one_year,bank_transfer,fiber,1,1,7.0,False,False,True,1
57,69.9,4012.98,month_to_month,electronic_check,dsl,0,0,102.2,False,True,False,0
59,74.78,4458.03,month_to_month,credit_card,dsl,0,0,48.5,True,False,False,1
55,94.42,5347.32,month_to_month,electronic_check,none,0,0,51.0,False,False,True,1
39,75.98,3037.7,month_to_month,credit_card,fiber,0,0,41.8,False,False,True,0
23,39.14,1056.91,one_year,electronic_check,dsl,0,1,12.2,False,True,True,0
67,57.63,3800.74,one_year,electronic_check,fiber,0,0,117.1,False,False,True,0
14,73.65,887.78,two_year,credit_card,dsl,5,0,10.0,False,False,True,0
33,94.73,3113.46,month_to_month,bank_transfer,dsl,2,0,28.3,True,False,True,1
33,98.55,3231.85,month_to_month,mailed_check,dsl,0,1,102.2,False,False,True,0
54,109.04,6019.51,two_year,electronic_check,fiber,0,0,80.1,True,False,True,0
39,72.87,2740.23,one_year,credit_card,fiber,3,0,23.5,False,False,True,0
58,86.79,5026.72,month_to_month,electronic_check,none,0,2,12.9,False,False,True,0
67,38.0,2582.47,month_to_month,credit_card,dsl,2,0,38.4,True,False,False,1
28,79.46,2233.89,month_to_month,credit_card,dsl,2,1,13.8,False,False,True,1
63,46.34,2903.98,month_to_month,electronic_check,fiber,1,0,7.7,False,True,True,0
12,68.62,855.71,one_year,bank_transfer,fiber,1,2,63.1,False,False,True,1
66,130.0,8677.12,month_to_month,electronic_check,dsl,0,0,192.1,False,False,False,0
12,76.68,1058.38,two_year,electronic_check,dsl,1,0,20.1,False,False,False,1
62,51.0,3164.95,month_to_month,mailed_check,fiber,1,0,94.9,False,False,True,0
28,78.97,2137.73,one_year,mailed_check,fiber,2,0,61.6,False,False,False,0
70,58.62,4241.51,month_to_month,credit_card,fiber,1,1,52.9,False,False,False,0
9,48.86,342.75,one_year,electronic_check,fiber,0,1,47.8,False,True,True,0
33,116.27,3998.06,two_year,electronic_check,fiber,2,2,4.9,False,False,False,1
65,93.47,6196.52,month_to_month,electronic_check,dsl,0,0,51.9,False,False,True,0
3,77.6,366.85,month_to_month,bank_transfer,dsl,2,0,29.7,False,False,False,1
19,61.38,1227.91,month_to_month,bank_transfer,fiber,3,0,22.7,False,True,False,1
6,63.16,188.84,month_to_month,electronic_check,none,1,0,121.3,False,False,False,0
23,103.93,2296.87,two_year,credit_card,none,1,0,63.1,False,False,True,1
28,76.74,2176.34,one_year,electronic_check,dsl,0,2,18.5,False,True,True,1
45,18.0,749.19,one_year,bank_transfer,dsl,1,0,56.7,False,False,True,0
18,123.26,2190.3,month_to_month,electronic_check,dsl,2,0,34.7,False,False,True,1
11,74.03,869.48,two_year,bank_transfer,fiber,2,0,23.5,False,True,True,0
12,77.55,915.3,one_year,bank_transfer,fiber,1,1,26.1,False,True,True,1
68,93.91,6276.17,month_to_month,electronic_check,fiber,2,1,61.4,True,False,True,1
69,80.24,5616.27,two_year,mailed_check,fiber,0,0,98.0,False,True,False,0
16,86.43,1429.22,month_to_month,bank_transfer,none,2,0,37.8,True,False,True,1
14,60.68,827.11,month_to_month,credit_card,none,2,0,67.9,False,True,True,1
3,42.94,192.83,two_year,electronic_check,dsl,2,0,44.4,False,True,True,0
70,76.17,5340.45,month_to_month,electronic_check,dsl,1,0,27.4,True,False,False,0
51,101.5,5296.32,month_to_month,electronic_check,none,2,0,16.0,False,True,True,0
55,55.75,3079.86,month_to_month,credit_card,dsl,2,1,30.2,False,False,False,0
21,53.98,1252.73,two_year,electronic_check,fiber,2,0,32.8,True,False,False,0
46,96.86,4286.93,month_to_month,bank_transfer,none,1,0,8.7,False,True,False,0
4,59.94,281.09,month_to_month,credit_card,dsl,0,0,94.5,False,False,True,0
49,60.97,2951.72,month_to_month,credit_card,fiber,2,0,96.5,False,False,True,1
42,61.79,2517.87,month_to_month,mailed_check,fiber,0,0,50.1,False,False,True,0
24,68.57,1749.95,month_to_month,credit_card,dsl,0,1,111.4,False,False,True,0
51,35.38,1884.4,two_year,credit_card,fiber,1,0,19.3,True,True,True,0
47,58.13,2551.53,one_year,mailed_check,dsl,0,1,14.5,False,False,True,1
32,75.07,2466.63,two_year,credit_card,dsl,0,0,64.3,False,False,True,0
13,74.91,1027.3,one_year,credit_card,fiber,1,0,24.9,True,False,False,1
1,95.48,30.4,month_to_month,credit_card,fiber,2,1,131.0,False,True,True,1
68,110.47,7436.78,month_to_month,bank_transfer,dsl,1,0,43.9,False,False,True,0
20,103.27,1922.25,month_to_month,bank_transfer,fiber,0,2,85.0,True,False,False,1
22,90.12,1952.26,month_to_month,bank_transfer,dsl,2,0,25.4,False,True,True,1
49,66.73,3253.8,one_year,electronic_check,none,2,1,25.2,False,False,False,0
18,56.29,1084.95,month_to_month,mailed_check,dsl,2,0,70.5,True,False,True,0
27,70.39,1924.77,one_year,credit_card,dsl,2,1,33.1,False,False,False,0
51,82.88,4131.49,month_to_month,bank_transfer,none,2,0,36.3,False,False,True,0
43,88.08,3808.94,month_to_month,electronic_check,none,2,0,21.0,True,False,True,0
47,83.71,3911.51,two_year,credit_card,none,0,0,75.3,True,False,True,0
0,67.33,0.0,month_to_month,mailed_check,fiber,1,2,68.3,False,True,True,1
32,87.31,2650.86,month_to_month,bank_transfer,fiber,0,0,23.0,False,False,False,0
34,97.74,3379.39,month_to_month,electronic_check,dsl,0,0,30.4,False,False,True,0
46,89.36,4150.74,month_to_month,bank_transfer,fiber,1,0,30.9,False,True,True,0
11,69.3,812.41,month_to_month,electronic_check,dsl,2,0,26.9,False,False,True,1
11,51.66,502.72,two_year,credit_card,dsl,2,1,62.7,False,False,True,1
55,51.13,2827.55,two_year,electronic_check,none,1,0,54.9,True,True,False,0
49,55.01,2571.71,one_year,electronic_check,fiber,0,0,23.2,False,False,False,0
59,75.66,4375.15,one_year,electronic_check,dsl,0,0,131.7,False,True,True,0
19,81.44,1550.4,month_to_month,bank_transfer,dsl,0,0,55.1,False,True,False,0
72,38.88,2822.97,two_year,bank_transfer,dsl,1,0,32.1,False,False,True,0
19,58.91,972.7,month_to_month,electronic_check,fiber,1,1,26.3,False,False,True,1
47,75.35,3446.27,month_to_month,credit_card,fiber,2,2,27.9,False,True,False,1
11,50.21,519.42,two_year,credit_card,dsl,1,1,10.4,True,True,True,1
67,79.55,5416.12,month_to_month,mailed_check,dsl,2,0,14.3,True,True,False,0
24,63.24,1444.58,month_to_month,bank_transfer,dsl,1,0,38.6,True,False,True,0
58,54.08,3149.29,one_year,mailed_check,fiber,1,1,45.7,True,False,True,0
24,71.17,1730.17,month_to_month,bank_transfer,fiber,2,0,47.0,False,False,False,1
57,78.63,4459.44,month_to_month,bank_transfer,fiber,0,0,22.9,False,False,True,1
33,51.33,1718.01,month_to_month,electronic_check,dsl,0,0,24.4,True,True,True,1
4,64.66,137.6,one_year,mailed_check,dsl,3,0,84.2,False,False,True,1
13,80.29,984.75,month_to_month,bank_transfer,fiber,3,0,31.3,False,False,True,1
49,53.23,2737.36,month_to_month,electronic_check,fiber,0,1,54.8,False,True,True,1
14,33.53,604.85,month_to_month,electronic_check,fiber,1,0,54.5,False,True,False,0
20,36.2,799.86,month_to_month,credit_card,fiber,3,1,21.9,False,True,True,1
39,60.8,2470.24,month_to_month,electronic_check,fiber,2,0,110.0,False,True,False,0
18,40.99,573.49,month_to_month,mailed_check,none,2,1,250.0,False,True,False,0
9,62.35,475.77,month_to_month,electronic_check,fiber,0,1,80.0,False,True,False,1
45,106.63,4770.35,month_to_month,electronic_check,fiber,2,0,59.9,False,False,True,0
50,39.67,2200.91,month_to_month,electronic_check,dsl,1,0,80.8,False,True,False,1
53,63.78,3352.16,month_to_month,credit_card,none,1,0,86.0,False,False,False,0
68,116.91,8016.92,two_year,bank_transfer,dsl,1,0,51.7,False,True,True,0
9,78.98,744.87,month_to_month,credit_card,fiber,1,0,67.8,True,True,False,0
31,61.91,1951.26,month_to_month,electronic_check,fiber,2,1,49.8,False,False,True,1
17,66.55,1129.23,month_to_month,mailed_check,fiber,1,0,51.7,False,False,True,1
65,79.45,5056.25,one_year,credit_card,fiber,1,0,113.1,False,False,False,0
39,107.31,3941.99,month_to_month,electronic_check,dsl,4,0,62.7,False,False,True,1
7,58.32,523.61,one_year,electronic_check,dsl,0,0,69.6,False,True,True,0
50,53.33,2611.02,one_year,credit_card,fiber,1,0,57.6,True,False,True,0
3,39.67,0.0,month_to_month,credit_card,dsl,1,2,57.1,False,False,True,1
20,72.27,1484.82,month_to_month,credit_card,dsl,0,0,178.9,True,True,False,0
52,39.07,2069.33,two_year,electronic_check,dsl,2,1,78.5,False,True,True,0
36,59.8,2221.91,month_to_month,mailed_check,fiber,2,1,89.4,False,False,True,0
55,50.01,2850.96,month_to_month,electronic_check,none,3,1,56.8,False,False,True,1
41,93.63,3756.12,month_to_month,electronic_check,fiber,0,0,66.7,False,False,False,0
61,58.82,3509.27,month_to_month,bank_transfer,fiber,2,0,100.7,False,False,False,0
41,78.73,3199.25,one_year,bank_transfer,fiber,1,0,91.5,False,False,True,0
4,34.71,212.79,month_to_month,mailed_check,dsl,1,0,29.5,True,False,False,1
5,72.89,175.21,month_to_month,credit_card,none,0,1,35.6,False,False,False,0
56,43.53,2449.22,one_year,electronic_check,fiber,2,0,13.6,True,False,False,0
2,60.64,205.17,two_year,mailed_check,fiber,2,0,30.9,False,False,False,1
27,118.65,3283.73,month_to_month,credit_card,none,1,0,12.8,True,False,True,1
1,90.51,154.28,one_year,bank_transfer,dsl,2,0,19.8,False,False,True,0
22,67.17,1573.41,month_to_month,electronic_check,none,2,1,60.0,False,False,True,1
43,130.0,5342.75,one_year,electronic_check,dsl,2,1,30.9,False,True,False,0
12,49.87,743.65,month_to_month,mailed_check,dsl,1,0,57.9,False,False,True,0
34,95.63,3281.16,month_to_month,mailed_check,fiber,2,0,32.3,True,False,False,0
72,36.28,2732.28,two_year,mailed_check,fiber,2,2,93.8,False,True,True,0
5,64.63,217.43,one_year,bank_transfer,dsl,1,0,13.3,False,False,True,0
4,40.35,3.56,month_to_month,credit_card,fiber,1,0,42.4,False,False,False,1
19,75.66,1598.31,two_year,credit_card,fiber,0,0,31.6,False,False,False,0
60,71.23,4190.41,month_to_month,electronic_check,dsl,4,0,14.3,False,True,False,0
29,63.23,1805.69,one_year,bank_transfer,fiber,2,1,14.2,False,True,True,1
46,94.03,4372.85,one_year,bank_transfer,dsl,4,0,49.9,False,True,True,0
2,57.52,184.6,two_year,bank_transfer,fiber,0,0,46.7,False,False,True,0
53,77.19,4188.13,month_to_month,credit_card,dsl,1,1,14.7,True,False,False,1
4,88.05,372.3,one_year,electronic_check,fiber,1,0,2.7,False,True,True,1
51,37.37,1810.98,one_year,bank_transfer,dsl,1,0,68.5,False,True,True,0
10,53.53,598.9,month_to_month,mailed_check,fiber,1,0,41.5,False,True,True,1
62,71.18,4478.19,two_year,credit_card,fiber,1,1,87.7,False,False,False,0
21,83.86,1597.71,month_to_month,electronic_check,fiber,3,0,31.5,True,False,True,0
13,101.27,1444.19,month_to_month,mailed_check,fiber,0,1,102.7,False,False,False,0
24,65.25,1342.16,one_year,bank_transfer,dsl,0,0,25.8,False,False,True,0
0,63.04,93.1,month_to_month,bank_transfer,fiber,1,1,15.3,False,False,True,1
12,50.8,552.53,two_year,mailed_check,dsl,0,0,68.5,False,False,False,0
43,77.26,3385.68,month_to_month,bank_transfer,fiber,1,0,11.1,False,True,False,1
21,63.46,1378.58,month_to_month,bank_transfer,dsl,3,0,91.5,False,False,True,1
25,63.97,1595.91,one_year,bank_transfer,dsl,3,1,42.1,False,False,True,1
58,67.93,3980.54,two_year,credit_card,fiber,0,0,95.4,False,False,False,0
9,82.14,731.48,one_year,electronic_check,fiber,2,1,109.6,False,True,True,1
28,57.6,1677.06,month_to_month,electronic_check,fiber,3,0,41.1,False,True,True,0
13,53.01,885.8,month_to_month,bank_transfer,fiber,2,0,48.9,False,False,False,0
35,79.5,2661.79,one_year,electronic_check,fiber,3,1,60.5,False,False,True,0
24,18.0,145.07,two_year,mailed_check,none,3,0,138.5,True,False,True,1
3,56.72,132.75,one_year,credit_card,fiber,1,1,34.7,False,True,False,0
5,44.67,179.79,one_year,bank_transfer,none,2,0,32.2,False,False,True,1
62,96.47,5947.16,month_to_month,electronic_check,none,0,1,85.4,False,False,True,0
4,60.3,157.82,month_to_month,credit_card,fiber,2,1,22.1,False,False,True,1
57,57.66,3365.14,month_to_month,credit_card,dsl,1,0,8.3,True,False,True,1
66,68.93,4425.06,month_to_month,bank_transfer,none,0,0,110.1,False,True,True,0
34,56.9,1975.17,month_to_month,electronic_check,fiber,1,0,22.4,False,False,False,1
22,61.14,1402.54,one_year,credit_card,dsl,1,1,131.0,False,False,False,0
56,72.14,4068.32,month_to_month,mailed_check,dsl,2,0,58.9,True,False,False,0
71,60.72,4354.96,month_to_month,bank_transfer,dsl,0,1,10.7,False,False,True,0
8,60.56,569.91,two_year,bank_transfer,dsl,2,0,24.3,True,False,True,1
70,47.78,3349.42,month_to_month,bank_transfer,fiber,2,0,25.9,False,False,False,0
68,44.62,3002.98,one_year,bank_transfer,fiber,1,0,43.1,False,True,True,0
10,71.33,757.07,one_year,credit_card,dsl,0,0,89.7,True,True,True,0
3,76.75,284.28,two_year,credit_card,fiber,3,0,37.3,False,False,True,0
52,38.58,2086.23,two_year,electronic_check,dsl,1,1,29.3,False,False,True,1
5,86.72,279.48,one_year,electronic_check,fiber,4,0,90.0,False,False,True,0
43,86.81,3716.31,month_to_month,credit_card,fiber,2,1,19.1,True,False,True,1
4,91.44,269.88,one_year,mailed_check,none,1,0,80.3,False,True,True,0
50,76.6,3880.49,two_year,bank_transfer,dsl,1,1,80.9,False,True,True,0
16,84.02,1409.72,month_to_month,credit_card,dsl,0,0,62.5,False,True,True,0
7,118.07,801.79,one_year,bank_transfer,none,0,0,5.7,False,False,True,1
4,63.37,187.85,month_to_month,credit_card,fiber,2,0,53.9,False,False,False,1
13,46.99,664.6,one_year,electronic_check,dsl,1,0,28.6,False,False,True,0
39,36.25,1401.76,month_to_month,electronic_check,fiber,4,0,34.9,False,True,True,0
5,108.62,671.48,one_year,bank_transfer,dsl,1,1,12.2,False,False,True,0
58,108.91,6476.35,month_to_month,bank_transfer,dsl,0,2,4.5,True,False,True,0
44,49.66,2275.1,month_to_month,credit_card,none,0,1,41.6,False,True,True,1
21,54.0,1154.94,month_to_month,bank_transfer,fiber,1,0,52.9,False,False,True,0
72,62.87,4690.94,one_year,credit_card,dsl,0,0,50.5,False,False,True,0
48,96.93,4674.3,two_year,electronic_check,fiber,2,1,31.7,False,True,True,1
49,41.68,1999.19,month_to_month,bank_transfer,dsl,2,0,12.2,False,True,False,0
12,26.73,259.98,month_to_month,electronic_check,none,1,0,14.7,True,False,False,1
51,117.69,5938.87,one_year,electronic_check,dsl,2,0,162.2,False,False,False,0
40,76.87,3074.23,one_year,credit_card,dsl,2,0,23.9,False,True,False,0
71,80.0,5721.68,month_to_month,electronic_check,dsl,2,0,85.9,False,False,True,1
34,65.49,2099.3,one_year,bank_transfer,fiber,0,0,4.8,False,False,False,0
49,80.25,3891.85,two_year,electronic_check,dsl,1,0,45.4,False,False,True,0
24,36.69,899.72,month_to_month,credit_card,dsl,5,2,46.5,True,False,True,1
2,51.5,160.93,month_to_month,credit_card,dsl,2,1,38.6,False,True,False,1
9,72.31,648.46,month_to_month,bank_transfer,none,2,0,62.4,False,False,False,1
63,20.04,1284.53,two_year,electronic_check,fiber,3,0,3.1,False,False,True,0
53,63.34,3245.55,two_year,bank_transfer,fiber,4,0,46.1,False,False,True,1
26,61.99,1529.68,month_to_month,credit_card,dsl,1,0,31.8,False,False,True,0
50,63.34,3161.52,two_year,electronic_check,fiber,1,0,31.4,False,False,False,0
0,57.88,45.95,month_to_month,electronic_check,dsl,1,1,30.9,True,True,True,1
2,48.09,117.0,one_year,mailed_check,none,0,0,56.2,False,True,True,1
37,29.92,1030.65,one_year,credit_card,dsl,1,2,32.5,False,False,False,0
45,73.18,3271.81,two_year,credit_card,dsl,1,0,33.7,False,False,False,0
68,63.4,4447.27,one_year,electronic_check,none,1,1,28.4,False,True,True,0
55,39.74,2234.68,month_to_month,credit_card,dsl,1,0,163.2,False,True,False,1
18,71.38,1270.21,month_to_month,electronic_check,fiber,1,0,4.1,False,False,True,1
59,63.51,3654.76,month_to_month,electronic_check,dsl,1,0,41.0,False,False,False,1
35,59.86,2030.9,two_year,bank_transfer,dsl,0,0,25.0,False,False,True,0
60,22.55,1353.59,month_to_month,mailed_check,none,1,0,24.8,False,True,False,0
12,85.02,1045.08,month_to_month,electronic_check,fiber,1,0,7.9,True,False,True,1
1,42.87,93.77,month_to_month,electronic_check,fiber,1,0,11.9,False,False,True,1
4,71.39,320.48,month_to_month,credit_card,fiber,2,1,69.2,False,False,True,1
72,52.22,3726.52,month_to_month,mailed_check,fiber,1,0,93.0,False,True,False,0
5,61.45,261.25,month_to_month,credit_card,dsl,1,0,10.9,False,False,True,1
68,95.35,6668.03,month_to_month,electronic_check,dsl,0,0,56.4,True,False,True,0
53,81.7,4280.02,month_to_month,bank_transfer,fiber,2,0,57.9,False,False,True,0
10,94.86,832.35,month_to_month,credit_card,fiber,1,0,51.1,True,False,True,1
63,77.27,4720.53,two_year,electronic_check,fiber,2,0,42.7,False,False,True,0
10,78.72,755.41,one_year,mailed_check,dsl,2,0,77.8,False,False,False,1
10,30.81,392.7,one_year,electronic_check,dsl,1,0,18.5,False,True,True,0
42,63.01,2594.58,two_year,credit_card,none,1,0,20.2,False,False,True,0
21,65.05,1499.03,one_year,bank_transfer,dsl,1,0,54.7,False,False,True,1
21,96.92,2034.66,one_year,credit_card,fiber,1,0,66.3,False,False,True,1
14,58.86,923.9,month_to_month,electronic_check,fiber,0,1,42.0,False,False,False,0
44,75.83,3268.33,month_to_month,credit_card,dsl,1,0,44.7,True,False,True,1
1,74.97,8.17,month_to_month,bank_transfer,dsl,2,0,80.8,False,False,False,1
17,95.47,1631.18,two_year,bank_transfer,fiber,1,0,96.0,True,True,True,1
40,67.06,2725.83,month_to_month,electronic_check,fiber,2,1,156.3,False,True,False,0
35,88.21,3071.24,month_to_month,electronic_check,dsl,2,0,18.1,False,True,False,1
51,32.49,1683.31,two_year,mailed_check,dsl,1,0,18.4,False,False,True,0
15,34.49,570.31,month_to_month,bank_transfer,fiber,0,0,190.4,False,False,False,1
47,19.77,801.34,one_year,credit_card,dsl,0,1,46.2,False,True,True,0
55,87.29,4770.27,one_year,bank_transfer,dsl,0,0,66.2,False,True,True,0
28,84.82,2328.28,month_to_month,electronic_check,fiber,1,1,28.2,False,False,True,0
18,89.73,1572.83,month_to_month,mailed_check,none,1,0,77.3,False,False,False,0
40,55.1,2240.62,month_to_month,bank_transfer,fiber,2,0,10.6,True,True,True,0
42,57.6,2373.77,one_year,mailed_check,fiber,1,2,13.1,False,False,False,1
6,67.34,223.58,two_year,credit_card,dsl,1,0,118.8,False,False,True,0
41,101.76,4150.87,two_year,bank_transfer,fiber,1,1,77.1,False,True,True,0
11,107.26,1084.06,month_to_month,electronic_check,dsl,1,3,27.4,False,False,True,1
41,87.46,3630.53,month_to_month,electronic_check,none,2,1,78.3,False,False,True,0
68,77.28,5327.55,one_year,electronic_check,fiber,2,0,41.4,False,False,False,0
39,99.38,3680.09,one_year,mailed_check,fiber,1,0,13.7,True,False,False,0
55,64.37,3470.67,month_to_month,bank_transfer,fiber,0,0,51.4,False,False,True,0
22,61.4,1382.6,month_to_month,credit_card,fiber,0,0,42.7,False,False,True,1
67,67.16,4372.92,month_to_month,electronic_check,dsl,1,1,23.3,False,False,True,0
59,48.47,2930.17,month_to_month,credit_card,fiber,1,1,17.4,True,False,True,0
66,66.15,4460.34,one_year,credit_card,fiber,1,0,80.7,False,False,True,0
54,45.42,2438.1,two_year,credit_card,dsl,1,0,48.6,False,False,True,0
47,92.55,4280.2,month_to_month,bank_transfer,dsl,5,2,46.7,False,False,True,1
38,81.96,2906.53,month_to_month,electronic_check,none,0,1,12.9,True,False,False,1
67,101.45,6870.41,month_to_month,credit_card,fiber,1,0,30.0,False,False,False,1
61,34.16,2263.99,month_to_month,electronic_check,dsl,2,1,50.6,False,False,False,0
30,111.84,3516.81,month_to_month,electronic_check,fiber,1,1,17.1,False,False,False,0
6,35.41,194.91,month_to_month,electronic_check,none,1,3,89.0,False,False,True,1
0,43.64,0.0,month_to_month,bank_transfer,none,2,0,126.2,True,True,True,0
17,56.34,1033.17,one_year,electronic_check,dsl,0,0,69.6,False,False,True,0
4,98.77,383.66,one_year,electronic_check,dsl,2,0,72.9,True,False,True,1
15,74.96,1167.43,one_year,credit_card,dsl,2,1,47.3,False,True,True,0
7,64.64,479.73,month_to_month,credit_card,dsl,0,0,86.5,False,False,True,0
71,52.56,3740.13,month_to_month,bank_transfer,fiber,0,0,62.2,False,False,True,0
6,39.73,330.95,month_to_month,bank_transfer,dsl,2,1,54.3,False,True,False,1
45,94.92,4367.31,month_to_month,bank_transfer,none,2,0,65.4,False,False,True,0
25,87.57,2142.21,month_to_month,electronic_check,dsl,1,1,36.7,False,True,True,1
12,99.75,1113.92,month_to_month,electronic_check,fiber,1,0,151.4,False,False,True,0
51,78.73,3790.31,two_year,electronic_check,dsl,0,0,13.8,True,False,True,0
70,18.0,1228.85,two_year,credit_card,dsl,2,0,69.2,False,True,True,0
57,42.62,2330.94,one_year,electronic_check,fiber,2,1,12.3,False,False,False,0
71,80.23,5734.06,one_year,bank_transfer,dsl,3,1,38.6,True,False,True,1
43,61.87,2630.18,one_year,mailed_check,fiber,1,0,54.5,True,False,True,1
49,57.71,2807.32,one_year,bank_transfer,dsl,1,0,32.6,False,True,True,0
10,45.73,530.38,one_year,credit_card,fiber,1,1,48.5,False,False,False,1
62,90.85,5668.45,month_to_month,bank_transfer,fiber,0,0,6.6,True,False,True,0
54,80.04,4311.66,two_year,electronic_check,none,0,2,43.0,False,False,True,0
18,81.03,1610.32,one_year,mailed_check,fiber,0,0,28.0,False,True,False,0
25,56.06,1467.93,month_to_month,credit_card,fiber,0,0,54.1,True,True,True,1
44,73.88,3213.29,month_to_month,bank_transfer,fiber,1,1,36.4,False,False,False,1
0,40.57,0.0,one_year,electronic_check,dsl,1,0,11.4,False,False,False,0
59,67.14,4032.21,two_year,bank_transfer,none,3,3,39.4,False,False,True,0
20,18.0,378.26,month_to_month,electronic_check,dsl,1,1,22.1,False,False,True,1
5,35.5,76.6,month_to_month,electronic_check,none,0,0,46.6,False,False,False,1
24,62.91,1590.36,month_to_month,credit_card,fiber,0,0,19.6,True,False,True,0
61,122.25,7570.4,month_to_month,electronic_check,fiber,1,0,26.8,True,False,True,1
20,30.38,713.92,month_to_month,electronic_check,none,3,0,32.4,False,False,False,1
39,42.64,1801.81,month_to_month,mailed_check,fiber,0,1,80.9,True,False,True,1
59,74.77,4597.66,month_to_month,electronic_check,fiber,1,0,24.5,False,False,True,0
2,108.93,373.56,month_to_month,bank_transfer,fiber,2,0,22.8,False,False,True,1
55,74.45,4125.41,one_year,electronic_check,none,3,0,20.7,False,True,False,0
21,85.45,1775.69,month_to_month,bank_transfer,fiber,1,0,32.8,False,True,False,1
50,62.57,2963.84,month_to_month,mailed_check,none,0,0,156.6,False,False,False,0
13,58.77,764.99,month_to_month,credit_card,dsl,1,0,62.4,True,False,True,0
10,71.81,764.82,one_year,mailed_check,fiber,4,0,134.5,False,False,False,0
57,55.52,3168.56,month_to_month,bank_transfer,fiber,0,0,34.8,False,False,True,0
58,85.93,4814.0,one_year,credit_card,dsl,1,0,39.6,True,False,False,0
71,34.66,2435.06,month_to_month,electronic_check,fiber,2,0,45.7,False,False,True,0
49,89.58,4447.5,month_to_month,mailed_check,fiber,2,2,52.4,False,True,False,0
34,70.86,2316.91,two_year,mailed_check,dsl,1,0,60.1,False,True,True,0
14,65.28,928.83,month_to_month,electronic_check,dsl,0,1,12.4,False,False,True,1
21,33.85,749.7,month_to_month,electronic_check,fiber,0,0,33.6,False,False,True,1
47,48.44,2377.3,month_to_month,electronic_check,none,1,0,27.2,False,False,False,0
25,96.37,2563.38,month_to_month,electronic_check,fiber,1,0,80.5,False,True,False,0
35,65.41,2255.35,one_year,electronic_check,none,2,1,57.0,False,True,False,1
12,76.12,929.98,one_year,mailed_check,dsl,1,1,31.2,False,False,False,0
32,50.65,1640.16,two_year,mailed_check,dsl,0,1,57.9,False,True,True,0
17,69.36,1237.56,month_to_month,credit_card,dsl,0,0,64.7,False,True,False,1
8,39.81,366.85,month_to_month,electronic_check,fiber,3,0,69.4,True,True,True,1
9,72.2,778.05,two_year,credit_card,dsl,1,1,21.8,False,False,True,1
37,78.15,2681.73,month_to_month,mailed_check,dsl,1,0,49.8,True,False,True,0
26,77.05,2040.92,two_year,bank_transfer,dsl,0,0,30.6,False,True,False,0
7,50.12,394.71,one_year,mailed_check,none,0,1,36.2,False,False,True,1
37,62.47,2290.22,month_to_month,bank_transfer,fiber,0,0,22.1,False,False,False,1
11,81.82,696.26,two_year,credit_card,none,1,1,63.7,False,False,True,0
1,65.35,59.86,month_to_month,electronic_check,none,0,0,72.3,False,False,False,0
9,63.68,509.17,one_year,bank_transfer,none,1,1,50.0,False,True,False,0
32,111.88,3731.18,month_to_month,bank_transfer,dsl,2,2,69.6,False,False,False,1
69,49.08,3420.3,one_year,bank_transfer,dsl,0,0,17.9,False,False,True,1
17,93.77,1522.5,month_to_month,bank_transfer,dsl,0,1,97.8,False,False,False,1
20,44.6,707.26,month_to_month,electronic_check,dsl,0,0,25.3,False,True,False,0
17,84.41,1488.13,two_year,electronic_check,none,0,1,65.9,False,False,True,0
25,85.58,2202.15,month_to_month,mailed_check,fiber,1,0,27.5,False,False,False,0
52,58.77,3036.62,month_to_month,credit_card,dsl,1,0,105.9,False,False,True,0
23,43.22,1048.39,month_to_month,electronic_check,fiber,0,0,48.6,False,False,True,1
48,26.65,1247.86,one_year,bank_transfer,fiber,2,0,58.4,False,False,False,0
65,56.47,3766.6,month_to_month,electronic_check,dsl,1,0,39.2,False,True,False,1
69,81.58,5718.36,one_year,bank_transfer,dsl,2,1,66.3,True,False,False,0
41,46.29,1750.39,one_year,credit_card,fiber,1,0,79.9,False,False,True,1
52,72.13,3625.19,one_year,bank_transfer,dsl,0,1,98.4,False,False,False,0
67,37.52,2696.66,two_year,mailed_check,fiber,0,0,13.1,False,True,True,1
57,64.85,3780.35,two_year,electronic_check,dsl,0,1,5.8,False,False,True,0
21,44.77,826.56,month_to_month,mailed_check,fiber,1,0,11.1,False,False,True,0
9,68.28,473.19,one_year,bank_transfer,fiber,1,2,58.4,False,False,False,0
8,58.98,490.54,month_to_month,mailed_check,fiber,1,3,34.1,False,False,False,1
64,43.81,2701.03,month_to_month,bank_transfer,fiber,0,0,47.7,False,False,False,0
40,55.5,2191.5,month_to_month,electronic_check,dsl,0,0,21.0,False,True,True,1
21,49.45,1034.19,month_to_month,credit_card,dsl,1,1,34.0,False,True,False,1
25,41.09,1019.11,month_to_month,electronic_check,dsl,2,0,83.4,False,False,False,1
20,93.82,1977.79,month_to_month,bank_transfer,dsl,0,2,30.7,False,True,True,0
58,62.08,3765.77,one_year,electronic_check,fiber,1,0,21.1,False,False,True,0
44,21.55,905.1,two_year,electronic_check,none,2,2,105.8,False,False,False,1
64,56.29,3500.8,month_to_month,mailed_check,dsl,1,2,123.9,False,False,True,1
22,90.12,2017.64,month_to_month,mailed_check,fiber,3,1,7.0,False,False,False,1
34,53.25,1957.33,month_to_month,bank_transfer,dsl,2,1,57.8,False,False,True,1
8,102.95,787.31,month_to_month,credit_card,fiber,1,0,80.7,False,False,False,1
70,51.15,3657.03,two_year,bank_transfer,fiber,5,0,14.7,True,True,False,0
37,81.07,2924.25,month_to_month,mailed_check,fiber,0,0,37.3,False,True,True,1
40,92.81,3714.31,month_to_month,electronic_check,dsl,1,0,61.3,False,False,False,0
30,79.9,2292.43,month_to_month,electronic_check,fiber,3,0,12.9,False,False,False,1
19,39.76,756.41,month_to_month,mailed_check,fiber,3,0,27.5,False,False,False,0
69,49.27,3389.15,month_to_month,electronic_check,dsl,3,1,38.8,False,False,True,1
35,95.74,3405.63,two_year,bank_transfer,dsl,0,0,63.6,False,False,True,0
49,52.3,2722.73,one_year,credit_card,fiber,3,0,15.0,False,True,True,0
2,91.46,147.92,month_to_month,credit_card,fiber,3,0,38.3,False,False,False,1
20,60.53,1030.62,one_year,electronic_check,dsl,0,0,41.0,False,True,True,0
58,73.11,4222.19,two_year,bank_transfer,fiber,0,2,38.6,True,False,False,0
6,39.51,264.0,month_to_month,credit_card,dsl,0,3,179.6,False,True,True,1
7,56.62,414.51,one_year,mailed_check,dsl,0,1,29.2,True,False,True,1
59,50.74,2979.49,one_year,credit_card,fiber,0,0,45.7,False,False,False,0
22,74.96,1783.01,one_year,mailed_check,dsl,1,0,85.6,False,False,True,0
19,72.05,1381.21,month_to_month,electronic_check,dsl,2,1,68.7,False,False,True,1
41,80.18,3277.95,one_year,electronic_check,dsl,3,0,38.6,False,True,True,0
14,59.21,758.95,one_year,mailed_check,dsl,0,0,56.0,False,False,True,1
3,49.53,0.0,one_year,electronic_check,dsl,3,1,52.7,False,True,True,1
0,74.02,29.63,month_to_month,electronic_check,dsl,4,0,75.0,False,True,True,0
5,47.35,258.84,month_to_month,electronic_check,dsl,0,0,17.2,False,False,True,1
11,93.73,935.69,one_year,bank_transfer,dsl,4,0,60.6,False,False,False,1
50,67.48,3370.01,one_year,bank_transfer,none,2,0,21.8,False,True,True,0
21,62.83,1306.48,two_year,mailed_check,none,4,0,96.1,False,False,True,0
5,80.17,344.64,month_to_month,electronic_check,fiber,1,0,22.3,False,False,False,1
1,68.32,0.0,month_to_month,electronic_check,none,3,0,30.3,False,False,True,1
34,33.52,1176.14,one_year,electronic_check,fiber,2,0,19.5,True,False,True,1
61,46.65,2825.33,one_year,mailed_check,none,1,0,16.7,True,False,False,0
24,93.27,2185.29,month_to_month,credit_card,none,1,1,44.7,True,True,True,1
4,71.85,209.85,one_year,electronic_check,fiber,1,1,18.8,False,False,True,1
16,33.01,516.46,month_to_month,electronic_check,fiber,1,0,34.4,False,True,True,1
36,77.75,2882.2,month_to_month,electronic_check,dsl,1,0,67.3,False,False,False,0
13,57.7,768.7,month_to_month,bank_transfer,fiber,2,0,50.0,False,True,True,0
71,50.76,3582.62,month_to_month,credit_card,dsl,1,0,21.3,False,False,False,0
55,44.81,2492.31,one_year,bank_transfer,fiber,2,0,50.1,False,True,False,0
25,92.0,2422.79,month_to_month,credit_card,dsl,1,0,22.4,True,False,True,1
69,26.76,1890.58,two_year,electronic_check,fiber,2,1,9.6,False,False,True,0
23,51.57,1209.53,month_to_month,bank_transfer,dsl,0,0,22.2,False,False,False,1
10,72.64,783.87,one_year,bank_transfer,dsl,0,0,12.5,False,False,True,0
68,104.72,7106.74,month_to_month,electronic_check,dsl,2,0,17.2,True,True,False,1
70,82.18,5769.17,month_to_month,bank_transfer,dsl,2,0,63.9,False,False,False,0
22,51.39,1086.57,one_year,mailed_check,dsl,3,0,37.9,False,False,True,0
43,103.65,4317.4,two_year,credit_card,dsl,0,2,54.1,False,False,True,0
12,40.19,513.14,two_year,bank_transfer,fiber,1,0,25.4,False,False,True,0
46,75.84,3519.84,month_to_month,bank_transfer,fiber,0,1,50.6,False,False,True,1
50,80.73,4010.61,month_to_month,electronic_check,dsl,1,0,15.8,False,False,True,1
51,50.62,2674.84,month_to_month,electronic_check,fiber,0,1,37.6,False,False,True,1
41,85.35,3434.41,month_to_month,credit_card,dsl,1,1,26.7,False,True,False,1
51,58.69,2833.77,month_to_month,electronic_check,fiber,2,0,65.3,False,False,True,0
40,85.29,3348.86,two_year,bank_transfer,fiber,1,0,117.8,False,True,False,0
59,29.53,1603.59,one_year,bank_transfer,dsl,0,0,23.4,True,False,True,0
13,77.37,1036.23,month_to_month,electronic_check,dsl,1,0,27.8,True,True,False,1
35,60.93,2064.86,two_year,mailed_check,fiber,0,1,35.1,False,False,True,0
30,95.29,2947.32,one_year,mailed_check,dsl,1,0,20.9,False,False,True,0
38,69.03,2709.88,month_to_month,electronic_check,none,1,2,29.7,False,False,True,1
10,97.48,891.55,one_year,credit_card,fiber,2,0,48.9,True,False,True,1
23,81.17,1794.18,one_year,electronic_check,none,3,0,131.6,False,False,False,1
69,67.19,4684.21,month_to_month,mailed_check,dsl,4,0,36.7,False,False,True,1
7,87.33,699.5,month_to_month,credit_card,fiber,1,1,13.5,False,False,True,1
46,87.47,3842.48,month_to_month,bank_transfer,dsl,0,1,16.6,False,True,False,0
48,80.38,3883.59,month_to_month,mailed_check,dsl,1,2,30.8,False,True,True,1
34,19.57,467.6,two_year,bank_transfer,dsl,0,0,50.1,False,False,True,1
2,48.38,47.39,month_to_month,mailed_check,fiber,0,0,34.4,True,False,True,1
2,100.45,299.33,month_to_month,electronic_check,fiber,2,1,87.4,False,False,False,1
20,42.37,1118.28,two_year,electronic_check,fiber,2,0,47.8,False,True,True,1
7,89.41,604.38,two_year,credit_card,dsl,1,1,65.1,False,False,False,0
6,85.54,401.0,one_year,mailed_check,dsl,0,2,55.9,False,False,False,1
11,54.03,548.12,one_year,electronic_check,none,1,2,97.6,False,False,True,1
13,26.1,345.25,two_year,credit_card,fiber,1,0,47.7,False,True,False,1
61,57.48,3445.96,one_year,bank_transfer,dsl,3,1,27.2,False,False,False,0
46,115.72,5239.89,month_to_month,electronic_check,dsl,3,1,120.4,False,True,False,1
2,51.01,63.6,month_to_month,bank_transfer,dsl,2,1,23.5,False,False,True,1
45,52.53,2399.45,month_to_month,electronic_check,none,3,0,39.9,False,False,True,0
9,48.05,417.2,month_to_month,electronic_check,dsl,1,2,97.8,False,True,True,1
30,96.73,2822.56,month_to_month,electronic_check,fiber,1,0,79.0,False,False,True,1
2,64.66,69.01,month_to_month,bank_transfer,dsl,0,2,30.4,False,True,False,1
6,56.23,300.13,month_to_month,electronic_check,none,0,0,97.6,False,False,True,0
9,101.1,819.95,one_year,credit_card,fiber,0,3,51.1,False,False,False,1
31,82.75,2501.61,month_to_month,bank_transfer,dsl,1,0,72.0,True,True,True,0
33,49.78,1700.67,month_to_month,credit_card,dsl,0,1,31.5,False,False,True,0
25,43.08,1056.27,one_year,credit_card,dsl,2,1,27.8,False,False,True,0
45,95.48,4138.79,month_to_month,credit_card,none,0,1,22.2,False,True,True,0
52,70.37,3751.49,month_to_month,mailed_check,dsl,1,0,7.3,False,False,False,0
53,35.92,1941.26,month_to_month,mailed_check,fiber,3,0,62.0,False,False,True,0
42,30.77,1167.86,one_year,electronic_check,fiber,0,1,76.7,False,False,False,0
39,45.45,1739.67,two_year,bank_transfer,fiber,2,2,44.0,False,False,True,1
35,42.73,1424.26,month_to_month,credit_card,none,2,0,39.8,True,False,True,0
17,24.99,485.75,two_year,electronic_check,fiber,0,1,7.1,False,False,True,1
35,45.81,1569.9,two_year,credit_card,dsl,2,0,45.1,False,False,True,1
0,49.78,0.0,two_year,mailed_check,dsl,2,2,111.7,False,True,True,0
70,59.82,4170.37,two_year,bank_transfer,fiber,3,1,39.8,False,False,True,0
27,107.24,2762.27,one_year,credit_card,fiber,1,0,31.9,False,True,True,0
55,64.13,3653.64,month_to_month,electronic_check,dsl,0,0,36.0,False,False,False,1
69,66.31,4635.0,month_to_month,bank_transfer,fiber,1,1,65.4,False,True,True,0
36,81.2,2855.94,month_to_month,credit_card,dsl,3,1,31.7,True,False,False,1
62,64.78,4033.63,month_to_month,credit_card,fiber,2,0,50.3,False,False,True,0
34,78.8,2766.87,two_year,mailed_check,fiber,1,1,83.2,False,False,False,0
9,76.17,690.55,month_to_month,mailed_check,fiber,0,0,42.4,False,False,True,1
1,72.7,212.81,month_to_month,mailed_check,fiber,1,1,80.6,False,False,True,1
9,130.0,1432.61,two_year,bank_transfer,fiber,2,0,34.1,False,False,True,0
68,90.04,6111.37,month_to_month,credit_card,fiber,2,0,53.4,False,False,True,0
34,46.2,1518.37,month_to_month,electronic_check,dsl,1,1,26.4,False,False,False,1
23,78.14,1708.17,month_to_month,mailed_check,fiber,3,0,48.7,False,False,True,1
32,52.58,1483.34,month_to_month,credit_card,fiber,0,1,87.8,False,False,True,1
18,79.82,1549.09,month_to_month,electronic_check,dsl,2,0,72.2,False,False,False,0
63,39.75,2472.44,month_to_month,electronic_check,dsl,1,2,50.9,False,False,True,1
72,45.63,3364.14,one_year,bank_transfer,dsl,3,0,47.9,False,False,False,0
6,77.57,562.3,month_to_month,electronic_check,dsl,1,0,78.6,False,True,True,1
52,91.95,4684.11,one_year,bank_transfer,fiber,3,0,46.6,False,True,True,0
24,81.06,1861.67,month_to_month,bank_transfer,dsl,0,1,65.0,True,False,False,1
3,88.79,423.39,month_to_month,electronic_check,none,1,0,46.8,True,False,False,1
67,78.22,5234.43,month_to_month,mailed_check,fiber,3,0,75.5,False,True,True,0
4,73.79,235.73,one_year,bank_transfer,fiber,2,1,38.2,False,False,False,0
15,58.92,789.73,one_year,electronic_check,fiber,2,0,35.5,True,True,True,1
1,87.89,75.16,month_to_month,electronic_check,none,1,0,35.5,False,False,False,1
34,92.55,3282.41,one_year,credit_card,fiber,0,0,35.5,False,False,True,1
43,68.61,3011.92,month_to_month,electronic_check,none,3,0,41.3,True,False,True,1
23,67.43,1567.25,two_year,electronic_check,dsl,2,0,13.4,False,True,True,1
5,105.01,668.02,two_year,mailed_check,dsl,3,0,17.1,True,False,False,1
8,69.55,682.02,month_to_month,electronic_check,fiber,1,0,9.4,True,False,False,0
68,71.67,4903.63,month_to_month,credit_card,fiber,0,0,8.3,False,False,True,0
58,80.65,4927.55,month_to_month,electronic_check,fiber,1,0,40.2,False,False,True,1
68,67.85,4591.53,one_year,electronic_check,dsl,3,0,4.9,False,False,False,1
38,51.95,2072.92,month_to_month,credit_card,dsl,2,0,32.6,False,False,False,0
39,78.32,3019.11,month_to_month,electronic_check,dsl,1,0,85.1,False,True,True,0
57,69.15,4022.81,two_year,bank_transfer,fiber,1,2,22.8,False,False,True,0
45,110.53,4951.5,month_to_month,bank_transfer,dsl,1,0,27.0,False,False,True,0
31,87.35,2749.37,two_year,credit_card,dsl,0,0,56.4,False,False,True,1
21,56.9,1410.01,month_to_month,mailed_check,dsl,0,0,78.8,False,False,True,1
35,86.04,3097.07,two_year,electronic_check,fiber,1,0,46.3,False,True,True,0
4,76.77,350.0,one_year,credit_card,none,1,0,53.4,False,False,False,0
14,98.81,1313.62,month_to_month,bank_transfer,dsl,1,0,45.2,True,False,True,0
53,58.46,3115.32,month_to_month,bank_transfer,dsl,1,0,46.9,False,False,True,0
63,74.15,4580.73,month_to_month,mailed_check,fiber,0,0,108.9,False,True,False,1
7,67.82,554.57,one_year,credit_card,dsl,1,0,52.9,False,False,False,0
7,71.29,576.6,month_to_month,mailed_check,fiber,2,0,39.1,False,False,True,0
6,50.53,287.01,two_year,electronic_check,dsl,0,0,40.6,False,False,False,1
57,82.67,4861.91,one_year,electronic_check,fiber,3,0,179.8,False,False,True,0
22,79.2,1879.46,two_year,electronic_check,fiber,3,0,87.0,False,False,True,1
23,98.27,2273.68,month_to_month,bank_transfer,fiber,1,0,32.3,False,True,True,0
0,69.78,50.9,month_to_month,electronic_check,none,1,0,7.2,False,False,True,1
70,60.94,4212.84,month_to_month,electronic_check,dsl,1,0,96.8,False,False,False,1
31,87.36,2683.66,month_to_month,mailed_check,dsl,1,0,54.7,False,True,True,1
58,52.53,2949.72,month_to_month,bank_transfer,fiber,2,1,162.4,False,False,True,1
51,93.87,4744.32,month_to_month,credit_card,fiber,1,0,158.6,False,False,False,1
10,93.82,928.81,one_year,electronic_check,none,0,0,38.8,False,False,False,0
58,97.66,5514.85,month_to_month,bank_transfer,dsl,1,0,23.9,False,False,False,1
40,78.29,3183.51,month_to_month,mailed_check,dsl,2,0,38.0,False,False,True,0
44,59.3,2701.19,month_to_month,bank_transfer,dsl,1,0,33.5,False,False,True,0
14,72.4,1012.89,one_year,electronic_check,dsl,0,0,42.8,True,False,False,0
61,78.36,4537.21,one_year,credit_card,fiber,1,0,99.7,False,False,False,0
68,57.68,3899.47,one_year,credit_card,fiber,2,0,32.6,False,False,False,0
29,99.33,2755.17,month_to_month,mailed_check,dsl,1,1,37.8,True,True,True,1
6,82.76,441.69,one_year,bank_transfer,fiber,2,0,21.6,True,False,True,1
61,50.37,3203.24,one_year,bank_transfer,fiber,0,0,54.2,False,False,True,0
64,111.42,6911.78,month_to_month,credit_card,dsl,2,0,10.2,False,False,False,1
36,72.14,2523.57,month_to_month,electronic_check,dsl,1,1,12.5,False,False,True,0
42,45.93,2003.72,two_year,bank_transfer,fiber,0,0,38.8,False,True,False,0
16,51.73,764.51,month_to_month,bank_transfer,dsl,0,0,46.4,False,True,False,0
4,102.73,340.86,month_to_month,electronic_check,fiber,0,1,62.2,True,True,True,1
68,110.15,7673.12,month_to_month,bank_transfer,fiber,0,0,52.5,False,False,False,0
35,92.21,3261.4,two_year,electronic_check,fiber,0,0,80.5,True,False,False,0
20,99.02,2064.49,month_to_month,bank_transfer,dsl,1,1,109.0,True,False,False,1
50,96.77,4883.02,two_year,bank_transfer,fiber,1,0,67.6,False,False,True,0
1,82.25,96.8,two_year,electronic_check,dsl,1,0,91.6,False,False,False,0
5,77.24,499.96,one_year,bank_transfer,fiber,1,0,147.8,False,False,False,1
17,81.88,1563.44,month_to_month,credit_card,fiber,2,1,144.0,False,False,False,1
32,86.19,2606.56,month_to_month,credit_card,fiber,2,1,18.6,False,False,False,0
26,53.68,1392.5,two_year,mailed_check,dsl,0,0,77.4,True,True,True,0
13,86.1,1115.41,two_year,mailed_check,none,3,1,28.9,False,False,False,0
25,102.09,2513.62,two_year,credit_card,fiber,1,1,58.7,False,True,True,0
24,65.46,1659.34,two_year,bank_transfer,dsl,2,0,17.5,True,True,True,0
38,63.11,2421.3,one_year,credit_card,fiber,1,0,14.5,False,False,False,0
41,80.48,3472.97,month_to_month,bank_transfer,fiber,2,0,86.2,False,False,True,0
64,55.71,3664.46,month_to_month,electronic_check,fiber,3,0,26.4,False,False,True,1
58,41.03,2502.56,month_to_month,credit_card,fiber,1,0,60.7,False,False,False,1
21,95.25,1892.33,month_to_month,electronic_check,none,1,1,55.7,False,True,True,1
65,60.08,3832.65,month_to_month,mailed_check,dsl,0,0,41.5,False,True,True,1
38,70.41,2610.45,month_to_month,mailed_check,none,1,2,67.2,False,True,False,1
13,56.58,854.62,month_to_month,electronic_check,dsl,5,0,107.0,False,False,False,1
24,98.09,2267.11,month_to_month,credit_card,dsl,1,1,56.5,False,False,False,0
54,88.77,4709.17,one_year,credit_card,fiber,2,0,27.7,False,False,True,0
59,64.7,3716.38,one_year,electronic_check,fiber,3,0,40.7,False,False,True,1
27,44.04,1436.85,one_year,electronic_check,fiber,3,0,49.4,False,False,True,1
11,62.37,673.27,one_year,bank_transfer,fiber,0,1,67.4,True,False,True,1
14,82.54,1203.25,month_to_month,electronic_check,fiber,2,0,51.3,False,False,True,1
7,74.15,416.39,month_to_month,credit_card,fiber,3,0,50.7,False,False,True,1
51,72.4,3778.73,month_to_month,mailed_check,dsl,3,1,28.2,False,False,True,1
36,74.66,2528.13,month_to_month,electronic_check,fiber,2,1,48.4,False,False,True,1
32,86.69,2685.97,one_year,credit_card,dsl,1,2,19.1,False,False,True,0
49,69.08,3319.1,one_year,mailed_check,fiber,2,1,74.0,True,True,True,0
60,79.9,4813.7,month_to_month,bank_transfer,fiber,0,0,50.9,False,True,True,0
58,48.29,2729.44,two_year,electronic_check,fiber,1,0,93.6,False,False,False,0
10,126.18,1398.96,month_to_month,electronic_check,dsl,3,1,50.4,False,True,True,1
43,63.76,2786.97,month_to_month,bank_transfer,none,0,0,38.6,False,False,False,0
64,74.48,4704.66,two_year,electronic_check,dsl,1,0,93.9,False,False,True,0
56,82.46,4707.55,one_year,credit_card,none,1,1,69.1,False,False,True,0
24,60.96,1427.64,one_year,electronic_check,fiber,4,0,41.1,False,False,True,0
28,70.17,1911.62,one_year,bank_transfer,dsl,2,1,20.8,False,False,True,1
64,69.9,4554.22,month_to_month,credit_card,dsl,1,0,14.5,False,True,True,1
2,49.89,0.0,one_year,credit_card,none,2,1,26.3,False,False,True,0
38,79.65,3092.83,one_year,bank_transfer,fiber,1,0,7.7,False,False,True,0
8,33.72,205.58,month_to_month,electronic_check,dsl,1,0,20.8,False,False,True,1
65,108.56,6992.09,month_to_month,credit_card,dsl,1,1,104.5,False,False,False,0
2,87.45,351.13,two_year,mailed_check,fiber,2,1,56.0,True,False,True,1
1,84.06,36.25,month_to_month,bank_transfer,fiber,1,0,61.5,False,False,False,1
24,31.79,848.99,two_year,electronic_check,fiber,3,1,27.1,False,False,False,1
14,52.56,760.97,month_to_month,mailed_check,none,1,0,34.1,False,False,False,0
36,100.57,3654.99,month_to_month,electronic_check,none,0,1,57.3,False,False,False,1
21,130.0,2707.45,one_year,credit_card,dsl,1,0,29.0,False,False,False,0
26,96.28,2476.04,one_year,electronic_check,fiber,1,1,26.8,False,True,False,0
41,92.81,3942.73,month_to_month,bank_transfer,fiber,0,0,22.9,False,False,False,0
40,81.55,3345.74,month_to_month,electronic_check,fiber,1,0,80.5,False,False,True,0
68,51.36,3447.51,month_to_month,electronic_check,dsl,0,0,71.5,False,False,True,0
35,91.89,3122.02,one_year,credit_card,fiber,0,0,129.1,False,False,False,0
41,45.77,1823.97,month_to_month,electronic_check,dsl,1,0,14.4,False,False,False,0
49,43.37,2213.46,month_to_month,bank_transfer,fiber,2,0,27.2,False,False,True,0
12,41.98,609.84,month_to_month,credit_card,fiber,0,0,68.4,False,False,True,0
48,91.47,4440.5,month_to_month,credit_card,fiber,2,2,157.8,False,True,True,0
62,68.74,4116.37,month_to_month,electronic_check,fiber,0,0,84.6,False,True,False,1
23,72.22,1728.9,month_to_month,mailed_check,none,0,0,11.3,False,False,False,0
13,69.66,1022.9,one_year,electronic_check,dsl,1,0,129.7,False,False,False,0
25,45.23,1146.37,two_year,credit_card,dsl,1,0,89.8,True,True,False,1
20,55.24,1282.98,month_to_month,electronic_check,fiber,1,1,44.8,False,True,True,1
42,56.35,2247.81,month_to_month,mailed_check,dsl,0,0,71.5,False,False,True,0
63,39.08,2523.67,two_year,credit_card,fiber,1,1,112.5,False,False,False,1
43,58.91,2441.31,month_to_month,electronic_check,fiber,3,1,36.5,False,False,True,1
9,46.21,511.16,month_to_month,electronic_check,dsl,0,1,74.7,False,False,True,0
22,82.71,1874.78,one_year,credit_card,fiber,1,0,147.6,True,False,True,1
50,84.54,4389.12,month_to_month,electronic_check,dsl,1,0,11.7,False,True,True,0
24,41.54,1041.93,month_to_month,credit_card,dsl,0,0,74.4,False,False,False,0
42,63.47,2629.38,two_year,electronic_check,dsl,3,0,100.5,False,False,False,0
50,110.83,5497.3,one_year,electronic_check,fiber,5,1,34.3,False,False,True,0
24,48.42,1139.56,one_year,bank_transfer,fiber,0,1,28.5,False,False,True,0
47,79.39,3685.36,month_to_month,credit_card,dsl,0,1,14.2,False,True,False,1
29,72.32,2218.52,month_to_month,electronic_check,fiber,0,0,24.8,False,True,False,0
9,94.04,961.17,two_year,credit_card,dsl,0,1,10.2,False,False,True,1
27,76.5,1930.81,two_year,mailed_check,dsl,0,0,16.2,False,True,True,1
32,60.51,1939.77,two_year,bank_transfer,fiber,0,0,30.4,False,True,True,0
0,71.47,5.62,month_to_month,bank_transfer,fiber,0,0,14.8,False,False,False,1
65,71.79,4596.03,two_year,bank_transfer,fiber,1,1,42.7,False,False,False,1
38,67.98,2622.68,month_to_month,electronic_check,fiber,3,1,41.4,False,False,True,1
2,40.98,213.44,one_year,electronic_check,none,0,0,11.1,True,False,True,1
63,97.35,6213.31,one_year,electronic_check,dsl,2,1,45.4,True,False,True,0
62,93.46,5915.76,month_to_month,electronic_check,dsl,3,0,60.4,False,True,False,1
0,47.03,0.0,month_to_month,bank_transfer,fiber,1,0,91.9,False,False,True,1
11,63.38,700.47,one_year,electronic_check,fiber,0,0,108.2,False,False,True,1
26,65.05,1622.39,two_year,credit_card,fiber,0,1,89.7,False,True,True,1
37,44.56,1670.27,month_to_month,electronic_check,none,0,0,58.6,False,False,True,1
52,28.93,1534.01,month_to_month,bank_transfer,dsl,1,0,52.0,True,True,True,0
30,55.25,1743.89,one_year,bank_transfer,fiber,3,0,67.7,False,True,True,0
44,62.16,2853.25,month_to_month,bank_transfer,none,3,0,33.6,False,False,False,0
0,38.29,62.01,month_to_month,credit_card,fiber,1,1,43.3,False,True,True,1
48,73.89,3469.3,month_to_month,mailed_check,dsl,0,0,24.8,True,False,True,0
66,95.58,6186.58,month_to_month,mailed_check,none,1,1,31.2,False,False,False,0
38,88.53,3410.94,month_to_month,bank_transfer,dsl,2,0,33.7,False,False,False,1
33,67.21,2352.98,two_year,bank_transfer,none,1,0,8.9,False,True,True,0
21,29.51,617.48,two_year,electronic_check,dsl,0,0,78.3,True,False,True,0
69,85.75,5779.28,month_to_month,bank_transfer,fiber,0,1,41.0,False,True,False,1
2,73.22,334.07,month_to_month,mailed_check,dsl,0,1,71.0,True,False,True,1
20,79.34,1630.85,one_year,electronic_check,dsl,0,0,28.0,False,False,True,1
10,112.59,1141.3,month_to_month,electronic_check,fiber,1,1,34.7,True,False,True,0
63,51.85,3161.43,one_year,electronic_check,none,2,1,41.9,False,False,False,0
35,18.0,631.46,month_to_month,mailed_check,dsl,1,1,42.5,True,True,True,0
67,46.82,3198.76,one_year,credit_card,fiber,2,0,27.5,False,False,True,1
48,80.69,3918.39,month_to_month,mailed_check,fiber,1,0,69.6,False,True,True,0
40,70.59,2762.41,two_year,bank_transfer,fiber,1,0,8.9,False,False,True,1
37,43.26,1595.48,one_year,electronic_check,fiber,2,1,67.9,False,False,True,0
14,38.77,487.34,month_to_month,credit_card,dsl,0,0,7.8,False,True,True,1
41,62.2,2699.97,two_year,electronic_check,dsl,0,1,80.1,False,True,True,0
50,42.59,2210.04,month_to_month,credit_card,fiber,2,0,6.6,False,False,False,1
70,81.45,5654.31,month_to_month,credit_card,dsl,0,0,30.9,False,True,False,0
40,60.95,2332.84,one_year,credit_card,fiber,0,1,49.0,False,False,True,0
68,56.2,3846.6,one_year,credit_card,none,2,0,34.9,False,True,False,0
68,53.32,3581.41,month_to_month,credit_card,dsl,2,2,5.7,False,True,False,1
38,75.79,2842.37,month_to_month,mailed_check,fiber,2,0,13.5,False,False,True,0
32,70.94,2167.91,month_to_month,electronic_check,fiber,2,0,59.3,False,False,False,0
10,74.44,653.37,month_to_month,mailed_check,none,0,0,34.9,False,False,True,0
19,73.96,1419.88,month_to_month,credit_card,fiber,1,2,65.8,False,True,True,1
64,68.41,4354.22,month_to_month,bank_transfer,dsl,3,1,49.3,False,False,True,0
10,47.27,697.39,month_to_month,electronic_check,fiber,1,0,30.7,False,True,False,1
28,53.93,1563.52,one_year,electronic_check,fiber,3,2,21.1,False,True,True,1
51,61.32,3023.67,one_year,bank_transfer,dsl,3,0,108.0,False,False,True,0
17,115.43,1824.1,two_year,mailed_check,fiber,0,1,48.7,False,False,True,1
71,40.33,2899.27,month_to_month,credit_card,dsl,1,0,38.4,True,False,True,1
47,60.78,2820.94,month_to_month,electronic_check,none,2,0,118.1,False,False,True,0
2,72.16,264.15,month_to_month,bank_transfer,dsl,0,0,81.0,True,False,False,0
18,63.33,1165.31,month_to_month,mailed_check,fiber,0,0,128.0,False,False,False,1
54,93.63,4877.59,month_to_month,bank_transfer,dsl,4,0,76.4,False,False,True,0
63,63.21,3890.48,month_to_month,electronic_check,dsl,0,2,68.8,False,False,True,0
67,64.84,4283.5,one_year,credit_card,fiber,1,0,53.4,False,False,True,0
62,87.92,5490.82,two_year,mailed_check,fiber,0,0,60.6,True,False,True,0
5,109.84,454.45,month_to_month,electronic_check,dsl,1,0,11.9,False,True,False,0
53,100.96,5364.63,month_to_month,electronic_check,fiber,0,0,16.6,False,False,True,1
8,66.99,415.67,one_year,bank_transfer,dsl,1,0,13.3,False,True,True,1
5,68.91,345.11,one_year,credit_card,none,2,0,51.4,True,True,True,1
50,71.03,3584.8,month_to_month,electronic_check,dsl,2,0,51.6,False,True,True,1
34,73.23,2621.36,one_year,bank_transfer,dsl,0,1,59.2,False,False,True,1
47,51.36,2436.02,month_to_month,mailed_check,dsl,0,1,67.2,False,False,False,0
62,90.61,5544.31,one_year,mailed_check,fiber,2,0,70.9,True,False,False,1
5,74.55,507.12,one_year,electronic_check,fiber,1,4,55.2,False,False,False,1
38,69.01,2605.89,month_to_month,mailed_check,dsl,1,2,59.0,False,True,False,1
60,42.03,2591.42,month_to_month,bank_transfer,fiber,0,0,30.6,False,True,True,1
32,71.37,2228.68,one_year,electronic_check,none,0,0,13.3,True,True,True,0
38,28.35,1085.47,one_year,electronic_check,dsl,2,1,32.0,False,False,False,0
36,57.2,1987.09,two_year,mailed_check,fiber,0,0,108.0,False,True,True,0
66,57.61,3831.26,month_to_month,electronic_check,fiber,1,0,15.6,True,False,True,0
3,76.31,301.27,one_year,electronic_check,fiber,1,0,29.3,False,True,True,1
64,111.36,7082.51,one_year,bank_transfer,fiber,3,1,72.8,False,True,True,1
59,82.58,4822.63,one_year,bank_transfer,dsl,0,1,12.8,False,False,True,1
59,101.86,6041.85,month_to_month,electronic_check,none,1,0,86.6,False,False,True,1
30,84.19,2451.45,month_to_month,bank_transfer,fiber,2,0,4.3,True,False,False,0
37,94.75,3369.14,one_year,bank_transfer,dsl,1,1,35.2,True,False,True,0
26,110.86,2914.15,month_to_month,bank_transfer,dsl,2,3,59.7,False,False,False,1
18,53.9,960.51,month_to_month,bank_transfer,fiber,1,0,95.9,False,True,True,1
63,52.46,3293.38,month_to_month,electronic_check,fiber,1,1,35.0,False,False,False,0
36,84.71,3096.46,two_year,mailed_check,fiber,1,0,75.0,False,False,False,0
52,69.92,3695.31,one_year,credit_card,dsl,0,1,50.3,False,True,True,0
7,74.85,509.46,two_year,credit_card,dsl,1,1,67.9,False,False,True,1
57,64.53,3577.17,two_year,electronic_check,dsl,1,1,49.5,True,True,False,0
48,56.88,2672.77,one_year,credit_card,dsl,1,0,53.4,True,True,True,0
72,105.66,7660.17,month_to_month,electronic_check,dsl,1,1,95.4,False,False,True,0
9,45.8,424.48,month_to_month,credit_card,fiber,1,3,38.4,False,False,False,1
39,85.1,3269.42,one_year,electronic_check,fiber,0,1,59.4,False,False,True,1
37,81.53,2946.02,two_year,bank_transfer,dsl,1,1,10.3,False,False,True,0
39,35.26,1430.74,two_year,electronic_check,fiber,2,0,62.1,False,False,True,0
3,51.72,135.21,month_to_month,credit_card,none,1,1,13.0,False,False,False,1
34,55.42,1952.02,one_year,bank_transfer,fiber,1,0,15.7,False,True,True,0
21,82.42,1809.96,month_to_month,credit_card,fiber,2,0,73.7,False,True,False,1
45,61.93,2758.69,month_to_month,mailed_check,dsl,3,0,64.1,False,False,False,0
16,68.12,1175.39,month_to_month,credit_card,dsl,1,1,18.8,True,False,False,1
31,37.93,1188.29,month_to_month,bank_transfer,dsl,2,2,23.6,False,False,True,1
45,121.17,5476.75,month_to_month,credit_card,fiber,2,0,18.2,False,False,False,0
4,71.57,89.29,one_year,bank_transfer,fiber,4,0,110.2,False,False,False,1
57,80.98,4528.48,month_to_month,mailed_check,dsl,0,0,82.7,False,True,True,0
52,58.11,2939.22,two_year,credit_card,dsl,3,0,18.4,False,False,True,0
4,55.64,193.88,month_to_month,mailed_check,fiber,0,1,51.0,False,False,True,0
4,112.08,458.61,month_to_month,electronic_check,fiber,0,2,33.5,False,False,False,1
62,27.83,1739.43,month_to_month,bank_transfer,dsl,0,0,20.0,False,False,False,0
20,76.13,1548.32,month_to_month,credit_card,dsl,0,0,30.4,False,True,False,1
62,43.35,2626.05,month_to_month,electronic_check,fiber,0,1,43.7,False,False,True,1
36,61.09,2261.46,month_to_month,bank_transfer,none,0,0,12.8,False,False,True,0
24,55.96,1505.88,month_to_month,electronic_check,fiber,1,0,26.2,False,True,True,1
19,48.31,886.09,month_to_month,mailed_check,fiber,1,0,94.8,False,False,False,0
48,70.78,3337.71,one_year,bank_transfer,fiber,1,0,82.7,False,True,True,0
8,18.0,82.32,month_to_month,bank_transfer,fiber,1,0,52.8,False,True,True,1
29,63.06,1836.43,month_to_month,electronic_check,dsl,1,0,42.8,False,False,False,1
25,68.01,1652.93,month_to_month,mailed_check,fiber,0,1,31.1,False,True,False,1
11,40.1,285.37,month_to_month,mailed_check,fiber,0,1,69.6,False,True,True,1
25,103.29,2451.14,one_year,bank_transfer,fiber,0,0,15.0,False,False,False,1
38,56.92,2254.78,month_to_month,credit_card,fiber,0,1,43.7,True,True,True,1
49,64.78,3289.58,one_year,credit_card,fiber,1,0,4.9,False,False,True,0
6,56.97,485.81,two_year,electronic_check,fiber,1,0,27.7,False,True,True,1
63,68.21,4317.6,month_to_month,bank_transfer,fiber,2,0,50.8,False,False,False,1
64,98.78,6232.74,two_year,electronic_check,dsl,0,2,126.6,False,False,True,1
50,124.41,6181.08,one_year,electronic_check,fiber,2,0,54.6,False,True,False,0
67,86.4,5654.58,one_year,electronic_check,fiber,2,0,66.6,False,False,False,0
31,93.94,2774.45,two_year,credit_card,dsl,1,0,102.5,False,True,True,0
59,107.76,6380.81,month_to_month,bank_transfer,fiber,2,0,36.1,False,True,False,0
53,75.48,4048.95,month_to_month,bank_transfer,fiber,3,0,17.0,False,True,True,0
41,104.55,4462.8,month_to_month,mailed_check,fiber,1,1,26.4,False,False,True,1
13,87.43,1129.11,one_year,electronic_check,fiber,1,0,59.4,True,False,True,1
40,73.17,2804.59,month_to_month,electronic_check,fiber,0,0,30.8,False,False,False,0
65,77.71,5040.18,month_to_month,credit_card,fiber,2,0,73.3,False,True,True,0
71,29.93,2099.61,two_year,bank_transfer,dsl,0,0,52.3,True,False,True,0
32,76.43,2401.55,month_to_month,mailed_check,fiber,2,0,19.4,False,False,True,1
18,36.04,679.66,month_to_month,electronic_check,fiber,0,0,34.1,False,False,False,1
54,34.24,1739.66,month_to_month,electronic_check,none,2,0,92.2,False,False,True,0
5,74.24,382.96,one_year,mailed_check,dsl,4,0,45.0,False,False,True,1
11,45.49,559.03,month_to_month,credit_card,dsl,2,1,96.6,False,False,True,1
41,69.84,2991.22,month_to_month,credit_card,fiber,3,0,16.7,False,True,False,1
72,73.05,5287.53,two_year,electronic_check,dsl,0,0,250.0,False,False,True,0
24,74.03,1870.6,month_to_month,electronic_check,dsl,0,0,43.9,False,False,False,1
32,50.11,1563.57,month_to_month,electronic_check,fiber,0,0,82.3,False,False,False,1
23,89.77,2037.32,one_year,bank_transfer,dsl,1,1,118.6,False,True,False,1
32,68.04,2298.59,month_to_month,bank_transfer,dsl,4,0,95.9,False,False,True,1
0,79.7,0.0,month_to_month,credit_card,fiber,1,0,39.4,False,False,True,0
43,43.68,1841.96,one_year,credit_card,fiber,0,0,74.1,False,False,True,0
43,66.08,2943.0,one_year,electronic_check,fiber,1,1,106.0,False,False,True,0
23,94.14,2146.22,month_to_month,electronic_check,dsl,1,0,77.2,True,False,True,1
19,91.34,1709.76,one_year,electronic_check,dsl,0,1,19.3,False,False,True,1
55,52.46,2861.42,two_year,electronic_check,dsl,1,2,70.5,False,False,False,1
13,58.0,764.54,one_year,mailed_check,fiber,1,0,49.7,False,False,False,1
3,48.25,242.5,one_year,electronic_check,fiber,1,1,32.6,False,False,True,1
2,55.56,194.3,two_year,electronic_check,dsl,1,0,103.6,True,True,True,1
64,39.22,2511.11,month_to_month,bank_transfer,dsl,1,1,13.3,False,False,False,0
26,66.96,1839.27,month_to_month,credit_card,dsl,1,0,78.6,False,False,False,0
7,83.93,618.27,month_to_month,electronic_check,dsl,2,1,41.5,False,False,False,1
64,52.73,3452.04,month_to_month,electronic_check,dsl,1,1,92.1,False,False,False,0
10,68.01,587.55,two_year,electronic_check,dsl,0,0,32.5,False,False,False,0
24,65.15,1720.07,month_to_month,electronic_check,dsl,3,1,76.0,False,False,True,0
1,93.21,113.03,month_to_month,bank_transfer,dsl,0,1,24.5,False,False,False,1
49,56.54,2523.11,month_to_month,credit_card,none,0,0,48.9,False,False,False,0
51,57.35,3074.21,one_year,electronic_check,dsl,0,0,44.9,False,False,True,0
55,51.39,2826.9,two_year,bank_transfer,dsl,1,0,70.9,False,False,True,0
19,44.97,818.84,month_to_month,electronic_check,none,2,1,47.0,False,False,True,0
23,81.64,1823.21,two_year,credit_card,none,1,1,45.8,True,True,False,0
68,67.03,4597.6,month_to_month,electronic_check,fiber,2,0,26.8,False,False,False,0
59,71.21,4121.43,two_year,electronic_check,dsl,1,0,96.6,False,True,False,0
2,98.04,144.16,two_year,credit_card,none,1,0,97.0,False,False,True,0
50,99.31,4915.74,month_to_month,electronic_check,fiber,2,0,121.6,False,False,True,1
59,33.78,1966.72,two_year,electronic_check,fiber,3,1,47.2,False,False,True,0
40,84.25,3323.63,month_to_month,credit_card,fiber,0,0,22.3,False,False,True,0
46,74.96,3524.91,month_to_month,bank_transfer,dsl,4,0,31.1,False,False,True,1
0,59.84,24.4,month_to_month,credit_card,none,3,0,87.3,False,True,True,1
2,77.21,189.79,month_to_month,electronic_check,fiber,0,0,80.9,False,True,True,0
2,32.02,118.99,two_year,electronic_check,dsl,1,1,7.6,True,True,True,1
11,102.18,1115.6,one_year,credit_card,dsl,0,1,8.1,False,True,True,0
72,81.33,5763.93,one_year,electronic_check,dsl,0,1,14.5,False,False,False,0
46,50.97,2507.09,two_year,electronic_check,dsl,0,1,31.6,False,False,False,1
57,57.12,3339.32,month_to_month,credit_card,dsl,1,2,32.5,False,False,True,0
21,32.53,828.28,month_to_month,mailed_check,fiber,0,0,47.4,False,False,False,0
68,63.09,4383.23,two_year,bank_transfer,fiber,2,0,27.6,False,False,True,0
14,59.38,789.89,month_to_month,electronic_check,fiber,0,0,32.6,False,False,False,0
65,40.85,2443.93,two_year,bank_transfer,fiber,2,0,49.6,False,False,False,0
2,87.09,63.56,month_to_month,credit_card,dsl,2,0,54.0,False,True,False,1
1,98.09,155.38,month_to_month,bank_transfer,dsl,2,0,35.2,False,True,True,1
5,69.4,337.84,month_to_month,bank_transfer,fiber,2,0,15.7,False,False,False,1
57,63.28,3569.17,month_to_month,bank_transfer,dsl,0,0,91.3,False,False,False,0
18,79.57,1207.66,month_to_month,credit_card,fiber,3,1,29.0,False,False,False,1
32,69.57,2225.06,month_to_month,bank_transfer,fiber,1,0,97.2,False,True,False,0
34,46.19,1473.1,month_to_month,credit_card,fiber,2,1,105.2,False,False,False,1
57,55.64,3106.29,one_year,bank_transfer,fiber,0,0,71.0,False,False,True,0
25,63.48,1663.51,month_to_month,credit_card,dsl,3,0,96.7,False,True,True,0
0,75.46,0.0,month_to_month,electronic_check,fiber,1,1,51.3,False,False,True,1
28,70.21,1881.85,month_to_month,credit_card,fiber,0,1,49.0,False,False,True,1
21,74.63,1583.93,month_to_month,electronic_check,fiber,2,0,70.7,True,True,True,1
53,36.45,2010.36,month_to_month,electronic_check,dsl,3,0,48.3,False,True,False,0
54,84.63,4533.78,month_to_month,credit_card,fiber,1,0,26.6,False,True,False,0
6,70.08,552.53,month_to_month,credit_card,none,2,0,53.0,False,True,True,0
57,126.16,7076.04,two_year,electronic_check,dsl,4,1,40.4,False,False,False,1
5,61.47,176.48,month_to_month,electronic_check,dsl,0,0,107.3,False,False,False,0
45,77.12,3331.86,month_to_month,credit_card,fiber,1,0,31.4,False,False,True,0
28,130.0,3491.3,one_year,mailed_check,dsl,3,1,3.2,False,False,False,0
21,74.27,1589.96,month_to_month,credit_card,dsl,0,1,101.0,False,True,False,1
35,68.51,2309.85,month_to_month,bank_transfer,fiber,1,0,11.7,False,False,True,1
22,48.29,935.46,month_to_month,credit_card,fiber,2,1,13.5,False,True,True,1
57,103.62,5940.52,one_year,electronic_check,fiber,4,0,33.1,True,True,True,1
70,44.5,3189.16,two_year,electronic_check,none,2,0,17.6,False,True,True,0
59,79.4,4779.18,month_to_month,credit_card,dsl,2,1,35.6,False,True,True,0
32,59.58,1985.34,two_year,mailed_check,fiber,0,0,34.3,False,False,False,0
36,65.83,2287.25,month_to_month,electronic_check,fiber,0,1,121.0,True,False,False,1
32,38.67,1262.29,one_year,credit_card,fiber,2,1,38.3,False,False,True,0
57,99.55,5719.07,month_to_month,bank_transfer,none,1,0,128.3,False,False,False,0
40,63.89,2512.86,two_year,bank_transfer,fiber,2,0,7.8,False,False,False,0
34,43.27,1486.01,month_to_month,credit_card,fiber,2,0,78.6,True,True,True,1
29,97.56,2716.59,month_to_month,electronic_check,dsl,2,0,32.4,False,True,True,0
27,58.91,1534.09,month_to_month,mailed_check,fiber,1,1,82.9,False,True,True,0
40,77.36,3127.86,two_year,electronic_check,dsl,2,0,92.0,False,False,False,0
50,88.51,4561.18,month_to_month,electronic_check,dsl,1,1,62.5,False,False,True,0
31,80.43,2596.96,month_to_month,bank_transfer,dsl,2,0,117.9,False,False,False,1
58,21.67,1316.34,two_year,mailed_check,dsl,1,0,44.3,False,False,False,0
60,85.3,5125.17,two_year,mailed_check,fiber,0,1,98.3,True,True,False,0
31,67.79,2094.72,one_year,credit_card,none,1,2,34.8,True,False,True,1
66,62.76,4011.88,month_to_month,mailed_check,none,3,0,34.6,False,False,False,1
12,67.6,736.0,month_to_month,electronic_check,fiber,2,0,92.0,False,False,True,1
68,34.58,2279.18,two_year,mailed_check,dsl,3,1,18.1,False,True,True,0
21,74.23,1610.56,month_to_month,bank_transfer,dsl,1,0,55.4,False,True,False,0
41,39.98,1724.23,one_year,credit_card,dsl,0,1,60.8,False,False,True,0
20,63.71,1340.49,one_year,electronic_check,fiber,0,0,92.3,False,False,False,1
32,73.44,2456.52,two_year,bank_transfer,dsl,1,0,31.6,False,False,False,0
24,93.63,2253.62,one_year,credit_card,fiber,0,1,82.4,False,False,True,0
51,51.97,2562.01,month_to_month,mailed_check,dsl,0,1,24.1,True,False,False,1
5,101.93,505.16,one_year,mailed_check,dsl,2,0,71.0,False,False,True,0
61,90.83,5475.39,two_year,bank_transfer,fiber,0,0,37.5,True,False,True,0
65,60.55,3994.96,two_year,electronic_check,dsl,2,0,32.2,False,False,True,1
41,45.61,1837.69,month_to_month,bank_transfer,fiber,1,0,79.4,False,True,False,0
39,38.24,1482.49,month_to_month,bank_transfer,fiber,1,1,13.2,False,True,False,0
51,75.98,3937.41,one_year,credit_card,fiber,2,0,56.2,False,True,False,1
14,53.78,686.22,one_year,electronic_check,fiber,2,0,11.4,False,False,True,0
54,96.39,5291.82,month_to_month,bank_transfer,dsl,2,0,39.0,False,False,False,0
15,55.05,704.47,month_to_month,electronic_check,fiber,1,1,20.7,True,True,True,1
49,50.19,2486.9,month_to_month,electronic_check,none,0,0,36.7,False,False,True,0
22,75.14,1644.9,month_to_month,electronic_check,fiber,0,1,27.7,False,False,False,0
54,54.91,3039.6,month_to_month,electronic_check,fiber,2,0,33.0,False,False,True,1
57,70.19,3877.14,two_year,credit_card,fiber,2,1,19.8,False,False,True,0
15,91.69,1237.58,one_year,electronic_check,dsl,0,0,28.1,False,True,False,0
45,72.58,3333.6,month_to_month,credit_card,dsl,4,1,9.4,True,False,True,1
36,72.66,2580.58,one_year,mailed_check,fiber,0,0,88.4,False,True,False,1
21,74.51,1556.54,month_to_month,credit_card,fiber,1,0,19.9,False,False,False,1
42,32.75,1316.12,one_year,credit_card,dsl,2,1,68.5,False,True,False,0
72,78.62,5742.79,two_year,electronic_check,fiber,2,0,52.4,False,False,True,0
0,73.52,26.93,month_to_month,credit_card,none,0,0,1.3,False,False,True,1
69,89.64,6206.82,two_year,credit_card,fiber,1,0,86.5,False,False,True,0
62,83.33,5061.19,month_to_month,mailed_check,fiber,0,0,60.2,False,False,False,0
38,65.56,2536.42,one_year,mailed_check,dsl,1,1,57.8,False,False,True,0
44,92.71,3989.94,two_year,credit_card,fiber,0,1,39.7,False,False,False,0
26,63.56,1593.29,one_year,electronic_check,fiber,1,0,87.0,False,False,True,0
9,75.44,556.08,month_to_month,bank_transfer,dsl,0,1,36.2,True,False,True,1
41,63.15,2575.06,month_to_month,mailed_check,fiber,0,0,61.7,True,False,False,0
59,80.16,4825.24,month_to_month,mailed_check,fiber,2,0,60.0,False,True,False,0
16,61.72,1007.92,month_to_month,mailed_check,fiber,2,2,50.1,False,True,True,0
52,106.25,5485.24,month_to_month,electronic_check,dsl,1,0,15.2,False,False,True,1
54,114.38,6186.34,month_to_month,bank_transfer,dsl,0,1,56.5,False,True,False,0
55,89.23,4916.98,one_year,electronic_check,dsl,2,1,31.7,False,False,True,0
24,103.91,2499.79,month_to_month,electronic_check,none,2,2,107.6,False,False,True,1
28,36.14,1027.88,month_to_month,bank_transfer,dsl,3,0,84.8,False,True,False,1
30,38.73,1068.3,one_year,electronic_check,fiber,2,0,82.9,False,False,True,0
62,62.93,3911.25,month_to_month,credit_card,dsl,2,0,36.3,True,False,False,0
65,70.91,4451.18,one_year,electronic_check,dsl,3,0,145.8,False,True,True,0
30,65.64,2021.01,one_year,electronic_check,fiber,3,0,42.5,False,False,True,1
70,33.87,2271.65,month_to_month,electronic_check,dsl,3,0,27.8,False,True,True,0
41,95.34,4014.92,month_to_month,credit_card,dsl,1,1,44.1,True,False,True,0
28,117.39,3066.85,one_year,electronic_check,fiber,2,0,28.8,False,False,True,0
0,98.18,150.7,month_to_month,credit_card,dsl,0,1,57.9,False,False,False,0
44,93.88,3983.19,month_to_month,bank_transfer,fiber,3,0,41.3,False,False,False,1
47,74.97,3415.6,two_year,electronic_check,fiber,2,0,150.3,True,False,False,0
70,51.45,3628.42,two_year,bank_transfer,fiber,1,0,11.4,True,False,True,0
52,71.6,3778.88,month_to_month,electronic_check,dsl,2,0,85.4,False,False,True,1
2,116.32,207.14,month_to_month,mailed_check,dsl,4,0,136.5,False,False,False,1
41,62.26,2632.99,two_year,mailed_check,none,0,0,25.3,False,False,True,0
54,59.99,3167.77,month_to_month,mailed_check,dsl,2,0,70.5,False,False,True,0
36,94.36,3360.99,one_year,credit_card,none,1,0,33.3,False,False,True,0
31,95.82,2943.23,month_to_month,bank_transfer,fiber,4,0,35.6,False,False,False,0
59,51.35,2981.19,month_to_month,electronic_check,fiber,1,1,125.7,False,True,True,1
44,64.25,2652.92,month_to_month,mailed_check,dsl,1,0,31.2,False,True,False,1
49,58.96,2886.82,two_year,electronic_check,dsl,0,0,62.4,False,False,False,0
33,71.53,2350.14,month_to_month,credit_card,none,0,2,116.9,False,False,True,0
20,94.28,1982.64,two_year,credit_card,dsl,1,2,104.0,False,False,True,1
37,52.31,1819.74,one_year,bank_transfer,fiber,2,0,63.2,False,False,False,1
70,93.97,6520.35,one_year,bank_transfer,dsl,3,0,64.1,True,False,True,0
43,72.24,3214.63,two_year,electronic_check,fiber,0,0,12.4,False,True,True,0
51,121.18,6206.58,month_to_month,electronic_check,fiber,6,0,74.4,False,True,True,1
9,77.01,742.53,month_to_month,bank_transfer,dsl,2,0,29.2,False,False,False,0
72,67.87,4927.45,month_to_month,mailed_check,dsl,0,0,41.9,False,False,True,1
17,82.64,1446.09,month_to_month,electronic_check,fiber,2,0,93.9,False,False,True,1
70,62.58,4544.49,month_to_month,bank_transfer,dsl,1,0,42.2,False,False,True,0
32,30.5,984.24,one_year,credit_card,none,3,0,100.8,True,False,False,0
67,64.71,4244.55,two_year,electronic_check,fiber,0,0,20.7,True,False,True,1
65,64.36,4240.89,month_to_month,electronic_check,fiber,1,0,14.0,False,False,False,0
55,34.97,1872.36,month_to_month,bank_transfer,fiber,0,1,17.9,False,True,False,0
66,68.39,4503.85,one_year,electronic_check,fiber,1,2,4.2,False,False,False,0
44,24.52,1112.2,one_year,mailed_check,fiber,2,1,8.8,False,False,True,0
61,62.35,3729.43,two_year,electronic_check,fiber,1,0,94.4,False,False,True,0
12,75.36,858.39,month_to_month,credit_card,fiber,1,0,165.2,True,False,True,0
5,72.13,403.48,month_to_month,electronic_check,fiber,1,0,89.0,True,True,True,1
39,60.96,2328.06,two_year,bank_transfer,fiber,2,1,36.4,False,True,True,1
59,68.12,4106.68,month_to_month,electronic_check,none,1,1,30.3,True,True,False,0
55,52.75,2812.5,one_year,electronic_check,fiber,0,0,93.1,False,False,True,1
38,70.24,2580.06,month_to_month,credit_card,fiber,1,0,12.1,True,True,True,0
38,71.28,2880.19,month_to_month,credit_card,fiber,2,0,32.3,False,False,False,0
44,50.19,2070.64,one_year,credit_card,none,0,1,180.9,False,False,True,1
63,75.89,4778.67,one_year,electronic_check,fiber,2,0,154.9,False,True,False,1
61,75.75,4787.38,month_to_month,electronic_check,dsl,0,0,26.3,False,True,True,1
8,66.34,528.15,two_year,electronic_check,fiber,2,1,41.7,True,False,False,1
43,123.26,5421.39,two_year,electronic_check,fiber,1,0,19.6,False,True,True,0
27,66.9,1865.02,one_year,electronic_check,dsl,2,0,48.2,False,False,True,1
58,63.86,3703.23,two_year,electronic_check,dsl,1,0,56.3,False,False,True,1
36,60.71,2173.8,two_year,credit_card,dsl,0,0,50.0,False,False,True,0
72,48.64,3311.34,one_year,electronic_check,fiber,0,1,102.5,True,False,False,1
31,85.09,2609.07,one_year,credit_card,none,3,1,18.5,False,True,True,1
49,54.9,2711.0,two_year,bank_transfer,dsl,1,1,54.1,False,False,True,1
7,57.51,423.42,two_year,bank_transfer,dsl,0,0,34.0,True,False,True,1
68,58.16,4176.81,one_year,credit_card,dsl,0,0,53.3,False,True,True,0
11,48.33,556.92,month_to_month,electronic_check,fiber,1,0,10.3,False,True,True,0
27,31.48,906.67,month_to_month,credit_card,dsl,0,1,28.6,False,False,True,0
61,59.82,3753.87,one_year,electronic_check,dsl,2,1,11.4,False,False,True,0
70,89.21,6293.35,two_year,credit_card,fiber,1,2,53.1,True,False,True,0
35,74.33,2593.81,month_to_month,mailed_check,fiber,0,0,29.0,False,True,False,1
35,104.33,3644.24,two_year,credit_card,none,0,0,8.7,False,False,True,0
3,86.52,228.0,month_to_month,mailed_check,none,1,0,45.0,False,False,True,1
71,81.53,5828.61,month_to_month,electronic_check,none,1,1,47.4,False,False,True,1
1,111.42,96.09,two_year,electronic_check,dsl,1,0,32.0,True,True,False,0
1,67.86,124.1,two_year,electronic_check,dsl,0,1,67.9,False,False,True,1
34,71.39,2336.44,one_year,electronic_check,fiber,2,0,77.8,False,True,True,1
0,69.75,13.22,two_year,electronic_check,dsl,0,0,108.3,False,True,False,1
11,103.96,1283.25,two_year,mailed_check,dsl,2,0,113.7,True,False,True,0
45,70.06,3132.48,two_year,credit_card,fiber,3,0,83.6,False,True,True,0
51,55.74,3008.61,two_year,mailed_check,dsl,2,1,76.7,False,False,False,1
21,82.93,1756.26,month_to_month,mailed_check,fiber,0,0,68.5,True,False,False,0
58,52.04,3013.23,month_to_month,bank_transfer,dsl,1,0,21.4,False,False,False,0
44,81.74,3607.06,month_to_month,mailed_check,dsl,1,0,71.5,True,False,False,0
16,79.1,1237.57,month_to_month,electronic_check,dsl,1,0,16.0,True,False,True,1
52,65.83,3244.91,month_to_month,mailed_check,dsl,1,0,83.8,False,True,False,0
43,82.45,3624.57,month_to_month,bank_transfer,fiber,0,0,96.1,True,False,True,1
59,37.27,2396.27,month_to_month,credit_card,dsl,0,0,24.8,False,False,False,0
11,73.59,852.73,one_year,bank_transfer,fiber,1,0,42.0,False,True,True,1
16,59.82,1005.84,month_to_month,mailed_check,fiber,2,1,48.0,False,False,True,1
22,130.0,2843.57,month_to_month,mailed_check,dsl,0,0,62.0,False,False,True,1
24,73.43,1866.52,month_to_month,electronic_check,fiber,1,0,78.1,False,False,True,1
64,56.88,3636.79,month_to_month,electronic_check,fiber,3,1,100.5,False,False,True,0
53,39.68,2127.09,one_year,electronic_check,fiber,2,1,52.7,False,False,False,1
39,98.72,3709.21,two_year,bank_transfer,none,0,0,29.2,True,False,False,0
39,62.3,2382.06,one_year,electronic_check,dsl,0,1,50.3,False,True,True,0
64,52.59,3398.82,one_year,bank_transfer,dsl,2,0,29.9,False,False,True,1
32,77.4,2558.45,two_year,credit_card,dsl,1,1,29.1,False,True,True,0
16,84.29,1432.78,one_year,mailed_check,fiber,3,2,41.0,False,False,True,1
9,83.95,613.42,month_to_month,bank_transfer,fiber,0,0,19.4,True,False,True,0
24,70.43,1557.32,month_to_month,credit_card,fiber,2,1,66.0,True,False,True,0
47,73.5,3507.07,one_year,credit_card,dsl,0,1,75.7,False,True,True,0
34,75.1,2486.19,one_year,bank_transfer,fiber,2,0,168.3,False,True,True,0
30,77.4,2402.51,two_year,electronic_check,none,1,0,39.4,False,True,True,0
35,79.35,2630.53,month_to_month,credit_card,fiber,0,0,19.7,False,False,False,0
71,94.08,6670.82,two_year,mailed_check,fiber,1,0,100.8,True,False,True,0
72,71.24,5126.2,month_to_month,credit_card,dsl,3,1,53.1,False,False,False,0
11,52.03,615.57,two_year,mailed_check,fiber,1,0,2.3,False,False,True,0
8,66.83,441.84,month_to_month,credit_card,fiber,4,0,35.1,False,True,True,1
17,86.58,1294.85,month_to_month,bank_transfer,none,1,0,38.8,False,False,False,0
62,30.7,1918.81,month_to_month,mailed_check,fiber,1,1,30.3,False,False,False,0
33,30.82,1064.44,month_to_month,bank_transfer,dsl,2,0,90.9,False,False,False,1
63,90.2,5773.27,month_to_month,mailed_check,dsl,0,0,26.4,False,True,True,0
47,103.44,4829.41,two_year,bank_transfer,fiber,2,0,144.7,True,False,True,0
40,42.17,1756.61,month_to_month,electronic_check,fiber,1,2,69.8,False,False,False,1
20,72.21,1487.92,month_to_month,electronic_check,dsl,1,0,45.6,False,False,True,1
25,61.21,1649.27,month_to_month,bank_transfer,none,2,2,7.2,True,False,True,1
10,64.26,637.62,one_year,mailed_check,dsl,0,0,52.7,False,False,False,0
37,76.72,2682.95,month_to_month,bank_transfer,fiber,0,0,65.1,True,True,True,0
20,41.56,825.11,month_to_month,electronic_check,fiber,0,1,24.0,False,False,True,1
21,45.64,966.4,two_year,bank_transfer,dsl,2,0,32.2,False,False,True,0
2,63.37,173.38,month_to_month,bank_transfer,fiber,1,1,70.9,False,True,False,1
58,66.8,3736.46,two_year,credit_card,fiber,2,1,60.4,False,False,False,0
68,45.23,3047.56,month_to_month,credit_card,dsl,1,1,30.8,False,False,False,0
36,87.37,3223.45,one_year,mailed_check,none,1,0,42.9,False,False,False,0
39,60.81,2362.22,one_year,credit_card,none,3,1,17.3,False,False,False,1
67,60.72,4040.72,month_to_month,electronic_check,dsl,1,1,30.5,False,False,True,1
37,76.22,2991.71,one_year,credit_card,none,1,0,38.7,False,True,True,0
45,67.16,2925.9,month_to_month,electronic_check,fiber,1,0,31.5,False,False,True,0
31,88.42,2852.0,month_to_month,bank_transfer,fiber,0,0,18.3,False,False,True,0
37,49.46,1921.93,two_year,mailed_check,fiber,2,1,130.7,True,False,True,1
38,39.26,1471.62,two_year,bank_transfer,dsl,0,1,15.0,True,False,False,1
51,63.18,3219.22,month_to_month,mailed_check,dsl,1,0,51.1,True,True,True,0
44,71.33,3135.24,one_year,bank_transfer,none,1,0,108.4,False,False,False,0
36,42.7,1553.58,month_to_month,credit_card,dsl,1,1,26.0,True,True,True,1
5,39.47,143.84,month_to_month,credit_card,fiber,0,0,5.3,False,False,True,1
66,74.01,4846.13,month_to_month,credit_card,fiber,0,0,47.6,False,False,True,0
64,53.33,3381.15,one_year,credit_card,dsl,2,0,29.3,False,False,False,1
13,38.04,465.42,one_year,electronic_check,dsl,0,0,29.9,False,True,True,0
21,91.24,1888.07,month_to_month,bank_transfer,dsl,0,0,73.9,False,True,True,1
71,56.1,3781.43,two_year,electronic_check,fiber,1,1,73.0,True,False,True,0
23,95.3,2200.69,one_year,electronic_check,fiber,3,1,37.1,False,False,False,1
59,70.63,4119.7,month_to_month,credit_card,fiber,1,1,31.2,False,False,False,1
57,76.48,4191.35,month_to_month,mailed_check,dsl,1,1,51.4,False,True,True,0
62,65.35,4020.2,one_year,electronic_check,fiber,0,0,25.4,False,True,False,0
1,18.0,0.0,month_to_month,bank_transfer,none,0,0,37.9,False,False,True,1
35,44.99,1689.42,month_to_month,credit_card,dsl,4,0,43.4,False,False,False,1
41,67.23,2707.9,month_to_month,electronic_check,dsl,1,0,130.1,False,False,True,0
61,78.02,4819.32,month_to_month,electronic_check,fiber,0,0,26.5,False,True,False,0
16,30.63,614.53,month_to_month,electronic_check,fiber,1,2,36.8,False,False,True,0
22,68.82,1457.51,one_year,credit_card,fiber,3,0,76.9,False,True,True,1
13,45.31,584.76,one_year,credit_card,fiber,1,0,78.8,False,False,True,0
55,75.16,4289.38,two_year,bank_transfer,fiber,0,1,36.2,False,True,False,0
72,69.57,5029.65,two_year,electronic_check,fiber,1,1,4.4,False,True,True,1
10,86.36,897.24,month_to_month,electronic_check,none,1,0,86.8,False,True,False,1
17,93.47,1552.34,month_to_month,electronic_check,none,3,0,89.9,False,False,True,1
22,80.1,1824.03,month_to_month,mailed_check,none,1,0,53.3,True,False,True,1
64,88.93,5687.95,two_year,credit_card,fiber,1,0,9.7,False,True,False,0
32,62.29,1828.39,month_to_month,credit_card,dsl,1,0,31.3,True,False,True,0
20,130.0,2568.03,month_to_month,bank_transfer,fiber,3,1,21.7,True,True,True,1
23,43.19,886.88,one_year,electronic_check,dsl,3,0,26.0,False,False,True,1
43,58.39,2520.87,month_to_month,electronic_check,dsl,0,0,40.8,False,False,True,1
28,89.83,2432.72,two_year,credit_card,fiber,2,0,129.1,False,False,False,0
10,86.56,908.63,month_to_month,mailed_check,fiber,2,1,29.6,False,True,True,0
59,80.72,4766.51,month_to_month,mailed_check,fiber,1,0,95.8,False,False,True,0
30,84.86,2433.48,two_year,electronic_check,fiber,1,0,86.8,False,True,False,1
18,24.16,390.55,month_to_month,electronic_check,fiber,2,1,14.5,False,False,False,1
53,104.96,5618.73,month_to_month,electronic_check,fiber,2,0,8.7,True,True,True,1
54,65.51,3640.86,one_year,electronic_check,dsl,1,0,31.1,True,True,False,0
11,97.41,990.29,one_year,mailed_check,fiber,3,0,66.9,False,False,True,1
5,25.26,27.53,month_to_month,electronic_check,fiber,2,2,86.7,False,True,True,0
3,75.64,402.51,month_to_month,electronic_check,none,0,1,97.5,False,False,True,1
55,57.6,3167.12,month_to_month,electronic_check,none,0,0,48.9,True,True,True,1
45,82.59,3724.78,month_to_month,mailed_check,fiber,2,2,90.0,True,True,True,1
57,76.98,4321.31,month_to_month,credit_card,dsl,0,1,13.9,False,False,True,1
45,78.05,3531.62,month_to_month,electronic_check,fiber,0,0,17.2,True,False,True,1
29,46.7,1508.66,one_year,credit_card,dsl,1,1,39.5,False,False,True,1
43,68.75,2979.14,one_year,electronic_check,none,2,1,58.7,False,False,True,1
52,66.04,3529.93,month_to_month,electronic_check,fiber,1,1,34.8,False,False,True,1
29,80.9,2348.71,month_to_month,mailed_check,fiber,4,0,31.2,False,False,False,0
66,91.76,5963.84,month_to_month,bank_transfer,dsl,4,0,41.2,False,False,True,0
65,73.31,4703.66,month_to_month,bank_transfer,dsl,2,0,47.6,False,True,True,1
58,41.92,2330.76,two_year,credit_card,none,3,0,130.6,False,True,True,0
72,72.37,5230.24,month_to_month,credit_card,fiber,1,0,14.3,True,False,True,1
28,127.44,3678.47,two_year,bank_transfer,fiber,3,0,26.9,False,False,True,0
8,106.21,864.17,one_year,electronic_check,dsl,0,0,31.4,False,False,True,0
35,18.0,602.3,two_year,bank_transfer,fiber,0,2,109.9,False,False,False,1
54,71.39,3783.99,two_year,credit_card,fiber,2,2,131.4,False,False,False,0
56,90.51,5100.55,two_year,electronic_check,fiber,2,0,109.7,False,False,False,1
28,65.99,1736.29,one_year,electronic_check,fiber,2,1,34.0,False,False,True,0
21,59.88,1155.41,month_to_month,mailed_check,fiber,2,0,31.5,False,True,True,1
32,64.13,2133.17,one_year,mailed_check,dsl,3,1,53.6,True,True,False,0
58,82.15,4739.7,month_to_month,electronic_check,fiber,0,0,140.0,False,False,False,1
4,44.73,152.15,month_to_month,electronic_check,fiber,2,0,62.9,True,True,False,1
23,96.15,2196.23,two_year,bank_transfer,dsl,2,0,54.5,False,False,True,0
16,68.77,1165.65,one_year,bank_transfer,dsl,2,2,39.0,True,False,True,1
58,49.43,2881.84,month_to_month,credit_card,dsl,0,0,58.3,False,False,True,0
34,94.74,3154.28,two_year,mailed_check,none,0,0,8.2,True,False,True,1
6,36.01,152.42,month_to_month,mailed_check,fiber,1,0,77.4,False,False,True,1
19,57.79,1080.45,two_year,electronic_check,none,1,0,46.2,False,False,True,1
3,57.42,199.46,one_year,electronic_check,none,1,0,81.2,True,False,True,1
34,117.17,3980.58,month_to_month,electronic_check,fiber,0,0,51.7,True,True,True,1
72,54.93,3943.76,month_to_month,mailed_check,dsl,2,0,123.1,True,True,True,0
41,22.59,930.36,two_year,credit_card,dsl,3,2,22.1,True,True,False,0
63,57.2,3600.34,month_to_month,mailed_check,dsl,0,0,14.6,False,False,False,1
54,80.02,4250.85,two_year,bank_transfer,dsl,1,1,26.9,False,False,True,0
64,87.25,5683.63,month_to_month,bank_transfer,none,1,0,28.2,False,True,True,0
22,120.08,2598.35,month_to_month,electronic_check,fiber,0,1,84.8,False,True,True,1
69,100.95,6977.18,one_year,electronic_check,dsl,3,0,79.2,False,False,True,0
17,74.13,1074.78,month_to_month,mailed_check,fiber,3,0,129.9,False,False,True,1
31,50.39,1542.72,month_to_month,credit_card,none,2,0,17.6,False,False,True,1
49,105.73,5081.81,one_year,mailed_check,fiber,3,0,55.8,False,False,True,1
20,61.89,1149.69,month_to_month,electronic_check,fiber,1,2,72.8,False,True,True,1
19,55.52,1272.88,month_to_month,bank_transfer,dsl,3,0,8.4,False,True,False,1
9,60.82,569.84,two_year,credit_card,fiber,1,0,20.8,True,False,True,0
0,42.45,110.34,month_to_month,electronic_check,dsl,3,1,45.5,True,False,True,1
36,59.77,2228.7,one_year,credit_card,fiber,3,0,11.2,False,False,True,0
72,64.87,4759.13,one_year,mailed_check,dsl,0,1,94.1,False,True,False,0
16,86.07,1359.2,one_year,credit_card,dsl,0,1,117.9,False,False,False,0
32,61.46,2111.3,month_to_month,credit_card,none,3,0,116.7,False,True,False,1
68,42.12,2940.36,two_year,bank_transfer,fiber,1,0,38.7,False,False,True,0
56,34.72,1948.04,month_to_month,bank_transfer,dsl,1,1,4.8,False,False,False,1
0,74.61,23.7,two_year,bank_transfer,fiber,1,0,18.3,False,False,True,1
36,71.6,2565.29,two_year,credit_card,none,2,0,31.8,False,False,True,1
10,57.81,582.8,one_year,credit_card,dsl,2,1,16.2,False,False,True,1
18,59.72,1071.04,month_to_month,credit_card,fiber,0,0,74.6,True,True,True,0
17,78.55,1369.69,month_to_month,mailed_check,dsl,1,0,6.6,True,False,True,1
44,100.59,4582.56,month_to_month,mailed_check,fiber,0,0,27.2,False,False,True,0
14,52.84,631.29,one_year,bank_transfer,none,1,0,25.3,False,True,True,0
18,71.96,1398.09,month_to_month,electronic_check,fiber,1,0,118.3,False,False,True,1
16,91.08,1424.14,month_to_month,mailed_check,fiber,1,1,27.1,False,False,False,1
26,52.93,1490.45,month_to_month,electronic_check,fiber,1,0,46.3,False,False,True,1
47,69.66,3244.01,month_to_month,electronic_check,dsl,5,0,45.7,False,False,False,0
29,69.16,2042.79,month_to_month,credit_card,dsl,3,0,47.0,False,False,True,1
23,41.15,932.15,month_to_month,bank_transfer,fiber,2,1,81.3,False,False,False,1
37,73.71,2571.52,month_to_month,electronic_check,fiber,1,0,39.8,True,True,True,0
44,70.69,3266.87,month_to_month,electronic_check,fiber,0,1,75.1,False,True,True,1
1,82.21,0.0,month_to_month,bank_transfer,dsl,1,0,24.7,False,False,True,1
64,43.89,2816.51,one_year,bank_transfer,none,0,0,49.6,False,False,True,1
66,70.22,4539.8,two_year,electronic_check,none,0,1,25.6,False,False,True,0
43,100.4,4196.87,month_to_month,electronic_check,dsl,2,0,27.9,False,False,False,1
41,115.7,4725.26,one_year,bank_transfer,fiber,0,0,32.4,False,False,True,0
50,98.16,4854.58,month_to_month,electronic_check,fiber,0,0,82.8,False,False,False,0
32,44.1,1306.01,one_year,electronic_check,dsl,1,0,8.7,True,False,False,0
26,79.92,2074.73,month_to_month,mailed_check,dsl,0,0,10.3,False,False,True,0
25,59.37,1350.88,two_year,bank_transfer,fiber,1,0,42.0,False,False,True,1
11,76.25,850.04,one_year,credit_card,fiber,3,1,87.6,True,False,True,1
61,53.01,3222.15,one_year,credit_card,dsl,3,1,58.3,False,True,False,1
23,32.3,519.66,month_to_month,bank_transfer,dsl,2,0,126.3,True,False,False,0
20,62.42,1201.32,two_year,credit_card,none,0,0,43.0,False,False,True,1
70,85.9,6055.16,month_to_month,bank_transfer,fiber,2,1,5.2,False,False,True,0
36,76.34,2652.52,month_to_month,bank_transfer,dsl,1,0,68.9,False,False,True,0
45,78.86,3594.76,one_year,electronic_check,none,0,0,158.8,False,True,False,0
17,74.76,1309.86,one_year,credit_card,fiber,1,0,33.9,False,False,True,0
20,78.9,1486.41,two_year,electronic_check,fiber,1,0,75.9,True,True,False,0
53,81.65,4326.34,one_year,bank_transfer,fiber,1,0,61.0,False,False,True,0
32,63.96,2120.97,one_year,bank_transfer,dsl,0,0,50.5,False,True,False,1
10,71.82,639.32,month_to_month,bank_transfer,fiber,0,0,44.8,False,False,False,0
60,108.35,6482.48,month_to_month,credit_card,none,3,0,52.3,False,False,False,0
29,73.12,2224.0,month_to_month,credit_card,dsl,0,0,174.7,False,True,False,1
48,70.94,3327.93,one_year,bank_transfer,dsl,1,0,7.9,False,False,False,0
24,72.26,1775.56,one_year,electronic_check,dsl,1,3,44.2,False,False,True,1
40,65.21,2511.27,one_year,mailed_check,fiber,1,1,12.6,True,False,False,0
56,60.42,3369.03,one_year,credit_card,dsl,0,0,64.9,False,False,True,0
64,74.59,4813.97,month_to_month,credit_card,dsl,3,0,20.8,False,False,False,0
15,58.87,666.64,month_to_month,bank_transfer,fiber,3,0,30.1,False,True,True,1
49,66.8,3225.11,two_year,bank_transfer,fiber,2,0,14.3,False,False,True,1
66,52.61,3510.9,month_to_month,credit_card,fiber,1,0,79.0,False,False,False,1
46,72.38,3349.81,month_to_month,credit_card,dsl,1,0,68.8,False,False,True,0
10,82.85,781.49,one_year,bank_transfer,fiber,1,0,36.6,False,True,False,0
13,65.34,750.01,month_to_month,credit_card,dsl,3,0,47.1,False,False,False,1
14,25.82,418.04,month_to_month,credit_card,none,0,0,3.2,False,True,False,0
7,82.99,551.91,one_year,bank_transfer,fiber,1,1,56.3,False,False,True,1
55,72.64,4044.28,month_to_month,electronic_check,fiber,3,2,38.9,False,False,False,1
70,48.15,3404.72,two_year,bank_transfer,fiber,2,0,20.2,False,False,True,1
37,87.01,3179.1,two_year,electronic_check,fiber,1,0,108.8,False,True,True,1
43,39.23,1783.42,month_to_month,bank_transfer,none,0,2,32.3,False,True,False,1
56,93.0,5154.52,two_year,electronic_check,fiber,0,2,4.3,False,False,False,0
30,68.74,2169.34,month_to_month,credit_card,fiber,3,0,140.5,False,False,True,0
34,20.08,801.64,month_to_month,electronic_check,fiber,2,0,39.1,False,True,True,1
42,73.92,3199.15,one_year,electronic_check,fiber,2,0,30.1,True,False,False,1
22,61.06,1327.07,one_year,bank_transfer,dsl,1,1,192.0,False,False,False,0
4,57.75,460.24,month_to_month,credit_card,fiber,3,1,67.1,False,True,True,0
41,53.77,2218.24,month_to_month,credit_card,dsl,3,0,51.7,False,False,False,1
60,67.2,4053.7,month_to_month,mailed_check,dsl,0,1,17.7,False,True,True,0
5,59.33,294.66,month_to_month,electronic_check,dsl,2,0,76.3,False,False,True,1
15,29.15,335.57,month_to_month,credit_card,fiber,0,0,29.1,True,False,True,1
19,97.99,1978.37,two_year,credit_card,fiber,3,0,59.1,True,False,True,0
58,64.62,3696.44,two_year,bank_transfer,fiber,3,0,42.7,False,False,False,0
36,53.9,2023.16,month_to_month,electronic_check,fiber,0,0,14.5,False,False,True,0
39,45.17,1865.99,month_to_month,credit_card,dsl,2,3,90.5,False,True,True,1
47,86.96,4141.42,month_to_month,bank_transfer,dsl,2,0,203.6,False,True,True,0
20,41.43,766.32,month_to_month,credit_card,none,0,0,45.8,False,False,False,1
52,72.95,3762.7,one_year,mailed_check,dsl,1,0,38.9,True,False,False,0
2,57.16,0.0,one_year,electronic_check,fiber,2,0,57.0,False,False,True,1
8,58.44,457.04,month_to_month,electronic_check,fiber,3,2,62.7,True,True,True,1
59,45.72,2769.72,two_year,credit_card,none,2,2,30.0,False,False,True,0
48,56.35,2683.42,two_year,electronic_check,fiber,0,0,49.4,False,False,False,0
12,70.19,789.17,month_to_month,credit_card,fiber,3,0,55.9,True,False,False,0
32,75.18,2378.96,two_year,electronic_check,none,1,0,44.0,False,False,False,0
3,52.72,267.54,month_to_month,credit_card,fiber,1,1,78.5,True,False,True,1
49,68.0,3327.11,two_year,mailed_check,dsl,1,0,89.1,False,False,False,0
55,89.55,5092.46,one_year,mailed_check,fiber,1,0,51.7,False,True,True,1
20,33.42,617.03,month_to_month,electronic_check,dsl,0,0,85.5,True,False,False,1
25,69.86,1766.05,month_to_month,electronic_check,fiber,1,0,84.0,False,False,True,1
17,49.08,795.35,one_year,mailed_check,none,0,0,29.2,False,False,False,1
28,46.84,1498.22,two_year,credit_card,fiber,2,0,36.7,False,True,True,0
19,75.74,1455.23,two_year,credit_card,fiber,1,0,99.7,False,False,False,0
18,58.0,1235.53,month_to_month,bank_transfer,dsl,1,0,85.2,False,False,True,0
31,43.23,1302.32,two_year,credit_card,dsl,1,1,30.2,False,True,True,1
62,99.13,6283.54,month_to_month,credit_card,fiber,5,0,30.9,True,True,False,1
55,90.24,4973.82,month_to_month,mailed_check,fiber,0,1,12.7,False,False,False,0
21,27.49,652.59,month_to_month,credit_card,dsl,0,1,60.9,False,False,False,0
68,37.56,2444.31,two_year,bank_transfer,none,2,1,20.7,True,False,False,0
15,83.06,1277.26,one_year,mailed_check,dsl,0,0,26.5,False,False,False,0
66,63.73,4109.96,month_to_month,credit_card,dsl,0,0,17.7,False,False,True,0
22,103.01,2289.36,one_year,mailed_check,fiber,1,0,48.5,False,False,False,0
39,83.56,3122.18,two_year,electronic_check,dsl,4,1,23.1,False,False,False,0
14,76.59,1063.79,month_to_month,mailed_check,none,0,2,26.8,True,False,True,1
55,47.52,2712.21,month_to_month,electronic_check,fiber,3,0,47.6,False,False,True,0
23,80.81,1907.91,month_to_month,electronic_check,fiber,1,0,52.1,False,True,True,1
63,41.93,2530.53,month_to_month,bank_transfer,fiber,1,1,34.9,True,False,False,1
6,98.72,421.47,month_to_month,mailed_check,dsl,0,0,53.7,False,False,False,1
36,79.29,2899.17,one_year,bank_transfer,dsl,0,0,6.5,False,True,True,0
11,51.85,712.66,month_to_month,bank_transfer,dsl,3,0,41.4,False,False,True,1
64,87.7,5526.04,two_year,mailed_check,dsl,1,3,44.8,False,False,False,0
30,119.31,3768.07,two_year,credit_card,dsl,1,0,61.3,False,False,True,0
49,65.21,3194.71,month_to_month,mailed_check,none,2,0,59.2,False,True,True,1
64,82.11,5078.76,month_to_month,electronic_check,fiber,0,1,22.3,False,False,True,1
39,60.5,2219.02,month_to_month,electronic_check,fiber,0,0,83.8,False,False,True,0
4,71.88,356.82,one_year,electronic_check,dsl,0,0,212.0,False,False,False,1
16,36.84,601.1,month_to_month,mailed_check,dsl,2,1,36.9,False,False,False,0
15,69.99,1183.25,one_year,electronic_check,fiber,0,0,79.6,False,False,False,0
66,70.96,4575.53,one_year,credit_card,fiber,0,0,37.7,False,True,True,0
66,109.58,7242.94,one_year,electronic_check,dsl,1,0,19.8,True,False,True,1
34,30.51,1037.95,month_to_month,electronic_check,fiber,1,1,119.4,False,False,False,1
64,63.82,4071.61,two_year,credit_card,dsl,0,0,32.4,False,False,True,0
17,98.34,1637.35,two_year,electronic_check,dsl,1,0,152.8,False,False,True,0
49,64.68,3136.68,one_year,mailed_check,none,1,1,25.7,False,True,True,0
28,66.23,1870.16,month_to_month,mailed_check,dsl,1,1,81.2,True,False,False,1
17,51.67,905.62,one_year,bank_transfer,fiber,2,0,89.4,False,False,False,1
18,49.48,913.37,two_year,credit_card,dsl,0,0,16.2,False,False,True,0
30,29.83,1003.44,one_year,mailed_check,fiber,1,2,16.9,False,False,True,1
24,56.16,1239.72,one_year,credit_card,fiber,0,1,24.9,False,True,True,1
15,48.23,560.4,month_to_month,electronic_check,dsl,0,1,27.1,False,False,True,1
24,72.6,1833.93,month_to_month,electronic_check,dsl,1,0,108.3,False,False,True,1
9,52.67,389.11,one_year,credit_card,dsl,1,0,208.6,True,False,True,1
70,59.45,4127.35,two_year,credit_card,dsl,1,0,33.0,False,False,False,1
27,60.05,1566.26,month_to_month,credit_card,dsl,2,1,19.9,False,False,True,1
7,68.94,425.56,month_to_month,bank_transfer,dsl,2,0,42.7,True,False,True,0
42,58.37,2320.3,month_to_month,bank_transfer,fiber,3,0,108.9,False,False,True,0
64,46.64,2933.7,month_to_month,electronic_check,fiber,1,0,24.5,True,False,False,0
26,71.89,1927.58,one_year,credit_card,fiber,0,0,12.2,False,False,True,0
61,93.48,5701.93,month_to_month,bank_transfer,dsl,1,0,45.8,False,True,True,0
44,72.83,3249.93,one_year,electronic_check,none,0,1,55.5,True,False,False,0
53,56.58,2954.09,month_to_month,electronic_check,none,2,0,29.8,True,False,True,1
21,67.29,1494.35,one_year,bank_transfer,fiber,0,0,99.0,False,False,True,0
2,24.89,4.03,month_to_month,credit_card,none,1,2,40.2,False,False,False,1
25,66.93,1483.48,one_year,electronic_check,none,1,0,82.1,False,False,True,1
67,61.19,4128.23,month_to_month,credit_card,fiber,0,1,7.0,False,False,False,0
57,49.46,2888.28,month_to_month,credit_card,dsl,2,0,23.9,True,False,True,0
57,53.45,2996.32,one_year,electronic_check,none,1,0,47.2,False,False,True,0
64,60.97,4010.01,month_to_month,bank_transfer,fiber,1,0,46.9,False,True,False,0
27,91.83,2402.85,month_to_month,credit_card,none,1,0,88.7,False,False,False,0
23,94.03,2223.06,two_year,electronic_check,dsl,1,0,80.9,False,False,True,0
67,49.58,3478.89,one_year,mailed_check,fiber,0,1,30.8,False,True,False,0
41,58.6,2405.91,month_to_month,credit_card,fiber,0,0,23.2,False,False,True,0
21,59.16,1221.98,one_year,mailed_check,fiber,0,1,41.6,False,True,False,0
20,87.81,1746.69,month_to_month,electronic_check,dsl,3,0,55.7,True,False,True,0
64,73.2,4831.35,month_to_month,credit_card,fiber,1,1,25.2,False,False,False,0
3,72.04,252.37,month_to_month,bank_transfer,fiber,2,0,83.9,False,False,False,1
4,81.8,520.18,month_to_month,mailed_check,none,0,0,71.6,True,False,False,1
53,56.88,3039.77,month_to_month,bank_transfer,fiber,3,0,27.3,False,False,False,0
0,100.01,0.0,one_year,bank_transfer,fiber,1,0,18.0,False,True,False,0
12,69.96,787.0,month_to_month,bank_transfer,none,3,0,92.0,False,True,True,1
72,51.17,3689.78,month_to_month,electronic_check,none,1,0,137.0,False,True,False,1
31,64.95,1829.73,month_to_month,bank_transfer,dsl,0,1,68.9,False,False,False,0
53,97.1,5103.55,month_to_month,credit_card,fiber,0,0,51.3,False,False,False,0
35,60.65,2082.0,one_year,electronic_check,fiber,2,1,77.7,False,True,False,1
6,90.89,566.92,month_to_month,electronic_check,dsl,0,0,109.8,False,False,False,1
13,56.24,905.88,month_to_month,electronic_check,dsl,0,0,46.8,False,True,False,1
55,53.16,2928.73,month_to_month,electronic_check,dsl,1,1,5.6,False,True,False,1
6,84.51,334.02,month_to_month,electronic_check,fiber,2,0,58.3,True,False,False,1
43,50.77,2100.86,one_year,electronic_check,dsl,1,1,59.7,False,False,False,1
25,88.1,2226.11,one_year,bank_transfer,dsl,1,1,29.0,False,True,True,1
27,77.74,2107.35,one_year,credit_card,none,0,0,40.9,True,True,True,0
69,50.78,3650.02,month_to_month,electronic_check,fiber,2,0,70.6,True,False,True,0
44,68.43,3097.33,month_to_month,bank_transfer,fiber,0,0,31.2,False,False,True,0
44,57.93,2632.63,one_year,electronic_check,fiber,1,0,39.3,True,False,True,0
25,77.68,1922.46,two_year,credit_card,dsl,2,1,49.2,False,True,True,1
27,111.53,3110.23,month_to_month,mailed_check,none,2,1,71.0,True,False,True,1
50,61.84,3011.37,one_year,bank_transfer,fiber,0,0,101.7,False,True,True,1
2,81.74,250.63,month_to_month,credit_card,dsl,1,0,63.1,True,False,True,1
17,70.54,1173.76,two_year,credit_card,dsl,2,1,139.9,False,True,True,0
43,70.53,2902.47,month_to_month,electronic_check,fiber,2,0,33.3,False,False,True,1
45,66.37,3040.04,month_to_month,credit_card,dsl,1,1,47.0,True,False,True,1
6,51.14,432.62,month_to_month,electronic_check,fiber,0,0,45.4,False,False,True,0
57,77.37,4373.5,one_year,credit_card,none,1,0,9.2,False,False,True,0
39,63.65,2623.0,one_year,mailed_check,dsl,1,0,11.2,True,True,True,1
17,50.09,702.5,one_year,bank_transfer,dsl,1,0,16.0,True,True,True,0
54,92.31,4877.03,one_year,credit_card,fiber,2,0,18.7,False,False,False,0
72,72.18,5183.75,month_to_month,bank_transfer,fiber,0,1,20.4,False,True,True,0
30,64.98,1916.03,month_to_month,bank_transfer,fiber,1,1,6.4,False,True,False,0
20,99.48,1929.56,two_year,credit_card,fiber,1,0,104.6,False,False,True,0
21,29.61,633.84,month_to_month,mailed_check,dsl,2,1,49.1,False,False,True,1
43,98.0,4166.43,month_to_month,bank_transfer,dsl,0,0,77.1,False,True,True,1
3,50.64,119.61,month_to_month,bank_transfer,dsl,0,1,37.1,False,True,True,0
35,74.65,2637.81,month_to_month,electronic_check,dsl,3,1,29.2,True,False,False,1
1,57.06,0.0,month_to_month,credit_card,fiber,2,1,97.5,False,True,False,1
2,49.69,89.84,one_year,credit_card,fiber,0,0,85.5,False,False,True,1
31,98.91,3008.11,one_year,electronic_check,fiber,0,0,25.7,True,False,True,1
54,110.84,5876.85,month_to_month,bank_transfer,dsl,3,0,24.5,False,False,True,0
64,65.13,4237.05,month_to_month,mailed_check,fiber,0,1,128.3,False,False,True,1
6,77.38,617.98,two_year,bank_transfer,fiber,2,0,133.1,True,True,True,1
17,71.25,1307.06,one_year,electronic_check,fiber,1,1,6.6,False,False,True,0
30,108.07,3271.95,two_year,electronic_check,fiber,2,0,45.0,False,True,True,1
41,23.51,906.17,month_to_month,electronic_check,fiber,2,0,23.8,True,False,False,1
72,78.3,5611.78,two_year,electronic_check,fiber,1,0,31.3,True,False,True,0
49,54.0,2741.13,two_year,electronic_check,dsl,0,1,45.3,False,False,False,0
39,18.17,503.3,month_to_month,electronic_check,fiber,0,0,83.9,False,False,False,1
4,62.07,215.59,one_year,electronic_check,fiber,0,1,61.6,False,False,False,1
5,110.66,619.37,month_to_month,electronic_check,dsl,1,0,9.4,False,True,True,1
11,55.57,508.82,one_year,electronic_check,fiber,0,1,15.9,False,True,True,1
48,87.4,4233.3,one_year,mailed_check,fiber,2,0,125.1,False,True,True,1
24,96.37,2346.81,month_to_month,mailed_check,dsl,0,0,28.1,False,False,True,0
17,69.72,1054.35,month_to_month,bank_transfer,fiber,1,0,24.8,False,False,False,0
48,72.65,3495.03,month_to_month,electronic_check,dsl,0,0,95.9,True,False,True,0
59,32.24,1846.59,one_year,electronic_check,dsl,2,0,41.5,False,False,True,1
32,54.24,1773.13,one_year,credit_card,none,0,0,31.7,False,False,True,0
64,89.95,5817.08,month_to_month,bank_transfer,fiber,1,1,10.8,False,False,False,0
53,71.33,3816.39,two_year,bank_transfer,dsl,2,1,21.8,True,False,False,0
52,78.08,4066.69,month_to_month,bank_transfer,dsl,2,1,22.3,False,False,False,1
63,72.93,4620.59,month_to_month,credit_card,dsl,1,0,76.9,False,True,True,0
13,118.22,1431.01,month_to_month,mailed_check,fiber,0,1,34.5,False,False,True,1
55,60.53,3326.38,two_year,bank_transfer,dsl,1,0,47.4,False,False,False,0
69,105.32,7195.4,one_year,electronic_check,dsl,2,2,41.6,False,False,True,1
72,72.94,5344.52,one_year,credit_card,fiber,2,0,36.2,True,True,False,0
42,107.27,4566.83,two_year,credit_card,fiber,0,0,22.4,False,True,True,0
55,43.05,2428.99,month_to_month,electronic_check,none,1,0,66.4,False,False,True,0
64,74.06,4894.05,month_to_month,credit_card,dsl,1,0,48.0,True,True,False,1
62,61.34,3773.38,one_year,bank_transfer,dsl,1,0,23.0,False,False,True,1
65,73.07,4700.14,month_to_month,credit_card,dsl,3,0,70.9,False,True,True,0
60,96.89,5781.58,month_to_month,mailed_check,fiber,0,0,16.8,False,False,True,0
27,78.33,1970.71,month_to_month,electronic_check,fiber,0,1,39.6,False,False,True,0
53,96.85,4995.93,month_to_month,mailed_check,dsl,1,0,36.9,False,False,False,0
29,55.26,1658.44,month_to_month,electronic_check,dsl,3,1,78.7,False,True,True,1
58,51.9,2884.64,month_to_month,mailed_check,dsl,2,1,17.6,False,False,True,1
59,70.35,4053.91,two_year,electronic_check,fiber,0,0,8.4,False,True,True,0
68,69.15,4693.05,month_to_month,credit_card,dsl,1,0,62.6,False,False,True,1
42,65.91,2731.12,two_year,mailed_check,dsl,0,0,69.9,False,True,True,1
34,48.91,1742.65,month_to_month,electronic_check,fiber,1,0,167.8,False,True,True,1
12,96.37,1161.88,two_year,bank_transfer,dsl,3,0,226.2,False,False,False,0
46,62.02,2781.06,month_to_month,credit_card,fiber,2,0,14.8,False,False,True,1
41,101.37,4243.62,month_to_month,credit_card,fiber,1,0,101.2,False,False,True,1
37,70.28,2665.95,month_to_month,bank_transfer,dsl,1,1,97.9,False,False,True,1
49,84.27,4002.24,month_to_month,electronic_check,fiber,2,0,71.8,False,False,True,1
62,82.27,5123.44,one_year,bank_transfer,dsl,3,0,83.1,False,True,True,1
10,51.87,454.34,month_to_month,electronic_check,dsl,0,0,22.9,False,False,False,0
31,78.08,2353.75,month_to_month,bank_transfer,fiber,1,0,77.5,False,False,True,0
52,112.42,6014.1,one_year,bank_transfer,dsl,3,1,42.8,False,False,False,0
59,75.54,4468.04,one_year,electronic_check,fiber,2,0,9.8,False,True,True,0
56,89.83,5010.9,month_to_month,electronic_check,fiber,1,0,38.4,False,False,True,1
58,85.25,4952.15,month_to_month,credit_card,fiber,0,1,50.3,False,False,True,0
62,76.76,4837.8,one_year,electronic_check,dsl,0,0,66.8,False,False,False,0
70,74.1,5123.86,month_to_month,bank_transfer,fiber,3,0,24.4,False,True,True,0
44,82.04,3561.98,one_year,mailed_check,fiber,1,0,56.3,True,False,True,0
18,86.79,1621.32,month_to_month,electronic_check,none,0,0,82.4,False,False,False,1
41,40.25,1513.77,two_year,credit_card,none,1,0,105.8,True,True,True,0
51,75.44,3936.61,one_year,mailed_check,none,2,0,64.7,True,False,True,1
7,65.95,317.18,one_year,mailed_check,fiber,0,0,27.4,True,False,False,1
55,61.39,3354.33,two_year,electronic_check,dsl,1,0,41.7,True,False,True,0
39,98.51,3698.0,two_year,bank_transfer,dsl,2,0,52.7,False,True,True,0
68,53.87,3568.1,one_year,electronic_check,fiber,1,0,64.6,False,True,False,0
15,39.32,706.59,one_year,bank_transfer,fiber,1,0,101.1,False,False,True,0
66,87.51,5869.66,two_year,electronic_check,fiber,2,0,81.1,True,True,True,0
32,38.75,1343.62,month_to_month,electronic_check,dsl,1,1,69.4,False,False,False,0
41,27.59,1000.78,one_year,credit_card,dsl,3,1,8.3,False,False,True,0
48,89.98,4224.44,one_year,electronic_check,fiber,1,2,50.0,False,True,False,0
42,73.49,3117.17,one_year,credit_card,fiber,0,0,17.5,True,True,True,0
65,80.4,5290.38,two_year,credit_card,dsl,1,0,81.3,False,True,False,0
12,60.27,651.28,one_year,mailed_check,dsl,0,0,44.6,True,False,True,1
53,39.54,2043.52,one_year,credit_card,dsl,0,0,96.3,False,False,True,0
71,43.91,3015.79,two_year,bank_transfer,fiber,3,1,26.7,False,False,True,0
16,64.01,1173.4,one_year,electronic_check,none,1,0,16.9,False,False,True,0
18,42.01,713.43,month_to_month,mailed_check,fiber,1,0,44.6,False,False,True,0
34,76.76,2612.66,month_to_month,credit_card,fiber,1,0,24.7,False,False,True,0
52,59.83,3118.69,month_to_month,electronic_check,none,1,0,62.6,False,False,True,1
70,74.07,5284.41,month_to_month,credit_card,fiber,0,1,44.8,False,False,True,1
58,73.41,4172.06,one_year,electronic_check,dsl,1,1,28.9,False,False,False,0
57,78.51,4580.21,two_year,electronic_check,fiber,0,0,67.2,False,True,True,0
32,80.99,2476.6,month_to_month,electronic_check,dsl,1,0,26.6,False,True,True,0
47,62.43,3039.12,two_year,credit_card,fiber,2,0,68.5,False,False,True,0
15,74.05,956.37,one_year,electronic_check,fiber,0,1,23.0,False,False,False,0
33,75.19,2471.86,two_year,bank_transfer,fiber,1,0,21.4,False,False,True,1
13,18.0,380.29,month_to_month,electronic_check,none,0,1,4.1,False,True,True,0
1,84.22,146.97,month_to_month,electronic_check,none,1,1,42.5,False,False,True,1
62,73.3,4582.51,one_year,electronic_check,dsl,1,0,28.3,False,False,False,0
58,82.41,4685.42,one_year,credit_card,none,2,0,40.7,False,False,False,0
37,41.69,1476.4,two_year,electronic_check,dsl,1,1,98.3,False,False,True,1
1,63.05,184.05,two_year,electronic_check,fiber,0,1,14.0,True,False,True,0
6,45.99,318.45,month_to_month,electronic_check,fiber,1,0,20.6,False,False,False,1
8,86.38,771.16,month_to_month,mailed_check,dsl,0,0,20.6,False,True,True,1
52,39.09,2039.32,one_year,electronic_check,dsl,1,1,18.7,False,True,True,0
14,49.57,668.62,month_to_month,electronic_check,fiber,0,2,12.0,False,False,True,1
18,81.75,1540.5,two_year,credit_card,fiber,0,0,35.0,False,True,True,1
62,56.15,3504.64,one_year,credit_card,none,0,0,14.7,False,False,True,0
63,49.58,3108.24,two_year,electronic_check,fiber,1,1,99.4,True,False,True,1
55,89.95,4819.99,two_year,mailed_check,fiber,0,0,61.5,False,True,False,0
22,90.85,2084.55,month_to_month,bank_transfer,dsl,2,0,81.0,False,False,True,1
42,85.89,3646.98,month_to_month,credit_card,dsl,1,1,11.1,False,True,False,0
14,88.67,1186.82,one_year,credit_card,fiber,2,0,23.2,False,False,False,1
62,64.91,4130.55,two_year,bank_transfer,dsl,1,0,44.0,False,True,False,0
6,65.5,414.94,one_year,electronic_check,fiber,1,1,25.5,False,True,True,1
54,55.74,3033.67,month_to_month,mailed_check,fiber,0,1,18.0,False,False,False,0
37,73.69,2806.08,one_year,electronic_check,dsl,1,1,42.9,False,True,True,0
55,58.39,3271.63,month_to_month,credit_card,none,0,0,19.2,True,False,False,0
32,60.47,1961.47,month_to_month,electronic_check,dsl,2,1,8.5,False,True,False,1
11,83.2,898.23,two_year,bank_transfer,fiber,1,0,40.4,False,False,True,1
54,96.06,5365.77,month_to_month,bank_transfer,fiber,0,1,14.4,False,False,True,0
46,78.76,3556.92,month_to_month,bank_transfer,fiber,1,0,172.2,False,False,True,1
33,109.47,3679.65,month_to_month,electronic_check,fiber,0,1,86.5,False,True,True,1
27,54.48,1463.41,two_year,bank_transfer,fiber,0,2,54.0,False,False,True,1
25,29.56,779.92,month_to_month,mailed_check,fiber,0,1,52.6,False,True,True,1
35,85.72,3111.21,month_to_month,electronic_check,fiber,1,2,101.6,False,False,True,1
19,53.02,979.34,month_to_month,electronic_check,dsl,2,0,70.3,False,True,True,1
20,63.98,1333.77,one_year,credit_card,fiber,1,1,130.7,False,True,False,1
20,31.06,645.1,month_to_month,bank_transfer,fiber,2,0,70.9,False,False,False,0
0,50.22,0.0,two_year,electronic_check,fiber,0,1,23.9,False,False,True,1
67,36.95,2588.88,two_year,electronic_check,dsl,0,1,1.7,False,False,False,0
17,60.45,1091.66,month_to_month,credit_card,fiber,1,0,118.6,False,False,False,1
12,61.32,696.73,month_to_month,bank_transfer,fiber,2,0,34.5,False,True,True,1
11,71.98,891.1,month_to_month,electronic_check,fiber,1,1,88.4,False,True,True,1
72,97.27,6928.61,month_to_month,credit_card,fiber,3,0,104.0,True,True,True,0
34,84.89,2883.66,month_to_month,bank_transfer,dsl,0,2,59.1,False,False,True,0
23,34.31,750.5,one_year,electronic_check,fiber,1,0,38.9,False,True,False,0
29,83.38,2485.64,month_to_month,electronic_check,dsl,1,0,82.5,False,False,True,1
6,72.46,391.59,month_to_month,electronic_check,dsl,1,1,7.4,False,True,False,0
22,67.85,1560.96,month_to_month,bank_transfer,dsl,0,0,22.0,False,True,True,1
18,69.5,1304.5,month_to_month,bank_transfer,dsl,0,1,88.5,False,False,True,1
58,74.5,4287.23,month_to_month,bank_transfer,fiber,1,1,82.0,True,False,False,0
4,54.78,383.79,month_to_month,credit_card,fiber,1,1,42.3,False,False,True,1
31,65.99,1978.62,one_year,electronic_check,fiber,1,0,88.0,True,False,True,1
57,96.05,5348.04,month_to_month,credit_card,fiber,1,0,20.2,True,True,True,0
60,54.51,3347.65,month_to_month,credit_card,fiber,1,1,68.3,False,False,False,0
37,47.34,1558.13,two_year,bank_transfer,fiber,2,0,8.8,True,False,True,1
16,68.64,1232.5,one_year,mailed_check,fiber,1,0,75.3,False,False,False,1
24,45.13,1092.28,two_year,credit_card,none,0,1,104.9,False,True,True,1
16,32.1,385.17,month_to_month,bank_transfer,fiber,2,1,102.3,False,False,True,0
48,62.42,2910.8,month_to_month,electronic_check,fiber,4,2,19.3,True,False,True,1
21,101.87,1992.2,month_to_month,credit_card,dsl,0,0,112.0,False,True,True,0
46,69.15,3215.36,one_year,bank_transfer,dsl,0,0,38.8,False,False,True,0
47,73.93,3355.29,two_year,bank_transfer,fiber,0,0,15.5,False,False,True,0
68,23.14,1618.71,month_to_month,mailed_check,dsl,2,0,41.7,False,True,False,0
27,79.64,2122.85,month_to_month,mailed_check,fiber,1,1,83.7,True,True,True,1
70,72.05,5000.72,month_to_month,credit_card,none,2,0,127.5,False,True,True,0
29,55.37,1651.57,month_to_month,mailed_check,dsl,1,0,66.8,True,False,True,0
49,73.96,3680.16,month_to_month,bank_transfer,fiber,0,1,127.5,False,False,True,1
48,73.74,3642.64,two_year,credit_card,dsl,1,0,64.9,True,False,False,0
59,46.69,2697.67,month_to_month,electronic_check,fiber,0,1,14.8,True,False,False,1
34,77.3,2625.52,month_to_month,mailed_check,fiber,1,1,53.0,False,True,True,1
57,96.34,5434.2,one_year,mailed_check,dsl,1,0,56.9,False,False,True,0
25,64.99,1639.42,month_to_month,credit_card,dsl,0,0,44.5,False,False,False,1
35,50.91,1711.8,two_year,electronic_check,none,1,2,31.3,True,True,False,0
36,66.09,2341.07,month_to_month,electronic_check,fiber,1,0,156.9,False,True,True,1
51,88.8,4491.09,two_year,electronic_check,dsl,0,0,19.1,False,False,False,0
45,43.02,1962.3,month_to_month,bank_transfer,dsl,2,1,3.6,False,False,True,1
5,82.73,413.92,month_to_month,credit_card,fiber,1,0,55.4,True,False,True,1
59,55.08,3295.29,month_to_month,credit_card,dsl,5,0,66.1,False,False,True,1
55,75.33,4133.52,two_year,electronic_check,none,3,0,32.1,True,False,True,0
7,57.58,350.88,month_to_month,bank_transfer,dsl,1,0,22.9,False,False,False,1
70,57.53,4044.32,month_to_month,bank_transfer,fiber,1,0,117.9,False,False,True,0
48,103.51,4885.93,month_to_month,mailed_check,dsl,6,0,36.8,True,True,True,1
6,39.0,285.22,month_to_month,credit_card,dsl,2,0,27.5,False,False,False,0
35,80.68,2798.11,two_year,electronic_check,fiber,7,1,14.4,False,False,True,1
61,108.09,6611.9,two_year,electronic_check,fiber,3,2,34.7,False,False,False,1
20,85.08,1721.4,one_year,mailed_check,dsl,1,0,154.6,False,False,False,0
68,40.72,2913.1,month_to_month,mailed_check,fiber,2,0,30.1,False,False,False,0
30,41.81,1288.64,one_year,electronic_check,dsl,1,0,14.1,True,False,True,0
16,53.46,861.95,one_year,electronic_check,fiber,2,0,72.7,True,True,False,0
26,73.47,1847.91,month_to_month,bank_transfer,fiber,0,1,65.2,False,True,True,1
38,74.97,2921.07,month_to_month,bank_transfer,dsl,2,0,57.0,True,False,True,0
50,42.02,2076.68,one_year,bank_transfer,fiber,1,0,46.6,False,False,True,0
67,50.8,3266.31,two_year,electronic_check,fiber,2,1,39.9,False,False,True,0
14,52.15,712.54,month_to_month,mailed_check,fiber,1,0,55.5,False,False,True,0
70,66.02,4638.63,two_year,credit_card,dsl,3,0,66.7,False,False,False,0
38,113.66,4245.41,one_year,credit_card,fiber,0,2,85.0,False,False,False,1
9,49.47,434.59,two_year,electronic_check,dsl,1,0,117.6,False,False,True,0
67,48.51,3243.74,two_year,electronic_check,none,0,1,45.7,False,False,False,0
25,45.07,1121.72,month_to_month,electronic_check,dsl,2,0,71.7,False,False,False,0
45,83.98,3890.22,month_to_month,credit_card,fiber,2,1,61.2,False,False,True,1
50,69.09,3336.46,one_year,mailed_check,fiber,2,1,37.2,False,True,True,1
0,50.28,183.04,two_year,bank_transfer,dsl,2,0,29.4,False,False,False,0
16,62.02,989.36,month_to_month,mailed_check,fiber,2,0,30.1,False,False,True,1
50,52.59,2681.72,one_year,bank_transfer,dsl,4,0,15.3,False,True,True,1
23,76.51,1771.24,two_year,electronic_check,dsl,2,0,10.0,False,False,False,0
0,129.06,0.0,month_to_month,bank_transfer,dsl,2,1,78.0,True,False,True,1
1,82.12,0.0,month_to_month,bank_transfer,dsl,0,0,33.1,False,True,True,0
60,67.95,4029.82,month_to_month,mailed_check,dsl,1,0,71.7,True,False,False,1
11,55.37,698.5,month_to_month,credit_card,fiber,0,0,30.5,False,False,True,0
7,40.45,158.56,one_year,electronic_check,fiber,0,1,53.1,False,False,True,0
41,86.14,3454.72,month_to_month,bank_transfer,dsl,1,0,34.8,False,False,False,1
8,84.95,694.44,one_year,bank_transfer,dsl,0,2,30.3,False,False,False,0
47,59.75,2850.81,month_to_month,credit_card,fiber,1,0,45.5,False,False,True,0
39,96.69,3810.75,two_year,electronic_check,fiber,2,0,116.8,False,True,False,1
47,70.46,3223.06,month_to_month,credit_card,dsl,2,0,15.6,False,False,False,0
35,87.04,2902.58,one_year,bank_transfer,fiber,0,2,76.2,False,True,False,0
56,76.52,4333.64,month_to_month,electronic_check,fiber,2,0,21.3,False,True,True,0
47,66.1,3235.68,one_year,bank_transfer,fiber,1,0,30.3,False,False,False,0
30,48.99,1438.62,month_to_month,electronic_check,fiber,0,0,72.2,False,True,True,1
1,66.8,0.0,month_to_month,electronic_check,fiber,2,0,71.5,False,True,True,1
19,88.53,1643.38,month_to_month,electronic_check,fiber,2,1,31.8,False,True,True,1
9,58.82,564.85,month_to_month,electronic_check,fiber,3,0,78.9,False,False,False,1
1,79.67,58.69,one_year,electronic_check,dsl,5,0,55.9,True,False,True,1
19,46.18,1004.07,month_to_month,bank_transfer,none,1,0,38.1,False,False,True,1
15,87.16,1390.65,two_year,credit_card,fiber,1,0,52.3,False,True,True,0
5,76.88,400.99,month_to_month,electronic_check,fiber,0,0,112.4,False,False,True,1
22,43.55,782.21,month_to_month,bank_transfer,fiber,1,0,74.7,False,False,True,1
36,65.07,2280.22,two_year,credit_card,none,2,0,37.3,False,False,True,0
13,90.49,1127.05,month_to_month,credit_card,fiber,2,1,17.9,False,False,True,1
19,42.3,736.5,two_year,bank_transfer,none,0,0,40.5,False,False,True,0
1,46.44,63.61,month_to_month,credit_card,dsl,1,0,68.9,False,False,True,1
3,68.47,224.44,one_year,credit_card,dsl,3,1,70.1,True,False,False,1
11,116.93,1135.56,two_year,electronic_check,fiber,0,0,16.8,False,True,True,1
33,55.2,1894.01,month_to_month,electronic_check,dsl,1,0,75.4,True,True,False,0
48,80.9,3884.65,one_year,electronic_check,fiber,0,0,93.5,False,False,False,1
57,75.72,4348.23,month_to_month,mailed_check,dsl,4,0,11.0,False,False,True,0
45,57.03,2633.38,one_year,electronic_check,dsl,1,1,213.7,False,False,False,0
45,73.54,3240.27,month_to_month,bank_transfer,dsl,2,0,96.8,False,False,False,0
68,60.15,4203.5,month_to_month,bank_transfer,dsl,1,0,27.4,False,False,True,1
18,62.13,1105.58,month_to_month,electronic_check,none,0,1,195.4,False,False,True,0
58,33.45,2076.23,one_year,electronic_check,dsl,0,0,41.8,True,False,True,0
68,69.46,4642.83,two_year,electronic_check,dsl,0,0,84.3,False,True,False,0
41,89.78,3810.42,two_year,electronic_check,fiber,1,1,22.5,False,False,True,0
61,71.26,4265.5,one_year,mailed_check,fiber,1,1,63.0,False,True,True,0
10,93.99,1169.29,two_year,electronic_check,fiber,1,0,136.7,False,False,True,0
64,82.77,5211.61,two_year,credit_card,fiber,1,1,37.1,True,True,True,1
41,68.69,2911.38,month_to_month,electronic_check,fiber,1,0,36.8,False,False,False,1
16,56.19,866.42,month_to_month,bank_transfer,fiber,1,1,46.3,True,False,False,1
4,59.3,301.55,one_year,electronic_check,fiber,5,0,111.0,False,False,False,0
52,37.65,1954.15,month_to_month,electronic_check,dsl,3,1,95.0,False,True,False,1
31,64.12,1889.51,two_year,electronic_check,dsl,0,0,20.6,False,False,True,0
22,73.21,1358.91,month_to_month,mailed_check,none,0,0,64.8,True,False,True,0
28,107.74,3242.4,month_to_month,credit_card,fiber,0,1,53.2,False,False,True,0
72,81.62,5883.21,two_year,electronic_check,fiber,2,0,26.0,True,False,False,1
31,50.97,1315.15,month_to_month,bank_transfer,dsl,2,0,21.6,False,True,True,1
5,38.33,218.88,two_year,bank_transfer,dsl,0,0,26.0,True,False,True,1
20,65.46,1371.26,two_year,credit_card,fiber,0,0,48.9,True,True,False,0
10,87.86,814.24,one_year,mailed_check,fiber,1,2,34.4,False,False,False,1
50,65.15,3193.75,one_year,electronic_check,none,1,1,10.2,True,False,True,1
58,81.92,4749.57,month_to_month,bank_transfer,none,0,0,154.2,False,False,True,1
61,66.02,4135.45,month_to_month,bank_transfer,none,0,1,42.9,False,False,False,0
46,85.77,3954.42,two_year,credit_card,fiber,2,1,130.1,False,False,False,0
56,34.86,2083.85,month_to_month,credit_card,fiber,2,1,21.3,False,True,True,1
30,105.29,3260.51,month_to_month,electronic_check,fiber,3,0,20.6,False,False,False,1
45,45.53,2028.26,month_to_month,electronic_check,dsl,1,0,16.2,False,False,False,1
7,87.46,470.87,one_year,credit_card,fiber,1,1,34.5,False,False,True,0
39,64.01,2475.99,one_year,mailed_check,fiber,3,2,33.2,True,False,True,1
40,67.45,2745.38,month_to_month,electronic_check,none,1,0,19.8,False,False,True,0
2,64.7,134.79,month_to_month,credit_card,fiber,0,0,100.9,False,True,True,0
40,75.62,3081.9,two_year,electronic_check,fiber,1,0,15.8,False,False,False,1
52,80.07,4241.35,month_to_month,electronic_check,dsl,1,0,39.2,False,False,False,0
26,93.28,2473.06,month_to_month,credit_card,none,3,0,46.1,False,False,True,0
39,100.97,3913.05,month_to_month,mailed_check,none,5,0,122.3,False,False,False,0
20,77.3,1592.79,one_year,electronic_check,fiber,1,0,10.2,False,True,False,1
19,107.7,2247.49,month_to_month,electronic_check,dsl,1,1,83.4,False,False,True,1
9,72.05,514.36,month_to_month,electronic_check,none,1,0,67.7,True,True,True,0
23,93.7,2198.96,month_to_month,credit_card,dsl,1,0,42.8,False,True,True,0
58,79.43,4771.82,month_to_month,credit_card,fiber,1,1,57.3,False,False,True,0
68,57.92,3832.85,two_year,electronic_check,dsl,1,2,131.6,False,False,False,1
46,73.99,3493.64,two_year,electronic_check,dsl,1,3,38.7,False,False,False,1
45,81.07,3750.27,one_year,electronic_check,dsl,0,2,38.9,False,False,True,0
44,69.29,2915.84,month_to_month,electronic_check,dsl,0,0,45.0,False,False,False,0
34,79.08,2752.83,month_to_month,bank_transfer,fiber,1,0,118.6,False,False,False,1
30,89.04,2646.78,one_year,bank_transfer,dsl,2,1,86.0,False,False,False,1
45,69.49,3121.61,month_to_month,electronic_check,fiber,3,0,32.2,False,False,False,0
57,18.0,996.75,one_year,credit_card,fiber,0,0,59.1,False,False,False,1
30,106.92,3325.74,month_to_month,electronic_check,fiber,2,1,40.3,False,False,False,0
41,63.45,2591.36,one_year,electronic_check,dsl,0,0,67.6,False,False,True,0
34,51.89,1722.56,month_to_month,credit_card,dsl,1,0,54.8,False,False,True,0
20,45.27,865.23,month_to_month,bank_transfer,dsl,1,0,25.5,False,False,True,0
21,62.6,1283.91,month_to_month,electronic_check,dsl,1,0,17.0,False,False,False,1
5,57.62,190.94,month_to_month,electronic_check,dsl,2,0,35.6,True,False,False,1
32,53.79,1678.79,month_to_month,electronic_check,dsl,0,0,48.8,False,False,True,0
52,54.99,2870.07,month_to_month,electronic_check,dsl,0,0,59.3,False,False,False,1
50,81.65,4118.89,two_year,credit_card,fiber,1,0,63.2,True,True,False,0
71,114.67,8249.93,month_to_month,bank_transfer,fiber,1,1,22.7,False,True,True,0
2,88.05,197.79,month_to_month,electronic_check,dsl,1,0,27.1,False,False,True,0
55,94.7,5165.8,month_to_month,bank_transfer,dsl,0,0,35.7,True,False,False,0
58,61.7,3487.61,month_to_month,mailed_check,dsl,1,3,36.8,False,False,True,1
31,72.3,2267.8,two_year,electronic_check,fiber,0,0,60.1,False,False,False,0
20,79.38,1577.04,month_to_month,credit_card,none,1,1,40.0,False,False,False,1
26,55.49,1435.15,two_year,credit_card,none,2,1,44.1,True,False,False,1
49,60.63,2994.5,one_year,credit_card,fiber,0,1,32.3,False,True,True,0
62,88.8,5552.35,month_to_month,mailed_check,none,1,0,80.3,False,True,False,0
46,93.99,4347.82,month_to_month,mailed_check,dsl,0,2,89.4,False,True,False,0
37,71.48,2629.41,month_to_month,credit_card,fiber,2,2,31.6,True,False,False,1
47,43.71,1982.25,month_to_month,bank_transfer,dsl,1,0,33.0,False,False,True,1
5,63.5,262.35,month_to_month,credit_card,fiber,3,1,52.4,False,False,False,1
44,38.29,1761.1,one_year,bank_transfer,dsl,2,1,145.2,False,False,False,0
3,71.65,176.83,one_year,mailed_check,dsl,1,0,101.4,False,False,True,1
70,75.62,5172.26,month_to_month,bank_transfer,fiber,2,0,28.4,False,True,True,0
64,64.04,4202.92,one_year,electronic_check,fiber,4,0,27.4,False,False,True,1
37,75.32,2702.03,two_year,electronic_check,fiber,0,1,47.1,False,False,True,0
27,79.17,2140.76,month_to_month,bank_transfer,fiber,1,0,122.7,False,False,False,0
53,75.65,4053.65,month_to_month,electronic_check,dsl,2,1,45.2,False,False,True,0
46,43.57,2004.51,month_to_month,credit_card,dsl,1,3,97.8,False,False,True,1
51,64.43,3062.9,month_to_month,bank_transfer,none,3,1,104.0,False,False,True,0
37,79.02,2958.88,month_to_month,bank_transfer,dsl,0,1,46.0,True,False,False,0
17,104.73,1899.79,month_to_month,bank_transfer,fiber,1,0,15.7,False,False,False,0
5,64.02,390.89,one_year,electronic_check,fiber,2,1,12.3,False,False,False,1
20,82.12,1451.24,month_to_month,bank_transfer,dsl,0,0,26.0,False,False,False,0
38,89.32,3585.61,one_year,bank_transfer,fiber,2,0,84.9,True,True,False,0
30,65.67,1850.77,month_to_month,electronic_check,fiber,1,0,64.5,True,False,True,0
36,95.26,3332.3,month_to_month,credit_card,dsl,2,0,5.9,False,False,False,0
20,96.45,1999.37,month_to_month,bank_transfer,dsl,1,0,64.2,False,True,False,1
68,100.37,6865.92,month_to_month,electronic_check,fiber,1,2,12.8,True,False,False,1
26,80.09,2089.57,month_to_month,credit_card,fiber,1,0,4.8,False,True,True,1
61,121.92,7385.87,month_to_month,electronic_check,dsl,2,1,67.5,False,True,True,1
28,56.46,1700.66,one_year,bank_transfer,dsl,0,0,50.9,False,True,True,0
32,116.73,3731.82,month_to_month,electronic_check,dsl,0,0,124.1,False,False,False,0
44,86.9,3682.68,month_to_month,credit_card,none,2,0,43.5,True,False,False,1
19,99.49,2001.22,month_to_month,credit_card,dsl,0,0,55.1,False,False,True,1
16,62.96,1027.1,month_to_month,electronic_check,dsl,3,1,39.0,False,False,True,1
27,88.58,2492.01,month_to_month,credit_card,dsl,1,0,45.4,True,False,True,0
58,101.39,5932.15,month_to_month,electronic_check,dsl,0,0,83.4,False,False,False,0
10,46.08,676.05,month_to_month,electronic_check,dsl,1,0,22.9,False,False,True,1
31,66.41,2030.81,month_to_month,electronic_check,fiber,2,0,41.4,False,True,True,0
49,22.89,1123.06,two_year,credit_card,dsl,3,0,80.9,True,False,False,1
51,66.08,3434.86,two_year,credit_card,dsl,2,1,113.0,True,False,False,1
31,52.05,1586.21,month_to_month,electronic_check,fiber,2,0,81.0,False,True,False,0
5,65.21,398.29,month_to_month,electronic_check,fiber,2,2,39.1,False,True,True,1
1,130.0,0.0,two_year,electronic_check,fiber,4,0,14.5,False,False,True,1
34,107.79,3658.31,month_to_month,electronic_check,dsl,3,1,33.3,False,False,True,0
59,38.33,2252.2,month_to_month,electronic_check,dsl,0,0,76.9,False,False,False,1
2,82.23,151.93,one_year,electronic_check,dsl,2,1,14.0,False,False,True,1
64,87.58,5526.2,month_to_month,credit_card,fiber,0,0,86.2,False,False,True,0
49,62.57,3147.48,month_to_month,mailed_check,dsl,0,0,13.9,False,False,True,0
0,73.92,0.0,month_to_month,electronic_check,fiber,2,1,74.5,False,True,True,1
25,76.07,1919.77,month_to_month,bank_transfer,dsl,2,1,77.9,False,False,True,1
16,40.37,642.58,month_to_month,electronic_check,dsl,1,0,53.5,False,False,False,0
69,47.31,3309.42,month_to_month,electronic_check,fiber,1,0,90.6,False,False,True,0
40,73.79,3080.39,one_year,credit_card,fiber,0,0,36.6,True,False,False,0
23,72.19,1677.93,month_to_month,electronic_check,dsl,2,0,52.4,False,True,False,0
20,54.41,1163.93,month_to_month,bank_transfer,none,0,1,62.6,False,False,False,1
41,52.52,2166.36,month_to_month,electronic_check,dsl,0,0,92.7,False,False,True,1
0,68.02,0.0,two_year,bank_transfer,none,0,0,36.7,True,False,True,0
18,89.5,1598.26,month_to_month,credit_card,fiber,0,0,46.9,False,False,False,1
12,68.32,794.32,month_to_month,bank_transfer,fiber,0,0,188.3,False,True,False,0
45,105.7,4807.63,one_year,electronic_check,fiber,1,1,46.1,False,False,True,0
48,54.69,2634.72,month_to_month,electronic_check,dsl,1,0,33.5,False,False,True,0
34,74.25,2453.02,month_to_month,bank_transfer,fiber,0,0,23.9,False,True,True,1
10,62.21,602.12,month_to_month,credit_card,fiber,0,0,32.9,False,False,True,1
27,82.94,2102.05,two_year,bank_transfer,dsl,1,0,87.2,False,True,False,0
61,52.81,3204.8,one_year,credit_card,fiber,0,0,55.1,False,False,True,1
14,112.4,1573.72,month_to_month,bank_transfer,dsl,3,1,191.5,False,False,False,1
11,32.81,523.67,two_year,bank_transfer,fiber,1,0,16.9,True,True,True,1
8,107.74,983.28,one_year,electronic_check,fiber,0,0,73.7,False,False,True,0
59,71.98,4153.75,month_to_month,mailed_check,dsl,3,2,61.2,False,False,True,0
8,82.15,675.36,month_to_month,bank_transfer,none,2,0,102.1,False,False,True,0
42,99.36,4192.86,month_to_month,electronic_check,fiber,0,1,26.8,False,True,False,0
72,88.87,6377.9,month_to_month,electronic_check,fiber,2,1,26.6,True,False,True,1
46,53.94,2466.24,one_year,bank_transfer,fiber,2,0,65.6,True,False,True,0
30,83.2,2464.14,month_to_month,bank_transfer,none,0,0,6.3,False,True,True,0
15,111.08,1834.74,month_to_month,mailed_check,fiber,1,1,61.8,False,True,False,1
0,50.48,0.0,month_to_month,bank_transfer,dsl,1,1,33.9,True,False,False,1
11,116.61,1313.39,month_to_month,electronic_check,dsl,0,0,32.1,False,False,True,1
69,78.49,5188.2,two_year,electronic_check,dsl,0,1,109.8,False,False,True,0
10,60.47,678.82,month_to_month,credit_card,fiber,2,2,83.3,False,False,True,1
1,50.35,156.93,month_to_month,credit_card,fiber,1,0,92.1,False,False,True,1
59,65.09,3745.63,one_year,mailed_check,none,1,0,66.9,False,True,True,0
30,26.98,763.33,one_year,bank_transfer,fiber,0,1,23.9,False,False,True,0
26,60.86,1623.0,month_to_month,mailed_check,dsl,1,0,27.4,False,False,True,0
52,64.22,3341.19,month_to_month,bank_transfer,none,2,1,122.8,False,False,False,1
38,46.36,1803.65,one_year,bank_transfer,fiber,0,0,36.6,False,False,False,0
66,86.45,5679.85,month_to_month,credit_card,dsl,1,0,33.3,True,False,True,0
34,65.19,2384.15,one_year,credit_card,fiber,0,0,41.1,False,False,True,0
52,56.01,2852.24,one_year,credit_card,fiber,0,0,36.7,False,False,False,0
64,62.84,4264.0,two_year,bank_transfer,fiber,1,2,47.3,False,False,True,0
33,77.81,2679.5,two_year,electronic_check,dsl,0,0,38.6,False,False,False,0
20,71.61,1507.09,two_year,mailed_check,fiber,2,1,16.4,False,False,True,1
71,54.58,3781.54,month_to_month,credit_card,fiber,0,0,72.2,True,True,True,0
16,72.76,1246.03,two_year,credit_card,dsl,1,0,56.7,False,False,True,0
2,68.89,192.13,one_year,electronic_check,fiber,0,0,43.1,False,False,True,0
42,44.93,1696.3,month_to_month,electronic_check,fiber,1,0,38.9,False,False,True,1
72,63.65,4456.39,two_year,credit_card,fiber,1,0,42.6,False,True,True,0
6,82.75,528.69,two_year,electronic_check,fiber,0,0,103.7,True,False,True,1
62,82.59,5108.58,one_year,electronic_check,fiber,2,2,23.7,False,True,True,0
60,64.94,3849.92,month_to_month,electronic_check,dsl,0,2,39.2,False,False,True,1
67,84.89,5784.74,month_to_month,electronic_check,none,3,1,96.6,True,True,False,1
30,48.44,1373.66,two_year,mailed_check,dsl,2,0,34.4,False,False,False,0
18,49.12,843.19,two_year,credit_card,none,0,0,13.6,False,False,True,0
37,64.47,2327.16,month_to_month,credit_card,dsl,1,0,101.5,False,True,True,0
10,102.95,1075.42,month_to_month,mailed_check,none,0,2,21.9,False,False,False,1
61,73.59,4334.24,one_year,credit_card,fiber,5,0,28.6,False,False,True,0
48,63.94,3024.33,month_to_month,mailed_check,fiber,1,0,128.3,False,False,True,1
35,103.97,3483.9,one_year,mailed_check,fiber,0,0,17.6,False,False,False,0
37,63.69,2328.37,two_year,bank_transfer,dsl,2,0,45.5,False,True,False,1
51,119.16,6142.23,month_to_month,credit_card,dsl,0,1,152.9,False,False,True,1
38,58.75,2299.18,one_year,bank_transfer,dsl,1,0,53.1,True,True,False,0
61,47.74,2846.66,month_to_month,electronic_check,none,2,1,39.7,False,True,False,0
67,66.34,4492.78,month_to_month,credit_card,fiber,2,1,209.3,False,False,True,0
69,64.52,4435.22,month_to_month,electronic_check,dsl,1,0,14.1,False,False,True,0
45,52.23,2472.85,one_year,electronic_check,dsl,1,0,46.4,False,False,True,1
54,127.24,6859.26,one_year,electronic_check,fiber,4,1,40.6,True,False,True,1
22,77.01,1426.65,month_to_month,mailed_check,dsl,3,0,64.7,False,False,True,1
2,80.21,240.94,two_year,electronic_check,dsl,0,0,36.8,False,False,True,0
29,59.84,1694.04,month_to_month,credit_card,fiber,3,0,55.9,False,False,False,1
63,57.29,3584.59,two_year,credit_card,fiber,1,1,58.6,False,False,True,1
9,92.56,863.27,one_year,credit_card,dsl,3,3,65.2,True,False,True,1
39,33.13,1163.85,month_to_month,bank_transfer,dsl,1,1,22.5,False,False,False,1
14,44.86,634.76,month_to_month,bank_transfer,fiber,1,0,34.0,False,False,False,0
31,64.56,2049.46,month_to_month,bank_transfer,dsl,1,0,16.6,False,False,False,0
10,99.72,1029.97,month_to_month,bank_transfer,fiber,0,0,21.1,False,False,True,1
53,61.76,3219.38,two_year,bank_transfer,fiber,1,1,56.4,False,True,True,0
59,79.16,4759.71,one_year,credit_card,fiber,2,1,58.2,False,False,False,1
55,70.61,3793.78,month_to_month,credit_card,dsl,1,0,17.2,True,False,True,0
51,98.52,4968.22,month_to_month,electronic_check,fiber,0,0,19.7,True,False,False,0
17,35.14,585.14,month_to_month,electronic_check,dsl,0,1,93.8,True,True,True,0
38,86.19,3301.81,two_year,mailed_check,none,2,0,17.7,True,False,True,0
7,65.62,430.13,one_year,bank_transfer,none,1,0,16.5,True,False,True,0
27,90.35,2550.02,month_to_month,credit_card,fiber,1,0,19.4,False,False,False,0
36,51.98,1897.86,month_to_month,electronic_check,dsl,2,0,101.9,False,False,False,1
48,70.54,3392.73,month_to_month,bank_transfer,none,1,0,27.4,False,False,False,1
7,67.74,497.59,month_to_month,mailed_check,dsl,2,0,45.6,False,False,True,1
59,47.95,2895.01,month_to_month,mailed_check,fiber,3,0,86.9,False,False,False,1
33,41.83,1402.06,month_to_month,bank_transfer,fiber,2,0,35.4,False,True,False,1
64,57.23,3499.86,two_year,bank_transfer,fiber,2,0,73.0,False,False,True,1
38,72.86,2866.74,month_to_month,electronic_check,dsl,0,0,43.0,False,True,True,1
39,53.35,2091.42,two_year,electronic_check,fiber,0,0,22.0,False,True,False,0
50,62.74,3198.64,one_year,electronic_check,fiber,0,2,29.3,False,False,False,0
59,28.51,1645.56,month_to_month,credit_card,dsl,0,0,9.4,False,False,True,0
11,61.85,515.95,month_to_month,mailed_check,dsl,1,0,18.6,False,True,True,1
37,92.52,3218.14,month_to_month,mailed_check,fiber,3,0,82.8,False,False,True,0
2,85.51,86.03,one_year,electronic_check,dsl,1,0,142.0,False,False,True,1
34,68.09,2361.62,month_to_month,credit_card,fiber,0,1,51.8,False,True,True,0
59,75.36,4563.05,two_year,electronic_check,fiber,4,0,21.9,False,False,False,0
63,51.78,3289.32,one_year,credit_card,dsl,1,0,62.8,False,False,True,0
20,105.74,2020.1,month_to_month,bank_transfer,dsl,0,1,36.6,True,True,True,0
28,115.49,3163.15,month_to_month,bank_transfer,fiber,0,0,126.0,False,False,False,1
40,73.63,3067.67,month_to_month,mailed_check,fiber,1,0,54.5,False,False,True,1
28,127.0,3438.03,month_to_month,credit_card,none,1,0,22.4,False,False,True,0
12,55.04,849.64,month_to_month,bank_transfer,none,1,0,83.2,False,False,True,1
22,42.48,1103.4,two_year,mailed_check,dsl,4,0,41.3,False,False,True,1
29,54.39,1769.43,month_to_month,bank_transfer,fiber,0,0,74.2,False,False,True,0
37,65.17,2445.55,month_to_month,electronic_check,fiber,0,2,15.5,False,False,False,1
67,120.87,8067.55,one_year,electronic_check,fiber,0,0,94.4,False,False,True,0
39,63.81,2520.66,one_year,electronic_check,fiber,0,1,15.1,False,False,False,0
28,51.09,1512.29,month_to_month,electronic_check,dsl,1,0,86.7,False,False,True,1
48,50.23,2352.47,month_to_month,credit_card,fiber,2,1,19.7,False,False,True,1
56,95.08,5225.37,one_year,bank_transfer,fiber,0,2,91.5,False,False,True,0
31,91.94,2824.59,month_to_month,electronic_check,dsl,1,0,42.5,False,False,True,0
35,59.32,2006.69,month_to_month,electronic_check,fiber,1,0,79.0,False,False,False,1
15,28.73,542.63,one_year,electronic_check,fiber,2,0,22.4,True,True,False,1
63,45.17,2790.23,one_year,bank_transfer,dsl,0,1,23.8,False,False,True,0
63,107.87,6804.42,month_to_month,electronic_check,fiber,1,0,53.7,False,True,True,0
12,85.15,1110.27,month_to_month,electronic_check,dsl,1,2,23.6,False,False,True,1
25,71.44,1901.19,one_year,bank_transfer,fiber,1,0,26.6,False,False,False,0
19,111.11,2129.86,month_to_month,credit_card,fiber,1,0,29.7,False,False,True,0
67,113.08,7610.95,two_year,electronic_check,fiber,1,1,47.5,False,True,True,0
4,69.21,185.31,month_to_month,bank_transfer,dsl,1,0,18.1,False,False,True,1
15,69.61,1136.23,one_year,credit_card,fiber,3,1,50.9,False,True,True,1
22,57.19,1371.9,two_year,credit_card,none,1,0,39.4,False,False,True,0
40,63.74,2381.27,month_to_month,bank_transfer,none,2,0,19.8,False,True,True,1
18,37.3,830.07,one_year,electronic_check,dsl,3,0,72.5,False,False,True,1
39,37.21,1388.13,month_to_month,electronic_check,fiber,2,0,136.3,False,False,True,0
54,32.1,1786.92,one_year,credit_card,fiber,0,0,24.9,False,False,True,0
60,93.86,5638.58,two_year,electronic_check,none,0,0,56.9,False,False,True,0
7,35.65,244.12,two_year,electronic_check,fiber,0,0,43.3,False,False,True,0
10,112.9,1110.41,month_to_month,electronic_check,fiber,1,2,104.5,False,False,False,1
6,53.93,234.25,two_year,credit_card,fiber,1,0,22.8,True,False,True,0
66,108.22,7189.66,two_year,bank_transfer,fiber,1,1,78.7,False,False,True,0
47,61.97,2886.85,month_to_month,credit_card,fiber,2,0,49.4,False,False,True,1
38,35.54,1232.67,two_year,mailed_check,fiber,1,0,53.5,False,False,True,0
57,98.24,5506.53,month_to_month,credit_card,dsl,2,1,48.3,True,True,True,0
42,100.84,4118.96,two_year,credit_card,fiber,3,1,71.3,False,False,False,0
17,50.07,803.98,two_year,electronic_check,dsl,1,0,13.7,True,False,False,0
37,62.7,2363.56,month_to_month,electronic_check,fiber,2,3,46.2,False,False,True,1
51,50.07,2489.57,month_to_month,electronic_check,fiber,2,1,12.7,False,False,True,1
2,67.35,222.49,two_year,electronic_check,dsl,5,0,19.7,False,False,True,1
44,72.37,3173.55,month_to_month,bank_transfer,dsl,2,1,70.2,False,False,True,1
36,62.27,2215.67,month_to_month,electronic_check,dsl,3,0,48.2,False,True,True,1
5,29.98,151.41,month_to_month,electronic_check,fiber,0,0,46.1,False,False,True,1
19,57.22,1212.74,month_to_month,bank_transfer,dsl,1,0,18.3,False,False,True,0
32,85.48,2611.94,month_to_month,electronic_check,dsl,1,1,43.7,True,False,True,1
25,65.4,1784.07,month_to_month,mailed_check,none,1,0,41.5,False,True,True,1
21,62.8,1405.21,two_year,bank_transfer,dsl,1,0,84.8,False,False,True,1
47,49.52,2325.49,two_year,electronic_check,fiber,1,1,54.3,True,False,False,0
29,56.58,1747.29,two_year,electronic_check,dsl,1,1,18.7,True,False,False,0
36,101.0,3606.98,month_to_month,mailed_check,fiber,0,0,46.9,False,True,False,0
58,44.92,2631.07,one_year,bank_transfer,fiber,4,1,28.2,False,False,False,1
6,85.86,466.43,month_to_month,mailed_check,dsl,1,1,38.9,False,False,False,0
26,71.04,1934.02,one_year,electronic_check,fiber,0,1,26.5,False,False,True,0
5,75.39,313.3,two_year,credit_card,fiber,1,1,40.4,False,False,False,1
67,53.89,3606.01,month_to_month,electronic_check,fiber,1,0,23.7,False,False,False,1
13,62.26,870.5,two_year,credit_card,fiber,0,1,26.2,False,False,False,0
59,69.87,4216.67,two_year,electronic_check,dsl,2,0,24.5,False,False,True,0
13,58.55,687.25,month_to_month,bank_transfer,dsl,0,0,52.2,False,False,True,1
23,77.29,1845.45,two_year,credit_card,dsl,2,1,75.7,False,False,True,1
44,80.06,3434.26,two_year,bank_transfer,none,3,0,66.9,False,True,False,0
60,117.8,6874.47,month_to_month,electronic_check,fiber,2,1,45.5,True,True,True,0
12,76.12,846.11,month_to_month,mailed_check,dsl,2,0,7.2,False,False,True,1
15,27.93,494.07,one_year,electronic_check,fiber,2,0,2.6,False,True,True,1
64,95.59,6116.66,one_year,mailed_check,dsl,1,0,9.5,False,False,True,1
23,65.51,1458.58,month_to_month,bank_transfer,dsl,0,0,92.1,False,True,False,0
15,114.26,1718.89,month_to_month,electronic_check,none,1,0,156.6,True,False,True,1
54,102.36,5529.46,month_to_month,bank_transfer,dsl,0,1,57.2,False,True,True,0
6,58.88,409.25,month_to_month,credit_card,fiber,0,1,98.7,False,False,True,1
63,85.88,5265.39,month_to_month,electronic_check,dsl,0,1,33.1,False,False,False,0
63,56.93,3577.38,month_to_month,electronic_check,fiber,1,0,54.1,False,False,False,0
62,70.06,4354.9,two_year,mailed_check,dsl,0,1,17.7,True,False,True,0
21,84.87,1659.39,month_to_month,mailed_check,fiber,0,0,81.7,False,False,True,1
8,94.49,631.8,one_year,credit_card,dsl,1,1,70.8,True,False,True,1
31,89.69,2747.57,one_year,electronic_check,dsl,1,1,118.7,False,False,True,1
24,71.65,1720.37,two_year,electronic_check,fiber,4,0,9.6,False,True,False,1
70,124.64,8725.88,two_year,electronic_check,fiber,1,0,62.2,True,False,False,0
46,61.97,2800.55,two_year,credit_card,fiber,2,1,45.3,False,False,False,0
68,34.64,2301.76,month_to_month,credit_card,fiber,4,0,15.8,False,False,True,0
54,38.88,2063.95,month_to_month,credit_card,fiber,1,0,32.0,False,False,True,1
52,102.43,5353.23,month_to_month,bank_transfer,dsl,1,1,21.9,False,False,True,0
8,68.31,658.5,month_to_month,mailed_check,dsl,0,0,29.4,False,False,False,0
5,73.5,167.66,month_to_month,electronic_check,dsl,2,0,29.8,False,False,False,1
3,58.06,230.25,month_to_month,credit_card,fiber,1,0,16.5,True,False,True,1
43,60.04,2571.72,month_to_month,credit_card,dsl,0,0,33.9,False,False,True,0
14,52.68,784.84,month_to_month,electronic_check,none,0,0,6.8,False,True,True,1
72,80.37,5893.34,one_year,credit_card,fiber,0,0,83.2,False,False,False,0
9,67.86,542.78,two_year,electronic_check,fiber,1,0,78.6,False,False,False,1
69,79.57,5575.32,month_to_month,electronic_check,dsl,1,0,122.5,True,True,False,0
48,77.47,3605.7,month_to_month,bank_transfer,fiber,2,0,26.5,False,False,True,0
7,60.63,435.89,month_to_month,electronic_check,fiber,1,0,4.6,True,False,True,1
4,37.91,129.81,month_to_month,bank_transfer,dsl,2,0,134.1,False,False,True,1
28,35.99,1011.89,two_year,electronic_check,fiber,0,1,36.7,False,False,True,1
24,130.0,3030.99,month_to_month,bank_transfer,dsl,3,0,33.2,True,False,True,1
23,102.52,2397.28,month_to_month,bank_transfer,fiber,3,1,23.1,True,False,False,1
38,99.48,3923.01,one_year,bank_transfer,fiber,0,0,223.6,False,True,False,0
9,55.16,408.97,month_to_month,electronic_check,dsl,3,1,31.8,False,True,False,1
9,70.21,648.96,one_year,credit_card,fiber,2,0,111.6,False,False,True,0
50,52.06,2680.03,month_to_month,mailed_check,fiber,2,0,16.7,True,True,True,0
72,41.13,2934.65,month_to_month,electronic_check,dsl,1,0,21.4,False,True,False,0
19,57.05,1206.39,month_to_month,electronic_check,dsl,1,0,85.1,False,False,True,1
68,99.18,6705.57,one_year,electronic_check,dsl,3,0,51.2,False,True,True,0
25,88.5,2202.03,month_to_month,mailed_check,dsl,1,0,63.2,False,True,False,0
24,48.66,1078.46,month_to_month,electronic_check,dsl,3,2,42.7,False,False,True,1
6,63.07,389.81,one_year,electronic_check,fiber,3,0,55.5,False,True,False,0
30,86.48,2594.67,one_year,mailed_check,fiber,4,0,60.6,False,True,False,0
36,57.44,2125.07,month_to_month,credit_card,fiber,0,1,55.1,False,False,True,1
48,71.75,3386.74,two_year,electronic_check,fiber,0,0,21.3,False,True,True,0
11,78.84,805.86,one_year,credit_card,fiber,1,1,48.9,False,False,False,1
13,78.6,1063.42,two_year,electronic_check,dsl,2,0,64.3,False,False,False,0
31,75.59,2469.04,month_to_month,credit_card,dsl,1,2,35.6,False,False,False,0
5,55.62,334.71,one_year,electronic_check,fiber,1,1,42.3,False,True,True,1
10,57.88,745.07,month_to_month,credit_card,dsl,2,1,55.4,False,False,False,0
45,45.06,2077.68,month_to_month,bank_transfer,dsl,1,0,80.1,False,True,True,0
69,35.65,2506.59,month_to_month,electronic_check,fiber,1,0,30.8,False,False,False,0
41,67.48,2827.82,month_to_month,credit_card,fiber,2,3,58.9,False,False,False,1
10,87.96,1013.54,two_year,mailed_check,fiber,1,0,58.5,False,False,True,0
72,39.63,2964.74,two_year,credit_card,fiber,0,0,65.4,False,False,False,0
38,76.01,2790.74,month_to_month,mailed_check,fiber,4,0,97.7,False,False,False,1
52,87.26,4609.57,month_to_month,mailed_check,dsl,0,1,71.2,True,False,True,1
14,29.59,438.14,month_to_month,electronic_check,dsl,2,1,26.8,False,False,True,0
42,64.05,2672.64,one_year,credit_card,dsl,2,0,32.9,False,False,True,0
5,106.22,371.54,month_to_month,bank_transfer,fiber,0,1,37.7,False,False,True,1
45,82.14,3557.69,one_year,bank_transfer,none,1,0,71.8,False,False,True,0
14,28.85,371.1,month_to_month,bank_transfer,fiber,0,0,42.1,True,False,False,1
66,84.48,5443.87,one_year,electronic_check,fiber,2,1,40.3,False,False,True,0
3,53.55,129.71,two_year,mailed_check,fiber,1,0,50.6,False,True,True,0
47,85.21,4069.16,month_to_month,electronic_check,fiber,0,0,128.7,True,False,True,1
10,54.82,495.91,two_year,bank_transfer,dsl,0,0,20.7,False,False,True,0
50,68.83,3449.01,two_year,mailed_check,fiber,1,0,29.2,False,False,True,0
36,58.17,1997.82,month_to_month,electronic_check,fiber,2,0,60.2,False,False,True,0
70,70.07,4931.79,month_to_month,credit_card,dsl,0,0,5.2,False,False,True,0
47,57.52,2749.17,one_year,bank_transfer,fiber,0,0,35.8,True,False,True,0
27,65.08,1629.1,month_to_month,mailed_check,dsl,1,0,75.2,False,False,False,0
6,44.14,197.17,two_year,credit_card,none,1,0,51.7,False,True,True,1
43,80.79,3359.92,month_to_month,credit_card,fiber,1,0,52.8,True,True,True,1
32,73.86,2409.35,one_year,electronic_check,fiber,1,0,54.7,False,False,True,0
3,34.44,118.08,one_year,electronic_check,fiber,3,0,26.1,False,False,True,1
42,91.84,3852.81,month_to_month,electronic_check,dsl,1,2,50.8,False,True,True,0
15,66.12,980.25,month_to_month,credit_card,none,1,0,128.6,False,False,False,0
17,73.56,1279.58,two_year,credit_card,dsl,1,1,56.4,False,False,False,0
0,86.82,30.86,month_to_month,electronic_check,dsl,2,1,73.2,True,False,True,1
27,77.22,2040.34,month_to_month,electronic_check,fiber,0,1,90.4,True,False,False,0
15,95.63,1377.25,two_year,electronic_check,dsl,2,0,49.7,False,False,False,1
5,63.55,312.44,month_to_month,mailed_check,dsl,0,0,49.7,False,False,True,0
31,92.76,2858.48,two_year,electronic_check,fiber,2,1,54.7,False,False,True,1
16,72.7,1348.66,month_to_month,credit_card,dsl,0,0,53.5,False,False,False,0
9,81.17,695.98,one_year,bank_transfer,dsl,0,0,26.2,True,False,False,1
34,78.88,2707.99,one_year,mailed_check,none,1,2,39.1,False,True,False,0
4,97.3,431.13,month_to_month,bank_transfer,dsl,0,0,9.1,False,False,True,1
72,85.87,6308.69,month_to_month,electronic_check,dsl,0,1,74.6,False,True,True,1
34,60.26,1975.83,month_to_month,electronic_check,none,1,0,16.7,False,True,True,1
72,55.89,4144.65,one_year,electronic_check,fiber,2,1,33.9,False,False,True,1
64,68.91,4396.97,month_to_month,bank_transfer,dsl,1,0,47.4,False,False,True,1
71,53.28,4008.0,month_to_month,electronic_check,none,1,0,20.3,False,True,False,0
39,46.85,1859.78,one_year,electronic_check,dsl,2,1,47.7,False,False,False,1
30,23.18,584.8,two_year,electronic_check,none,2,1,69.0,False,False,True,0
52,35.92,1850.1,month_to_month,credit_card,fiber,2,0,54.8,False,False,True,0
5,113.68,688.66,one_year,electronic_check,fiber,0,0,135.0,True,False,False,0
61,55.56,3396.5,two_year,electronic_check,fiber,2,0,50.9,False,False,True,0
23,111.88,2567.87,month_to_month,electronic_check,fiber,0,0,39.3,False,True,True,0
0,78.87,64.71,two_year,credit_card,dsl,0,0,30.5,False,False,False,1
17,68.91,1140.42,one_year,electronic_check,fiber,2,1,33.2,True,False,False,1
17,36.99,609.86,one_year,credit_card,fiber,0,2,107.0,True,False,True,0
1,70.1,0.0,one_year,bank_transfer,dsl,3,0,102.6,False,False,True,1
48,111.63,5513.83,month_to_month,credit_card,dsl,2,1,75.3,False,False,True,1
6,104.27,515.58,one_year,electronic_check,fiber,1,0,11.7,False,True,True,0
61,76.03,4653.08,one_year,bank_transfer,fiber,1,1,28.3,False,False,True,0
33,44.73,1519.28,month_to_month,credit_card,dsl,1,0,39.9,False,True,True,1
52,48.94,2543.65,month_to_month,electronic_check,fiber,2,0,32.0,False,False,True,0
24,51.24,1116.91,one_year,electronic_check,dsl,3,1,56.2,True,False,False,1
9,98.12,793.19,month_to_month,mailed_check,dsl,1,0,62.0,False,False,True,1
13,105.9,1423.73,month_to_month,credit_card,dsl,2,0,61.0,False,False,True,1
47,74.31,3422.38,month_to_month,credit_card,fiber,2,1,9.3,False,False,False,0
52,63.33,3106.68,month_to_month,electronic_check,dsl,2,1,8.4,False,False,True,1
19,104.07,2012.16,month_to_month,bank_transfer,fiber,2,0,48.3,True,True,True,0
26,48.47,1181.7,month_to_month,electronic_check,none,0,1,55.4,True,False,False,0
68,71.14,4894.33,month_to_month,bank_transfer,fiber,2,0,19.9,False,True,False,0
62,80.19,4953.63,month_to_month,electronic_check,fiber,3,1,67.5,False,True,False,0
30,51.02,1508.12,two_year,electronic_check,dsl,2,2,30.4,False,False,False,1
17,56.01,956.87,two_year,bank_transfer,fiber,2,0,41.9,False,False,False,0
21,54.3,1037.84,month_to_month,credit_card,fiber,2,0,14.4,False,False,True,1
39,101.17,3871.34,month_to_month,electronic_check,fiber,1,1,21.7,False,False,True,1
41,112.12,4573.53,month_to_month,bank_transfer,dsl,1,0,20.6,False,False,False,0
13,72.53,839.9,month_to_month,mailed_check,fiber,4,1,63.8,False,True,False,1
4,64.1,320.64,one_year,credit_card,fiber,3,0,95.2,True,True,False,0
36,56.8,2017.14,one_year,bank_transfer,fiber,1,1,144.9,False,False,True,0
58,70.04,3931.87,month_to_month,credit_card,dsl,0,0,27.8,False,True,True,0
11,57.9,586.59,two_year,credit_card,dsl,2,0,82.9,False,True,False,1
29,67.87,1977.34,two_year,bank_transfer,fiber,2,0,9.9,False,True,True,0
11,79.09,829.84,month_to_month,bank_transfer,fiber,2,0,81.7,False,False,True,1
17,61.08,1074.34,one_year,electronic_check,dsl,1,0,32.8,False,False,True,0
44,65.83,2948.18,month_to_month,electronic_check,fiber,2,0,74.7,False,False,False,1
20,65.92,1534.55,one_year,credit_card,none,2,0,33.8,True,True,True,0
19,63.01,1300.75,month_to_month,bank_transfer,fiber,1,0,53.7,False,False,True,0
72,60.29,4193.61,month_to_month,credit_card,fiber,1,0,40.1,False,False,False,1
12,86.77,1008.82,month_to_month,electronic_check,fiber,3,0,38.5,False,False,True,1
13,31.04,379.52,month_to_month,electronic_check,dsl,2,0,54.0,False,False,True,1
67,104.63,7061.97,month_to_month,bank_transfer,fiber,3,0,24.1,False,False,True,0
40,72.98,2835.18,one_year,electronic_check,fiber,4,1,17.6,False,True,True,1
3,83.42,202.45,month_to_month,mailed_check,fiber,2,0,63.0,False,False,False,0
31,85.95,2552.45,two_year,credit_card,fiber,0,2,39.8,False,False,True,0
41,54.42,2177.02,month_to_month,bank_transfer,fiber,1,0,30.9,False,False,False,1
18,49.88,846.99,two_year,electronic_check,fiber,2,0,40.9,True,True,False,0
40,47.29,1863.43,month_to_month,electronic_check,dsl,4,0,55.0,False,False,True,1
47,64.56,2927.53,month_to_month,mailed_check,fiber,2,0,39.2,True,False,True,0
18,85.38,1625.22,month_to_month,credit_card,fiber,1,0,72.7,False,False,True,1
59,57.16,3414.94,month_to_month,electronic_check,none,2,1,66.9,False,True,False,0
33,83.37,2620.82,month_to_month,mailed_check,dsl,1,1,72.4,False,True,False,0
70,18.0,1262.34,one_year,credit_card,none,1,0,42.8,False,False,True,0
6,61.52,228.25,month_to_month,bank_transfer,fiber,0,1,46.3,False,True,True,0
23,95.68,2321.44,month_to_month,electronic_check,fiber,1,0,25.5,False,True,False,0
52,66.24,3589.75,month_to_month,mailed_check,fiber,2,0,21.4,False,False,False,0
65,51.76,3359.38,one_year,mailed_check,none,1,2,52.3,True,False,True,1
16,55.55,812.06,month_to_month,credit_card,none,3,0,26.2,True,False,False,1
71,18.0,1218.22,month_to_month,electronic_check,dsl,1,0,26.5,True,False,True,0
14,47.74,627.52,month_to_month,credit_card,fiber,4,2,72.7,False,False,True,1
30,93.26,2788.19,one_year,electronic_check,dsl,1,0,53.8,False,False,True,0
22,57.18,1381.3,one_year,credit_card,none,0,0,37.1,False,False,True,0
30,59.78,1879.4,month_to_month,bank_transfer,dsl,3,0,87.7,False,True,True,0
65,18.7,1302.89,month_to_month,electronic_check,dsl,0,0,62.5,True,False,True,1
53,34.12,1823.71,month_to_month,mailed_check,dsl,1,0,86.8,False,True,True,0
58,96.18,5474.61,month_to_month,bank_transfer,fiber,1,0,64.7,True,True,False,0
18,83.58,1435.13,one_year,credit_card,dsl,0,1,54.8,False,True,True,0
69,41.46,2866.2,one_year,credit_card,fiber,1,2,14.7,False,False,False,1
31,56.13,1631.93,month_to_month,bank_transfer,none,1,0,72.2,False,True,True,1
47,69.36,3287.28,one_year,credit_card,fiber,0,0,36.0,False,False,False,0
50,43.69,2256.96,month_to_month,mailed_check,dsl,0,0,87.1,False,True,True,0
48,25.91,1292.76,one_year,electronic_check,fiber,1,1,162.7,True,False,False,1
43,66.5,2904.97,one_year,electronic_check,fiber,1,0,64.9,False,False,True,0
35,82.6,2723.03,one_year,credit_card,dsl,2,1,25.9,False,False,False,0
47,83.02,4021.94,month_to_month,electronic_check,dsl,3,0,12.0,False,False,True,0
66,89.26,5750.1,month_to_month,electronic_check,none,1,0,10.3,False,False,False,0
28,35.82,989.21,month_to_month,credit_card,dsl,0,0,31.8,False,True,False,0
37,71.27,2692.66,month_to_month,electronic_check,fiber,0,2,52.3,True,True,False,1
13,64.09,865.44,month_to_month,electronic_check,fiber,2,1,11.2,False,False,True,1
25,68.08,1586.99,one_year,electronic_check,fiber,3,0,48.4,False,True,True,0
56,65.34,3560.19,one_year,electronic_check,fiber,1,1,53.8,False,True,False,0
46,55.47,2577.46,one_year,electronic_check,fiber,1,0,94.9,False,False,True,0
15,18.0,315.98,one_year,electronic_check,fiber,2,1,14.5,False,True,True,1
39,95.56,3627.19,month_to_month,mailed_check,none,0,1,72.4,False,False,True,0
59,77.26,4593.67,month_to_month,electronic_check,fiber,1,0,134.1,False,False,True,0
9,37.35,199.78,month_to_month,electronic_check,dsl,1,0,61.8,False,True,False,1
4,80.41,377.84,one_year,mailed_check,dsl,1,1,55.8,True,True,False,1
28,60.16,1604.93,month_to_month,bank_transfer,dsl,1,0,35.5,False,False,True,1
47,60.78,2863.91,month_to_month,electronic_check,dsl,1,0,53.6,False,False,False,0
22,53.09,1160.11,month_to_month,mailed_check,none,1,1,15.0,False,False,True,1
59,81.81,4931.25,one_year,mailed_check,dsl,2,1,114.6,False,False,True,1
61,52.4,3218.19,two_year,bank_transfer,fiber,1,1,61.1,False,True,False,0
38,45.87,1689.14,two_year,credit_card,fiber,0,0,30.8,False,True,True,0
27,94.9,2594.66,month_to_month,credit_card,dsl,0,1,92.8,False,False,True,0
3,66.06,391.0,month_to_month,mailed_check,fiber,3,2,17.4,False,False,True,0
59,66.76,4005.45,month_to_month,credit_card,dsl,0,0,29.6,False,False,True,0
65,85.23,5534.62,one_year,bank_transfer,fiber,2,1,28.0,True,True,False,1
32,55.31,1694.89,month_to_month,electronic_check,dsl,2,0,17.6,True,False,False,1
37,59.7,2153.42,month_to_month,bank_transfer,fiber,2,0,24.1,False,False,False,1
55,76.73,4281.35,month_to_month,mailed_check,dsl,0,0,39.6,True,True,True,0
50,36.09,1724.78,month_to_month,electronic_check,none,3,0,20.1,False,False,True,1
9,74.86,673.98,two_year,electronic_check,dsl,2,2,30.6,False,False,True,1
49,53.37,2744.52,month_to_month,bank_transfer,fiber,1,0,67.3,False,False,True,1
67,88.82,5964.48,two_year,bank_transfer,dsl,0,0,16.6,True,False,True,0
54,82.03,4332.5,month_to_month,bank_transfer,fiber,1,1,72.1,False,False,False,0
35,79.12,2965.21,month_to_month,mailed_check,fiber,1,1,21.0,True,False,False,1
38,34.65,1475.32,one_year,electronic_check,dsl,1,0,27.7,False,False,True,0
18,67.73,1264.25,month_to_month,bank_transfer,fiber,1,0,36.3,True,False,True,0
48,44.1,2231.62,two_year,bank_transfer,fiber,1,0,51.8,False,False,True,0
17,69.19,1152.2,month_to_month,electronic_check,dsl,2,1,128.3,False,True,False,0
24,19.06,522.64,month_to_month,electronic_check,fiber,1,1,42.2,False,False,True,1
19,36.1,647.78,month_to_month,bank_transfer,fiber,1,0,21.4,False,False,True,1
24,96.16,2185.85,two_year,bank_transfer,dsl,0,1,191.6,False,False,True,0
26,78.12,2264.39,one_year,credit_card,none,1,0,39.9,False,False,True,0
6,62.22,246.73,one_year,credit_card,fiber,1,0,98.0,False,False,True,0
52,50.01,2627.3,one_year,bank_transfer,fiber,2,0,76.3,False,True,True,0
32,46.15,1502.53,month_to_month,electronic_check,none,2,0,23.0,True,False,True,0
69,74.4,5180.04,two_year,electronic_check,dsl,3,0,47.8,False,True,True,0
13,62.44,803.65,month_to_month,credit_card,none,2,0,108.4,False,True,True,1
48,104.03,4986.31,two_year,bank_transfer,fiber,0,1,78.1,False,True,False,0
13,65.94,869.68,one_year,bank_transfer,none,2,0,25.8,True,False,False,1
39,71.29,2823.5,month_to_month,credit_card,dsl,0,2,155.5,False,False,False,0
35,39.45,1380.59,one_year,bank_transfer,fiber,0,1,46.6,False,False,True,1
32,62.06,1979.77,one_year,mailed_check,dsl,0,0,27.4,True,False,True,0
47,73.89,3353.93,month_to_month,credit_card,fiber,2,0,180.0,False,False,False,1
60,61.8,3889.23,one_year,credit_card,fiber,2,0,144.8,False,False,True,0
23,59.32,1412.57,month_to_month,mailed_check,dsl,0,0,62.5,False,False,False,0
62,77.19,4804.58,two_year,electronic_check,fiber,0,1,83.6,True,False,False,0
13,103.33,1287.09,two_year,bank_transfer,none,0,1,89.6,False,False,True,1
21,73.19,1446.66,month_to_month,credit_card,none,1,1,40.0,False,False,True,1
22,95.17,2171.14,month_to_month,credit_card,none,1,0,75.6,False,False,True,1
69,83.68,5759.53,month_to_month,mailed_check,fiber,1,0,12.2,False,True,True,0
8,93.86,806.78,one_year,electronic_check,dsl,1,0,37.9,False,True,True,0
28,56.59,1462.83,two_year,electronic_check,none,2,0,82.5,False,True,True,0
30,65.45,2102.72,one_year,electronic_check,fiber,2,1,43.7,False,True,True,0
58,65.54,3882.44,two_year,mailed_check,dsl,1,1,11.0,False,False,True,0
35,82.02,2863.4,one_year,electronic_check,fiber,2,0,9.6,False,False,True,1
70,87.43,6162.19,month_to_month,bank_transfer,dsl,1,0,69.0,True,False,False,0
54,72.75,3995.19,two_year,electronic_check,dsl,1,1,73.2,True,True,True,0
51,89.29,4433.46,month_to_month,credit_card,none,1,0,83.5,False,False,True,1
54,57.61,3261.94,month_to_month,credit_card,dsl,1,0,68.2,False,False,False,0
11,89.48,1027.77,month_to_month,electronic_check,dsl,1,0,160.3,False,True,True,0
32,92.35,2891.83,month_to_month,credit_card,fiber,2,0,74.7,False,False,False,1
42,84.9,3467.11,one_year,electronic_check,dsl,1,0,51.3,False,False,False,0
15,72.95,1183.09,month_to_month,electronic_check,none,1,0,28.8,True,False,True,0
8,85.69,704.52,month_to_month,credit_card,dsl,2,0,77.3,False,False,True,1
9,50.33,496.4,month_to_month,credit_card,none,0,0,18.2,False,False,False,1
57,74.36,4240.92,month_to_month,electronic_check,dsl,3,0,86.3,False,True,True,1
47,76.61,3510.42,month_to_month,electronic_check,dsl,0,0,40.9,False,False,True,1
20,40.75,860.78,two_year,credit_card,none,2,0,33.6,False,True,False,0
53,80.44,4245.54,month_to_month,mailed_check,fiber,3,1,10.1,False,False,True,1
50,42.53,2124.55,one_year,bank_transfer,dsl,0,0,29.2,True,False,True,0
59,60.59,3788.74,month_to_month,mailed_check,dsl,0,0,112.9,False,False,True,0
66,70.87,4755.64,month_to_month,credit_card,dsl,4,0,16.5,False,False,False,0
64,53.92,3534.29,one_year,bank_transfer,dsl,2,1,21.0,False,True,False,0
13,71.82,1178.51,month_to_month,electronic_check,dsl,3,0,21.1,False,True,True,1
56,71.46,4036.37,month_to_month,credit_card,fiber,0,3,22.9,False,False,True,0
28,51.96,1465.65,month_to_month,electronic_check,none,3,0,59.9,False,False,False,0
29,82.5,2331.37,one_year,bank_transfer,fiber,0,0,43.7,True,True,False,0
47,53.19,2459.2,two_year,mailed_check,dsl,1,0,80.0,False,True,False,0
43,120.34,4990.38,month_to_month,bank_transfer,fiber,1,2,29.0,False,False,True,0
30,67.59,2098.84,one_year,electronic_check,dsl,1,0,30.0,False,True,True,0
72,44.23,3070.54,month_to_month,bank_transfer,fiber,1,0,191.8,False,True,True,0
12,48.34,661.33,one_year,bank_transfer,dsl,1,0,48.8,False,False,False,0
7,95.25,662.88,two_year,electronic_check,dsl,1,0,118.6,False,False,False,0
2,61.0,133.53,month_to_month,electronic_check,dsl,0,0,8.9,False,False,False,0
59,40.0,2356.19,month_to_month,bank_transfer,fiber,2,0,45.0,True,True,False,0
29,88.78,2699.37,one_year,electronic_check,dsl,5,1,33.4,True,False,False,0
31,60.86,1995.51,month_to_month,electronic_check,dsl,2,0,18.5,False,True,True,1
47,84.38,3963.26,two_year,mailed_check,fiber,0,0,78.3,False,False,False,0
31,90.58,2727.07,one_year,mailed_check,fiber,0,0,25.9,False,False,True,1
41,76.04,3200.79,two_year,credit_card,dsl,1,0,95.0,False,False,True,1
4,122.71,403.13,month_to_month,mailed_check,none,1,0,33.4,False,False,True,0
11,32.06,212.72,one_year,mailed_check,dsl,1,1,56.2,False,True,True,0
68,52.01,3581.53,month_to_month,credit_card,none,2,0,36.6,False,True,True,0
32,64.37,2169.5,one_year,bank_transfer,dsl,3,0,55.4,False,True,True,1
12,119.75,1400.54,two_year,mailed_check,fiber,1,0,68.2,False,False,False,0
26,109.56,2884.97,one_year,bank_transfer,dsl,0,0,134.9,False,False,True,0
24,98.35,2322.99,one_year,electronic_check,fiber,2,0,72.8,False,False,False,0
20,52.53,1115.58,month_to_month,electronic_check,dsl,0,0,23.4,False,False,False,1
21,55.09,1255.44,month_to_month,credit_card,dsl,1,1,61.1,False,True,False,0
53,51.77,2720.15,one_year,electronic_check,fiber,2,0,51.3,True,False,False,1
7,52.76,276.84,month_to_month,electronic_check,fiber,3,1,36.4,False,False,False,1
22,102.84,2131.35,month_to_month,credit_card,fiber,2,1,28.0,True,True,True,1
34,64.64,2281.07,one_year,electronic_check,fiber,1,1,140.4,False,False,False,1
39,67.55,2532.16,one_year,electronic_check,fiber,1,1,69.0,False,False,True,1
64,87.04,5604.04,month_to_month,mailed_check,fiber,0,1,14.0,True,False,True,1
67,33.4,2307.77,month_to_month,electronic_check,fiber,2,1,21.0,False,False,True,1
21,71.16,1449.24,month_to_month,bank_transfer,fiber,0,1,111.9,False,False,False,1
39,45.87,1773.97,one_year,credit_card,dsl,0,0,76.8,False,False,False,0
1,63.52,153.43,two_year,mailed_check,dsl,1,1,31.0,False,True,False,0
45,57.1,2496.76,month_to_month,electronic_check,fiber,0,1,42.7,False,False,True,0
11,55.96,533.69,month_to_month,electronic_check,dsl,0,1,37.2,False,True,False,0
5,74.96,353.7,two_year,bank_transfer,dsl,3,0,67.3,False,False,True,1
49,74.87,3783.64,month_to_month,credit_card,dsl,0,0,92.8,True,True,False,0
13,65.16,992.05,one_year,bank_transfer,none,0,0,10.7,False,False,True,1
34,78.16,2648.55,month_to_month,electronic_check,dsl,1,0,38.2,False,True,True,1
7,50.89,292.14,two_year,electronic_check,dsl,1,0,59.5,False,False,True,0
54,84.99,4685.23,one_year,electronic_check,none,1,0,72.4,False,False,True,1
55,65.46,3450.06,month_to_month,bank_transfer,dsl,1,0,61.4,False,False,True,0
41,59.36,2456.04,month_to_month,electronic_check,fiber,0,0,11.2,False,False,False,1
61,52.52,3199.77,month_to_month,electronic_check,dsl,2,0,24.5,False,True,False,0
31,64.69,2121.83,month_to_month,credit_card,fiber,1,0,32.8,True,False,False,1
13,111.15,1570.5,month_to_month,electronic_check,dsl,1,0,81.3,True,False,True,1
11,68.61,669.88,month_to_month,electronic_check,dsl,0,0,41.0,True,True,True,1
16,44.82,732.21,one_year,electronic_check,dsl,1,0,46.5,False,False,True,0
14,90.21,1211.59,month_to_month,bank_transfer,fiber,1,0,89.0,False,False,True,1
23,59.62,1344.86,month_to_month,credit_card,dsl,0,0,57.8,False,False,True,1
15,76.24,1199.16,two_year,credit_card,dsl,0,1,22.2,False,False,True,1
43,56.68,2407.1,month_to_month,credit_card,fiber,1,2,71.3,False,True,True,0
10,98.18,999.25,month_to_month,mailed_check,none,3,0,146.7,False,False,True,1
45,57.0,2651.15,one_year,electronic_check,fiber,2,0,21.0,False,False,True,0
24,100.75,2554.36,one_year,electronic_check,dsl,3,3,110.0,False,False,False,1
50,46.92,2371.98,month_to_month,mailed_check,fiber,2,0,34.3,False,False,False,1
37,63.56,2362.32,two_year,credit_card,dsl,2,2,38.8,True,True,False,0
66,100.8,6553.14,month_to_month,mailed_check,none,1,0,37.7,False,False,True,0
32,73.7,2501.12,month_to_month,bank_transfer,dsl,0,0,73.0,False,False,True,1
21,119.97,2563.98,month_to_month,bank_transfer,fiber,1,0,49.6,False,False,True,0
43,64.08,2767.7,month_to_month,credit_card,dsl,3,1,21.2,False,False,True,1
48,75.65,3638.85,month_to_month,electronic_check,fiber,1,0,172.1,False,True,False,1
32,111.91,3613.58,month_to_month,mailed_check,dsl,2,0,61.9,False,True,False,0
40,36.69,1537.06,one_year,credit_card,fiber,2,1,48.0,False,False,True,1
34,33.97,1235.58,month_to_month,electronic_check,dsl,0,1,65.8,False,True,True,0
22,52.5,1299.97,two_year,electronic_check,dsl,0,0,16.1,False,False,False,0
22,87.89,1955.42,month_to_month,electronic_check,dsl,2,1,58.9,False,False,True,1
66,34.58,2440.16,one_year,electronic_check,fiber,3,0,46.4,False,False,True,0
49,83.14,4169.06,month_to_month,electronic_check,fiber,0,1,17.6,False,False,True,0
6,81.59,484.13,month_to_month,electronic_check,fiber,2,1,21.4,False,False,False,0
70,114.32,7852.34,one_year,mailed_check,dsl,1,0,44.4,False,False,True,0
51,93.0,4750.7,month_to_month,credit_card,none,1,0,52.4,False,False,True,0
3,78.01,374.29,one_year,electronic_check,dsl,0,0,72.9,False,True,True,1
53,99.9,5224.93,one_year,electronic_check,dsl,1,1,11.1,False,False,True,0
43,81.86,3527.4,one_year,bank_transfer,fiber,1,0,41.0,False,False,True,0
66,59.88,3966.95,one_year,bank_transfer,dsl,1,1,40.5,False,True,True,0
35,44.82,1653.49,two_year,electronic_check,fiber,0,0,31.6,False,False,False,0
37,57.47,2091.49,month_to_month,mailed_check,fiber,1,1,29.4,False,True,True,1
22,69.12,1442.4,two_year,electronic_check,fiber,1,0,87.1,False,True,True,1
23,73.85,1749.85,month_to_month,electronic_check,dsl,2,1,18.9,False,False,True,1
45,23.03,969.45,month_to_month,electronic_check,dsl,1,0,42.2,True,True,False,0
60,65.17,3745.0,two_year,mailed_check,fiber,1,1,110.3,False,False,True,0
65,70.63,4756.58,month_to_month,bank_transfer,fiber,0,0,23.2,False,False,True,0
56,82.05,4678.23,two_year,bank_transfer,dsl,0,2,52.2,True,True,False,0
44,105.79,4824.26,one_year,credit_card,dsl,0,0,64.0,False,False,True,0
36,74.08,2745.54,two_year,electronic_check,fiber,2,1,70.2,False,True,False,1
24,49.99,1260.99,month_to_month,electronic_check,fiber,0,0,10.7,False,False,True,1
56,30.0,1713.26,one_year,electronic_check,dsl,0,1,23.5,False,False,True,0
23,85.11,1940.79,month_to_month,mailed_check,dsl,1,0,17.7,False,False,False,1
19,50.88,1012.81,month_to_month,bank_transfer,dsl,1,0,83.4,False,False,True,1
63,89.07,5561.62,one_year,credit_card,dsl,2,1,40.2,False,False,True,0
43,100.74,4235.59,one_year,mailed_check,dsl,1,0,80.2,False,False,True,0
25,36.03,870.85,one_year,electronic_check,fiber,2,0,158.8,False,False,True,0
63,82.19,5294.2,one_year,electronic_check,dsl,0,0,30.7,False,False,True,1
70,98.44,6779.88,one_year,credit_card,none,0,0,106.6,False,True,True,0
23,92.42,2016.17,month_to_month,mailed_check,dsl,0,0,38.1,False,False,False,1
38,23.88,960.66,month_to_month,electronic_check,fiber,2,0,17.4,True,False,True,1
35,51.22,1755.34,one_year,electronic_check,none,0,1,32.2,False,False,True,0
51,41.84,2177.53,one_year,electronic_check,fiber,1,2,103.6,False,False,True,0
69,81.52,5713.97,month_to_month,mailed_check,none,1,0,99.8,False,False,True,0
40,79.09,3205.14,month_to_month,electronic_check,dsl,1,0,52.8,False,False,False,1
58,18.0,987.1,month_to_month,bank_transfer,dsl,4,2,62.7,False,True,False,1
43,63.38,2840.8,one_year,mailed_check,fiber,1,0,39.5,False,False,True,0
64,87.62,5674.47,month_to_month,bank_transfer,fiber,1,0,133.7,False,True,True,0
29,73.26,2126.95,one_year,electronic_check,fiber,3,2,41.1,True,True,True,0
28,73.22,2048.22,one_year,electronic_check,fiber,2,3,76.6,False,False,True,1
30,61.97,1892.76,two_year,electronic_check,fiber,0,0,29.1,False,False,True,0
72,46.7,3334.32,month_to_month,bank_transfer,fiber,2,0,48.0,False,True,True,1
44,69.62,2916.47,two_year,bank_transfer,dsl,1,0,4.9,True,True,False,0
11,71.15,850.16,one_year,electronic_check,dsl,0,0,38.2,False,False,True,0
2,83.54,229.25,month_to_month,credit_card,fiber,1,0,59.4,False,False,True,1
37,85.32,2949.74,month_to_month,electronic_check,dsl,2,0,68.5,True,False,True,1
58,71.89,4215.58,month_to_month,credit_card,fiber,1,0,76.7,False,False,True,0
34,94.09,3357.14,month_to_month,credit_card,dsl,4,0,55.8,False,True,True,0
40,61.75,2368.51,month_to_month,mailed_check,dsl,4,0,60.6,True,False,True,0
58,38.23,2210.74,month_to_month,credit_card,dsl,1,0,49.8,False,True,False,0
37,80.5,2962.12,two_year,electronic_check,fiber,0,2,89.3,False,False,False,0
66,72.78,4952.92,month_to_month,credit_card,fiber,3,1,56.0,False,False,False,0
46,80.93,3823.67,month_to_month,mailed_check,fiber,2,0,82.5,False,True,True,0
53,42.18,2156.48,one_year,credit_card,none,1,2,19.7,True,False,False,0
57,109.4,6266.59,two_year,bank_transfer,fiber,1,0,62.7,False,False,True,0
45,85.63,4060.59,two_year,credit_card,dsl,1,0,41.0,True,False,True,0
3,63.66,134.76,two_year,credit_card,fiber,1,1,9.1,False,False,True,0
31,49.42,1531.02,two_year,credit_card,dsl,2,0,12.4,False,False,False,1
10,93.7,983.22,month_to_month,mailed_check,fiber,2,1,16.2,True,True,True,1
37,45.76,1638.22,month_to_month,credit_card,fiber,1,0,41.5,True,False,False,0
10,119.75,1356.19,month_to_month,credit_card,fiber,1,2,31.3,False,False,True,1
37,56.51,2048.33,two_year,bank_transfer,fiber,2,0,74.4,True,False,False,1
25,107.85,2571.24,month_to_month,electronic_check,fiber,0,0,87.7,False,False,True,1
1,65.94,18.69,one_year,electronic_check,fiber,4,1,52.3,False,False,True,1
9,104.78,1001.79,month_to_month,electronic_check,dsl,1,2,102.7,False,True,True,1
36,53.83,1866.04,two_year,credit_card,fiber,0,0,32.1,False,False,False,0
5,70.41,379.25,month_to_month,bank_transfer,fiber,1,1,58.6,False,False,True,1
62,87.7,5488.03,two_year,credit_card,fiber,0,0,29.5,False,False,True,0
55,84.57,4542.55,two_year,credit_card,dsl,1,0,62.3,False,False,True,0
51,94.22,4754.49,month_to_month,electronic_check,fiber,0,1,76.7,False,False,False,0
12,59.28,742.77,one_year,mailed_check,dsl,1,1,85.3,True,True,True,0
58,71.87,4231.68,month_to_month,electronic_check,fiber,1,0,48.0,False,False,True,1
46,97.46,4434.67,month_to_month,electronic_check,fiber,0,0,26.8,True,True,True,1
28,54.48,1539.1,month_to_month,bank_transfer,fiber,3,0,44.9,True,False,False,1
0,82.6,0.0,one_year,mailed_check,fiber,1,1,56.7,False,True,True,0
38,65.18,2542.35,month_to_month,electronic_check,fiber,2,1,31.1,False,False,False,1
58,74.53,4369.49,one_year,credit_card,fiber,2,0,83.1,False,True,False,0
2,71.86,110.11,one_year,bank_transfer,none,1,0,23.2,False,True,True,0
3,52.66,201.04,month_to_month,electronic_check,dsl,1,0,83.1,False,False,True,0
27,64.26,1697.89,month_to_month,mailed_check,none,0,0,34.7,False,False,True,0
37,73.19,2749.19,month_to_month,electronic_check,none,3,1,21.2,False,False,True,0
34,67.74,2345.58,month_to_month,credit_card,fiber,0,0,15.4,False,True,True,1
31,104.6,3455.99,two_year,electronic_check,dsl,3,1,58.8,False,False,True,0
18,92.22,1629.7,month_to_month,electronic_check,fiber,3,1,23.6,True,False,True,1
4,76.38,292.81,one_year,electronic_check,dsl,2,0,44.9,False,True,True,1
2,53.21,48.17,two_year,electronic_check,dsl,2,2,33.7,False,False,True,1
7,51.87,270.14,month_to_month,mailed_check,dsl,2,0,40.2,False,True,True,1
50,113.42,5629.92,one_year,credit_card,dsl,1,1,18.5,False,False,True,0
57,47.78,2783.32,two_year,electronic_check,fiber,2,1,127.2,False,False,True,1
31,72.5,2313.87,one_year,credit_card,none,0,0,57.6,False,False,True,0
5,77.94,416.31,month_to_month,electronic_check,fiber,1,2,30.1,False,False,False,0
30,63.15,1867.88,one_year,bank_transfer,fiber,0,2,26.1,False,False,True,0
71,47.95,3360.05,two_year,credit_card,fiber,0,1,72.5,False,False,True,0
18,52.73,866.63,one_year,credit_card,dsl,1,1,76.6,True,True,True,0
35,57.98,1979.18,one_year,bank_transfer,fiber,2,0,18.0,False,False,True,0
39,54.39,2004.65,one_year,credit_card,none,1,1,23.0,False,True,False,1
24,99.21,2503.25,one_year,bank_transfer,dsl,3,1,142.4,False,True,True,1
31,69.8,2329.14,month_to_month,credit_card,dsl,2,1,29.3,False,True,True,1
34,58.48,1814.09,two_year,electronic_check,fiber,2,0,41.1,True,True,False,0
34,72.35,2485.93,month_to_month,electronic_check,fiber,0,1,31.9,False,False,True,1
52,84.7,4428.94,two_year,electronic_check,dsl,1,0,47.9,False,False,False,0
42,62.42,2640.43,month_to_month,mailed_check,fiber,0,0,17.5,False,False,True,0
3,89.84,216.17,one_year,bank_transfer,fiber,0,1,98.4,False,False,True,0
0,42.03,92.03,two_year,mailed_check,dsl,2,0,40.8,False,False,True,1
29,95.77,2814.27,one_year,bank_transfer,dsl,2,0,13.0,False,True,True,0
66,69.8,4699.87,month_to_month,mailed_check,none,3,1,42.7,False,False,True,0
2,68.94,71.5,one_year,electronic_check,dsl,0,1,72.2,False,True,False,0
5,54.75,149.26,month_to_month,bank_transfer,fiber,1,1,22.6,False,True,True,0
49,42.99,2145.65,month_to_month,credit_card,none,2,0,65.5,False,False,True,0
32,33.33,979.9,month_to_month,mailed_check,none,1,1,93.0,False,False,True,1
16,53.22,946.43,two_year,mailed_check,dsl,2,0,21.3,True,False,True,0
15,82.93,1052.55,two_year,bank_transfer,fiber,3,1,27.4,False,False,True,1
48,48.85,2302.63,one_year,bank_transfer,fiber,1,0,33.0,False,True,False,0
38,35.93,1309.91,one_year,mailed_check,dsl,4,0,128.2,False,False,True,1
46,50.0,2270.09,month_to_month,electronic_check,fiber,1,1,66.3,False,True,True,1
20,61.53,1254.1,month_to_month,credit_card,fiber,0,1,34.9,True,False,True,1
38,62.4,2406.86,one_year,bank_transfer,fiber,1,1,67.8,False,False,True,1
62,67.16,4221.5,one_year,credit_card,dsl,1,0,54.2,True,False,False,0
23,92.72,2200.51,one_year,credit_card,fiber,0,1,19.7,False,False,True,0
28,97.48,2714.0,month_to_month,credit_card,dsl,1,0,96.2,False,False,False,1
11,114.12,1445.1,month_to_month,electronic_check,dsl,1,0,81.8,False,False,True,1
46,34.25,1700.34,month_to_month,mailed_check,dsl,1,0,62.0,False,True,False,0
2,51.17,74.26,one_year,bank_transfer,fiber,3,0,26.9,True,False,True,1
18,85.37,1524.34,month_to_month,bank_transfer,fiber,1,1,112.2,False,False,False,1
52,60.01,3090.55,month_to_month,electronic_check,fiber,2,0,72.8,False,True,True,0
1,88.94,121.64,one_year,electronic_check,fiber,1,0,111.0,True,False,False,1
72,74.56,5280.85,month_to_month,credit_card,fiber,1,2,40.1,False,True,True,1
29,104.74,2966.4,month_to_month,electronic_check,fiber,2,3,214.5,False,True,False,0
29,92.94,2500.2,one_year,electronic_check,fiber,0,0,46.8,False,False,True,0
39,93.34,3604.38,month_to_month,electronic_check,dsl,0,0,50.0,False,True,True,0
46,60.94,2899.07,one_year,electronic_check,fiber,0,0,159.7,False,False,True,0
33,67.86,2225.69,two_year,electronic_check,none,2,1,166.4,False,False,True,1
64,63.28,4041.27,month_to_month,bank_transfer,fiber,2,0,83.4,False,False,True,0
70,36.87,2605.93,month_to_month,credit_card,fiber,1,2,43.7,False,False,True,0
14,102.38,1343.12,one_year,credit_card,dsl,1,0,76.5,False,False,False,0
51,86.4,4408.68,one_year,mailed_check,none,2,0,40.8,False,False,True,0
21,62.41,1390.74,two_year,credit_card,fiber,0,1,24.5,False,False,True,1
72,98.7,7133.99,month_to_month,mailed_check,dsl,1,0,47.5,False,True,True,0
18,56.13,1098.37,two_year,electronic_check,dsl,1,1,96.1,False,False,False,0
21,29.56,734.53,month_to_month,electronic_check,fiber,2,0,55.9,False,False,True,1
52,92.16,4851.95,month_to_month,electronic_check,dsl,2,0,13.9,False,False,False,1
57,41.87,2322.39,month_to_month,mailed_check,fiber,1,0,63.6,False,False,True,0
9,65.69,560.24,month_to_month,mailed_check,fiber,0,0,7.9,False,False,False,1
40,74.53,3155.03,month_to_month,credit_card,fiber,1,0,73.3,True,False,False,0
25,78.48,1990.28,month_to_month,bank_transfer,fiber,2,0,27.9,False,False,True,1
44,88.66,3917.33,month_to_month,electronic_check,dsl,0,0,90.3,False,True,False,0
40,82.78,3233.8,one_year,credit_card,fiber,3,0,61.6,False,False,False,1
71,82.1,5820.87,month_to_month,electronic_check,fiber,1,0,116.9,False,False,True,0
68,52.6,3641.27,month_to_month,credit_card,fiber,2,1,29.9,False,True,True,0
47,76.47,3595.43,month_to_month,electronic_check,dsl,1,2,41.3,False,True,True,1
49,36.88,1760.38,one_year,credit_card,dsl,1,0,9.2,True,True,True,1
65,104.37,6758.19,two_year,credit_card,dsl,2,2,62.7,False,False,True,0
13,39.14,616.08,month_to_month,credit_card,none,0,0,49.3,False,False,True,0
52,62.38,3303.86,two_year,electronic_check,none,1,2,5.0,False,True,True,0
56,40.98,2342.94,one_year,credit_card,fiber,2,0,52.2,True,True,False,0
9,53.94,525.14,two_year,electronic_check,fiber,3,2,19.6,False,False,True,1
64,70.3,4392.73,month_to_month,electronic_check,dsl,0,0,43.9,False,False,True,0
51,58.37,3001.38,month_to_month,credit_card,fiber,2,0,140.6,False,False,True,1
25,95.17,2475.37,one_year,electronic_check,fiber,2,1,62.3,False,False,True,1
35,74.99,2601.17,one_year,credit_card,dsl,1,0,44.1,False,True,False,0
35,59.82,2181.67,two_year,electronic_check,fiber,1,0,19.5,False,False,False,0
67,67.06,4542.09,two_year,credit_card,dsl,1,1,35.7,False,True,True,0
70,96.83,6852.59,month_to_month,credit_card,dsl,0,1,49.0,False,True,False,0
58,90.0,5224.58,one_year,electronic_check,dsl,3,1,36.9,True,False,True,1
47,44.95,2192.44,month_to_month,electronic_check,none,0,1,31.1,False,False,True,0
7,55.03,253.39,one_year,credit_card,none,3,0,99.5,False,True,False,0
66,80.45,5312.68,one_year,bank_transfer,fiber,2,0,44.8,False,False,True,0
9,77.77,764.1,one_year,electronic_check,dsl,0,0,46.0,False,False,True,0
12,46.89,589.35,month_to_month,electronic_check,fiber,1,0,94.6,False,False,True,0
5,86.48,531.01,two_year,bank_transfer,none,2,0,31.2,False,True,True,0
69,50.4,3463.46,month_to_month,electronic_check,fiber,3,0,58.6,False,False,True,1
36,98.68,3503.21,month_to_month,electronic_check,fiber,0,0,60.8,True,True,True,1
17,81.65,1240.53,month_to_month,electronic_check,none,1,0,60.2,False,True,True,1
5,45.1,200.93,month_to_month,mailed_check,dsl,1,1,58.7,False,False,True,1
30,58.36,1797.32,month_to_month,credit_card,fiber,1,1,56.6,False,True,True,0
52,57.98,3083.45,month_to_month,electronic_check,fiber,0,0,176.0,False,True,False,0
72,73.52,5167.51,month_to_month,credit_card,dsl,0,0,81.0,False,False,True,0
40,65.51,2726.18,month_to_month,electronic_check,dsl,1,0,9.7,False,False,False,0
44,44.8,1883.5,month_to_month,electronic_check,dsl,0,0,39.1,False,True,True,0
61,39.33,2388.23,two_year,mailed_check,fiber,1,1,28.1,False,True,True,0
65,82.08,5284.01,month_to_month,credit_card,dsl,3,2,52.4,False,False,True,1
20,76.3,1563.55,month_to_month,bank_transfer,fiber,1,0,84.5,False,False,False,1
72,72.32,5215.51,one_year,mailed_check,none,1,0,54.3,False,False,True,0
37,75.96,2871.54,one_year,electronic_check,dsl,0,2,15.8,False,False,True,1
67,56.38,3943.4,month_to_month,electronic_check,none,3,1,84.9,False,False,True,0
8,74.05,628.21,month_to_month,electronic_check,fiber,2,0,22.4,False,False,True,1
7,125.85,829.05,one_year,bank_transfer,none,2,0,73.8,False,False,False,1
64,95.84,6175.26,month_to_month,credit_card,none,2,1,11.7,False,False,True,0
49,63.66,3294.4,month_to_month,credit_card,dsl,2,0,139.1,False,True,False,0
12,58.49,760.95,two_year,electronic_check,none,0,1,46.8,True,False,True,0
65,18.0,1255.11,month_to_month,electronic_check,dsl,1,1,31.8,False,False,True,0
7,93.51,511.15,month_to_month,credit_card,none,3,0,17.0,False,False,True,1
49,87.31,4313.01,month_to_month,electronic_check,dsl,0,1,62.9,False,False,True,0
14,58.04,788.44,one_year,bank_transfer,none,0,1,57.3,False,False,True,0
5,38.5,131.29,month_to_month,mailed_check,fiber,1,0,5.6,False,False,True,1
58,44.58,2583.63,month_to_month,mailed_check,fiber,0,0,56.8,False,False,True,0
61,79.78,4876.36,month_to_month,credit_card,dsl,0,0,42.7,False,False,False,0
7,68.03,420.01,month_to_month,electronic_check,dsl,1,0,60.3,False,False,True,1
6,85.22,528.28,month_to_month,credit_card,fiber,2,1,136.0,False,True,True,0
44,71.9,3147.99,month_to_month,electronic_check,fiber,1,0,115.2,False,False,True,0
2,91.27,245.76,month_to_month,mailed_check,fiber,0,1,46.1,True,False,False,1
54,78.13,4239.5,month_to_month,bank_transfer,none,0,0,19.8,False,False,True,0
66,88.23,5857.01,two_year,electronic_check,dsl,1,0,24.5,False,False,True,0
54,24.03,1385.76,one_year,bank_transfer,fiber,2,0,64.9,False,False,False,0
16,42.84,735.39,month_to_month,electronic_check,fiber,1,0,11.0,False,False,True,1
13,61.98,805.19,month_to_month,bank_transfer,none,0,0,38.5,True,False,True,1
49,93.75,4405.93,one_year,credit_card,fiber,2,1,36.2,False,False,False,0
4,111.37,491.72,one_year,mailed_check,dsl,1,0,26.9,False,False,True,0
39,66.39,2507.14,month_to_month,mailed_check,none,0,0,34.4,False,True,True,1
32,56.55,1801.84,month_to_month,electronic_check,none,0,1,18.9,True,False,False,0
54,26.99,1490.85,month_to_month,credit_card,fiber,0,0,77.9,False,False,False,0
14,89.0,1365.97,month_to_month,electronic_check,dsl,1,0,77.1,False,False,False,0
55,57.9,3350.31,month_to_month,bank_transfer,none,0,0,141.4,False,False,True,1
51,130.0,6547.09,month_to_month,credit_card,fiber,1,1,66.6,True,False,True,1
17,53.73,794.98,one_year,mailed_check,dsl,0,1,13.1,True,False,True,0
26,116.32,3053.63,month_to_month,mailed_check,dsl,2,0,82.0,False,True,False,0
4,86.46,367.66,month_to_month,electronic_check,fiber,0,0,69.6,False,False,True,1
32,47.38,1407.99,month_to_month,electronic_check,fiber,2,0,121.1,False,False,True,0
19,75.11,1425.6,one_year,bank_transfer,fiber,0,0,39.9,False,True,False,0
8,86.97,749.54,month_to_month,electronic_check,fiber,1,0,52.4,True,False,False,1
40,65.04,2490.89,one_year,electronic_check,fiber,2,1,72.6,True,True,False,0
41,88.44,3536.53,one_year,credit_card,fiber,2,0,50.7,False,True,True,1
6,87.95,469.73,month_to_month,credit_card,dsl,4,2,95.1,False,False,False,1
13,83.12,1061.46,month_to_month,credit_card,none,1,0,39.7,False,False,False,1
6,69.64,480.3,two_year,electronic_check,none,0,1,51.9,False,False,False,0
49,44.15,2133.97,two_year,electronic_check,none,0,1,27.9,False,False,False,0
24,68.31,1644.42,month_to_month,electronic_check,dsl,0,0,19.9,False,True,True,1
5,73.87,571.51,one_year,bank_transfer,fiber,0,0,47.8,False,False,False,1
13,28.73,287.42,month_to_month,credit_card,fiber,1,0,13.7,False,True,False,0
71,73.72,5175.35,month_to_month,credit_card,dsl,3,0,52.8,False,False,True,1
18,67.87,1282.69,month_to_month,mailed_check,none,1,0,3.8,False,False,False,1
49,41.47,2120.95,one_year,mailed_check,fiber,3,0,77.5,False,False,False,0
34,62.67,2168.11,two_year,electronic_check,dsl,1,1,46.2,True,False,False,0
13,63.14,983.63,one_year,bank_transfer,none,2,0,38.7,False,False,False,1
22,112.46,2502.69,one_year,electronic_check,dsl,1,0,33.7,False,True,False,0
1,74.84,0.0,month_to_month,bank_transfer,dsl,1,0,83.7,False,False,True,1
54,92.79,5019.39,two_year,electronic_check,none,1,0,65.9,False,False,False,0
24,67.41,1566.45,month_to_month,electronic_check,dsl,1,0,34.0,True,False,False,0
36,28.77,1160.26,two_year,mailed_check,fiber,1,1,143.3,False,True,False,1
11,84.79,1019.51,month_to_month,credit_card,none,0,1,177.0,False,True,True,0
60,55.52,3188.13,month_to_month,electronic_check,dsl,0,0,99.6,False,False,False,0
15,62.62,1060.83,one_year,mailed_check,fiber,0,0,64.0,False,True,False,1
41,46.83,2004.57,month_to_month,electronic_check,none,1,0,40.1,False,False,False,1
63,71.6,4481.6,month_to_month,electronic_check,fiber,3,1,13.1,True,False,False,0
52,93.43,4851.3,one_year,credit_card,none,1,1,32.7,False,True,True,0
44,90.52,4108.18,one_year,bank_transfer,dsl,1,2,15.6,False,False,True,0
64,104.9,6536.16,month_to_month,bank_transfer,fiber,4,1,54.9,False,True,False,1
12,108.02,1336.33,month_to_month,credit_card,none,1,0,56.3,True,False,False,1
70,24.99,1847.71,one_year,credit_card,fiber,1,0,34.5,False,False,True,0
40,43.74,1741.62,month_to_month,credit_card,none,1,0,84.8,False,True,True,1
29,30.22,934.69,month_to_month,credit_card,dsl,2,0,25.6,False,False,True,1
18,83.9,1519.48,one_year,electronic_check,dsl,4,1,26.3,False,False,True,0
54,54.75,2885.94,two_year,electronic_check,none,2,1,29.6,False,False,True,0
71,59.24,4133.23,month_to_month,bank_transfer,fiber,0,0,13.9,True,False,False,0
50,65.23,3325.57,one_year,bank_transfer,dsl,2,0,45.0,False,False,True,0
2,78.42,99.63,month_to_month,credit_card,dsl,0,0,8.6,False,False,False,1
34,37.32,1131.67,one_year,electronic_check,fiber,2,2,98.0,False,False,True,1
53,42.31,2253.45,one_year,credit_card,fiber,2,1,16.7,False,False,True,1
29,70.03,1984.69,month_to_month,electronic_check,dsl,0,0,30.1,False,False,True,1
56,96.37,5288.8,month_to_month,credit_card,fiber,2,0,123.9,False,True,True,0
51,69.44,3547.9,two_year,credit_card,dsl,1,2,6.1,False,True,False,0
4,52.58,279.37,one_year,credit_card,dsl,0,1,23.3,True,True,True,1
40,22.74,911.41,one_year,electronic_check,fiber,2,0,69.9,True,False,True,0
12,90.96,995.56,month_to_month,mailed_check,fiber,1,0,56.9,False,True,True,0
35,53.81,1926.71,month_to_month,electronic_check,fiber,3,0,31.1,False,False,True,1
28,44.76,1346.44,month_to_month,electronic_check,fiber,1,0,78.5,False,False,False,1
58,32.26,2070.25,month_to_month,credit_card,dsl,0,1,43.3,False,False,True,0
63,38.34,2545.19,month_to_month,bank_transfer,fiber,0,0,13.4,False,False,True,0
33,48.85,1521.57,month_to_month,bank_transfer,none,2,0,119.8,False,False,False,0
39,64.75,2602.48,one_year,credit_card,fiber,2,0,13.2,False,True,True,0
45,43.41,1976.54,month_to_month,credit_card,fiber,0,0,56.7,False,False,True,1
47,74.09,3378.54,one_year,credit_card,dsl,1,1,23.5,False,True,True,1
46,64.58,2996.22,month_to_month,electronic_check,fiber,1,1,40.8,False,True,False,1
57,118.88,6948.84,month_to_month,electronic_check,dsl,1,0,44.0,False,True,True,0
71,32.5,2415.13,month_to_month,credit_card,fiber,2,1,15.3,True,False,False,0
60,73.55,4321.79,one_year,credit_card,none,2,0,101.2,False,True,True,0
9,73.83,665.7,one_year,bank_transfer,fiber,2,0,97.5,False,False,True,0
34,47.33,1653.47,month_to_month,mailed_check,fiber,3,0,53.8,False,False,True,1
33,72.1,2223.61,two_year,credit_card,dsl,0,0,57.2,True,False,False,0
37,86.93,3063.82,month_to_month,bank_transfer,fiber,0,0,76.5,True,False,True,0
38,72.12,2754.48,month_to_month,mailed_check,none,1,1,23.7,False,False,True,0
52,100.46,5239.01,one_year,electronic_check,none,3,0,72.9,False,False,True,1
30,22.09,497.21,month_to_month,credit_card,dsl,2,0,55.8,False,False,False,1
19,51.47,1012.85,one_year,bank_transfer,fiber,2,1,24.7,False,True,False,0
33,102.45,3478.68,two_year,credit_card,dsl,1,0,193.3,False,True,True,0
62,90.06,5564.07,one_year,mailed_check,fiber,2,0,4.8,True,True,False,0
22,81.89,1806.96,month_to_month,credit_card,fiber,2,0,34.8,False,True,True,0
1,97.13,148.56,month_to_month,mailed_check,fiber,1,0,25.9,False,False,False,0
71,27.84,2016.15,two_year,electronic_check,dsl,1,4,30.3,False,True,True,0
14,87.5,1074.82,month_to_month,bank_transfer,fiber,0,0,90.7,True,False,False,1
44,93.42,4029.02,month_to_month,electronic_check,dsl,2,0,77.8,False,False,True,0
58,55.51,3183.95,two_year,electronic_check,dsl,1,0,46.3,True,True,False,0
20,127.84,2479.33,one_year,electronic_check,fiber,1,0,48.5,False,False,False,0
24,74.32,1915.71,month_to_month,credit_card,fiber,1,0,51.0,False,False,True,1
20,21.76,492.3,one_year,electronic_check,dsl,2,0,55.2,True,False,True,1
10,78.39,684.02,month_to_month,electronic_check,dsl,1,0,9.1,False,True,False,1
11,54.16,576.47,two_year,bank_transfer,fiber,1,0,75.6,False,False,False,1
13,95.63,1344.93,one_year,credit_card,dsl,2,1,110.5,False,False,True,0
33,82.05,2649.49,month_to_month,credit_card,none,1,0,23.1,False,True,True,0
38,56.85,2236.94,month_to_month,credit_card,fiber,0,1,94.6,True,False,False,0
1,103.05,227.54,month_to_month,mailed_check,dsl,0,1,15.7,False,True,True,1
61,90.67,5640.32,month_to_month,bank_transfer,none,0,1,94.5,True,False,True,0
49,51.79,2553.95,one_year,credit_card,none,2,1,34.1,False,False,True,1
5,66.66,445.89,month_to_month,bank_transfer,fiber,3,2,57.0,False,False,True,1
61,81.37,4916.57,two_year,mailed_check,fiber,0,0,11.9,True,False,False,0
2,61.99,347.71,month_to_month,credit_card,dsl,0,0,23.0,False,False,True,1
40,62.64,2527.28,month_to_month,electronic_check,fiber,2,0,82.2,True,False,False,0
33,70.81,2439.94,one_year,electronic_check,fiber,1,0,20.0,False,False,False,0
36,46.55,1643.22,one_year,bank_transfer,fiber,1,0,23.1,True,False,True,1
69,20.88,1485.67,month_to_month,mailed_check,dsl,2,0,62.9,False,True,False,0
67,75.26,5091.33,month_to_month,electronic_check,fiber,2,0,97.0,False,False,True,0
20,26.24,441.2,month_to_month,credit_card,fiber,1,0,7.2,False,False,False,1
42,48.15,1936.04,one_year,electronic_check,dsl,1,0,8.3,False,False,False,0
70,31.03,2153.69,two_year,credit_card,fiber,1,0,26.2,True,True,True,0
53,33.73,1887.17,two_year,mailed_check,fiber,3,1,112.7,False,True,False,0
64,79.38,4915.49,one_year,bank_transfer,none,0,0,34.4,False,False,True,0
31,65.11,1985.75,one_year,mailed_check,dsl,1,1,11.5,False,False,False,0
20,64.32,1404.29,one_year,credit_card,fiber,1,1,94.8,False,False,True,1
37,41.05,1407.96,one_year,bank_transfer,fiber,1,1,70.1,True,True,False,1
59,55.57,3391.48,month_to_month,mailed_check,dsl,1,0,34.9,False,False,False,0
67,78.28,5143.26,month_to_month,bank_transfer,dsl,1,0,56.4,False,False,False,0
50,68.85,3360.01,two_year,mailed_check,none,1,1,89.3,False,True,False,0
51,88.1,4479.85,two_year,electronic_check,fiber,0,0,21.6,True,False,True,1
37,91.23,3544.12,one_year,electronic_check,dsl,1,2,103.4,False,False,True,1
23,64.45,1424.75,month_to_month,electronic_check,fiber,1,0,27.6,False,False,False,1
30,29.25,721.53,one_year,mailed_check,none,3,2,4.6,False,True,False,1
36,53.35,1794.43,month_to_month,electronic_check,fiber,1,0,58.8,False,False,False,1
59,67.85,4087.03,month_to_month,bank_transfer,dsl,1,0,144.6,False,False,True,0
40,52.92,1994.87,month_to_month,credit_card,dsl,0,0,82.5,True,True,True,0
57,46.8,2774.52,one_year,bank_transfer,dsl,1,1,40.9,False,False,False,0
1,71.53,77.81,month_to_month,bank_transfer,dsl,1,0,43.2,False,True,False,0
55,123.47,6787.95,one_year,credit_card,fiber,1,0,19.8,False,True,False,0
37,59.26,2219.38,one_year,electronic_check,none,1,1,34.7,False,False,True,1
72,69.94,4963.6,month_to_month,bank_transfer,dsl,4,0,48.6,False,False,True,1
34,41.14,1411.17,month_to_month,mailed_check,dsl,1,0,54.5,False,False,False,0
34,97.35,3202.52,one_year,electronic_check,dsl,2,0,64.7,False,False,False,1
9,89.24,924.56,two_year,electronic_check,fiber,0,0,51.0,False,True,False,0
58,87.73,4995.88,two_year,mailed_check,dsl,4,0,72.2,False,True,True,0
51,99.92,5135.42,month_to_month,electronic_check,fiber,0,0,67.5,False,False,False,0
62,60.6,3664.07,one_year,electronic_check,fiber,3,0,170.4,False,True,True,0
6,63.35,332.11,two_year,mailed_check,fiber,0,1,29.4,False,True,True,1
15,107.62,1580.66,month_to_month,bank_transfer,fiber,0,0,32.2,True,True,True,1
64,83.92,5639.2,one_year,electronic_check,fiber,0,0,15.7,False,False,False,0
3,21.18,62.24,month_to_month,mailed_check,dsl,0,0,62.3,False,False,False,0
37,80.01,2886.43,one_year,bank_transfer,dsl,3,0,59.4,False,False,True,1
29,57.2,1618.79,month_to_month,electronic_check,fiber,1,0,35.5,False,False,False,0
68,89.76,5968.26,month_to_month,credit_card,dsl,0,2,96.8,False,False,True,0
62,78.98,4882.11,month_to_month,mailed_check,fiber,0,0,43.0,False,False,False,0
65,31.71,2227.75,month_to_month,bank_transfer,fiber,1,1,72.2,False,False,False,0
21,75.91,1624.35,month_to_month,credit_card,fiber,2,0,65.4,True,False,True,1
42,74.63,3215.77,month_to_month,credit_card,dsl,0,0,26.5,False,True,True,0
51,78.0,3896.11,month_to_month,electronic_check,dsl,2,0,16.7,False,False,False,0
70,82.66,5767.9,month_to_month,bank_transfer,none,1,0,39.2,False,True,True,0
0,102.91,18.35,month_to_month,electronic_check,dsl,2,0,22.3,True,True,True,1
71,79.11,5551.53,month_to_month,bank_transfer,none,2,0,22.1,False,False,True,1
25,70.5,1798.5,two_year,electronic_check,fiber,1,0,107.4,True,False,False,0
9,95.26,912.73,month_to_month,electronic_check,dsl,0,1,24.0,False,False,False,0
44,119.34,5299.82,one_year,electronic_check,dsl,1,0,51.0,False,False,True,1
57,90.13,5123.81,month_to_month,bank_transfer,dsl,5,0,63.9,False,False,False,1
9,74.54,769.04,month_to_month,credit_card,none,0,0,29.8,True,True,False,1
2,79.52,135.85,two_year,credit_card,dsl,0,1,61.5,False,False,False,0
65,75.63,4884.56,one_year,credit_card,fiber,0,0,18.4,False,False,False,1
68,70.41,4917.62,one_year,credit_card,dsl,0,1,65.9,True,False,False,0
11,117.63,1194.3,month_to_month,mailed_check,fiber,3,0,38.1,True,True,False,1
65,53.52,3325.53,month_to_month,electronic_check,fiber,3,2,7.0,False,False,False,1
66,95.41,6218.96,month_to_month,electronic_check,dsl,2,0,45.8,False,False,True,0
72,67.23,4875.41,month_to_month,mailed_check,fiber,2,0,23.1,False,False,False,0
15,37.43,676.97,two_year,credit_card,dsl,0,0,54.1,True,False,True,0
42,65.86,2706.67,month_to_month,credit_card,fiber,2,0,45.6,False,False,True,0
72,57.97,4337.18,month_to_month,electronic_check,none,0,0,39.3,False,False,True,0
65,82.71,5378.6,month_to_month,mailed_check,fiber,2,0,103.3,False,False,False,0
44,72.01,3158.04,month_to_month,mailed_check,fiber,0,1,23.8,True,False,True,1
14,47.52,588.79,month_to_month,credit_card,fiber,1,1,112.4,True,True,False,1
6,102.36,789.78,month_to_month,electronic_check,dsl,0,0,43.0,False,False,True,0
18,93.98,1678.11,two_year,electronic_check,fiber,1,0,22.1,False,False,True,1
4,104.89,299.68,one_year,electronic_check,fiber,4,1,50.9,False,False,False,1
14,75.21,1274.13,month_to_month,credit_card,fiber,1,1,66.3,False,False,True,1
5,69.21,381.48,month_to_month,credit_card,fiber,1,0,39.4,False,False,True,0
55,85.48,4773.29,one_year,credit_card,none,5,1,107.2,False,False,True,1
43,57.3,2615.24,month_to_month,electronic_check,dsl,2,1,77.4,True,True,True,1
37,72.86,2751.12,two_year,electronic_check,dsl,4,0,35.5,False,False,False,1
59,66.14,3990.0,one_year,mailed_check,fiber,0,1,41.4,False,True,False,0
29,37.86,1102.83,month_to_month,electronic_check,dsl,1,0,34.0,False,False,False,0
29,72.8,2177.24,one_year,mailed_check,dsl,0,0,36.3,False,True,True,0
15,60.3,901.43,month_to_month,credit_card,fiber,0,1,2.9,True,False,False,1
32,64.66,2067.3,month_to_month,electronic_check,none,1,0,117.6,True,False,True,0
12,78.0,946.77,one_year,credit_card,fiber,3,0,40.1,True,False,True,1
43,98.0,4178.29,month_to_month,mailed_check,fiber,2,0,21.9,False,False,True,0
72,51.33,3741.15,month_to_month,bank_transfer,dsl,3,2,59.3,False,False,True,1
38,62.6,2423.97,two_year,electronic_check,dsl,1,1,92.2,True,False,True,1
21,53.17,1190.27,one_year,electronic_check,dsl,1,1,29.2,False,False,True,0
50,51.74,2644.56,month_to_month,credit_card,none,1,0,14.0,False,True,False,0
59,56.92,3538.28,two_year,electronic_check,dsl,3,0,27.7,False,False,True,0
34,65.68,2327.86,month_to_month,electronic_check,none,0,0,31.6,True,False,True,1
18,82.89,1473.37,two_year,mailed_check,dsl,0,0,93.6,True,True,True,0
52,77.05,4047.38,month_to_month,bank_transfer,dsl,4,0,27.9,False,False,False,0
13,46.75,734.89,month_to_month,bank_transfer,dsl,2,0,20.3,False,True,True,1
72,98.47,7004.34,one_year,credit_card,fiber,2,0,72.7,False,True,True,0
23,90.78,2269.22,month_to_month,electronic_check,fiber,1,0,59.0,False,True,False,0
25,50.17,1184.53,two_year,electronic_check,dsl,1,0,40.0,False,False,False,0
53,96.93,5218.31,month_to_month,bank_transfer,fiber,0,0,55.3,False,False,False,1
0,77.19,0.59,two_year,credit_card,none,1,0,34.8,True,False,True,1
14,66.56,927.26,month_to_month,credit_card,fiber,2,2,7.4,True,False,True,1
9,77.88,583.66,month_to_month,electronic_check,fiber,1,0,90.8,False,False,True,0
28,69.43,2025.72,month_to_month,credit_card,fiber,0,0,87.2,False,False,True,0
40,81.99,3163.65,month_to_month,electronic_check,fiber,3,0,52.5,False,True,False,0
13,74.12,833.71,one_year,electronic_check,fiber,2,0,68.2,False,False,False,0
25,62.58,1668.87,one_year,mailed_check,fiber,1,0,12.7,True,False,True,1
56,25.43,1585.14,two_year,bank_transfer,dsl,1,0,62.6,False,False,True,0
68,81.6,5488.75,month_to_month,mailed_check,fiber,1,0,43.9,False,True,True,0
1,61.78,152.06,month_to_month,mailed_check,fiber,0,0,48.0,True,False,True,1
45,87.11,3991.64,month_to_month,credit_card,fiber,1,1,13.5,False,True,False,1
1,80.6,72.36,one_year,electronic_check,fiber,1,0,47.9,False,True,False,0
37,62.35,2427.17,two_year,credit_card,none,2,0,140.3,False,True,False,1
64,92.51,5905.91,month_to_month,electronic_check,none,2,0,92.2,False,False,True,0
58,74.51,4368.16,month_to_month,bank_transfer,fiber,1,0,38.8,True,False,False,0
16,73.6,1064.76,month_to_month,bank_transfer,fiber,2,0,27.0,False,False,False,1
18,66.96,1096.29,month_to_month,credit_card,fiber,1,1,33.2,True,True,False,1
57,107.04,6206.49,one_year,credit_card,dsl,1,0,49.6,False,False,True,0
59,54.31,3253.9,month_to_month,electronic_check,fiber,1,0,20.6,False,False,False,1
20,62.9,1245.18,two_year,electronic_check,dsl,0,0,85.1,False,True,True,0
0,42.78,171.71,month_to_month,electronic_check,fiber,0,0,13.3,False,False,False,0
32,85.99,2922.44,month_to_month,mailed_check,dsl,1,1,63.5,True,True,False,0
45,57.19,2613.08,month_to_month,electronic_check,fiber,2,1,23.2,False,False,True,1
32,59.66,1778.11,month_to_month,mailed_check,fiber,3,3,14.8,True,False,False,1
68,58.63,3976.8,one_year,credit_card,fiber,3,1,60.9,False,True,True,0
59,71.38,4136.49,two_year,credit_card,dsl,2,1,92.8,False,False,True,0
57,42.48,2429.42,month_to_month,electronic_check,dsl,1,0,15.3,False,True,True,0
1,20.65,0.0,month_to_month,electronic_check,dsl,3,3,47.2,False,False,False,1
62,80.07,4856.68,one_year,credit_card,fiber,3,0,57.1,False,False,True,1
55,23.5,1088.86,one_year,credit_card,dsl,1,0,31.8,False,False,False,0
28,88.79,2501.17,one_year,credit_card,fiber,3,0,66.6,False,True,True,0
43,104.29,4277.58,month_to_month,electronic_check,dsl,1,0,196.8,False,False,False,0
60,66.39,3954.58,one_year,electronic_check,dsl,3,0,63.9,False,False,False,0
66,98.59,6569.44,month_to_month,electronic_check,fiber,0,0,72.4,True,True,True,0
40,69.47,2713.81,month_to_month,bank_transfer,dsl,0,0,33.8,False,True,True,1
3,105.18,217.91,two_year,credit_card,none,3,0,64.1,False,True,False,1
45,59.96,2692.09,month_to_month,electronic_check,none,3,0,18.7,False,True,True,0
49,18.0,807.43,month_to_month,bank_transfer,fiber,1,0,71.3,False,True,True,1
4,68.24,289.67,month_to_month,electronic_check,none,0,0,194.2,True,False,False,1
59,107.58,6254.27,month_to_month,bank_transfer,fiber,0,0,40.8,False,False,True,0
14,81.77,1135.38,two_year,credit_card,fiber,3,0,21.9,False,False,False,1
65,58.66,3781.72,month_to_month,bank_transfer,dsl,1,1,81.7,False,True,True,0
40,77.24,3088.56,month_to_month,electronic_check,fiber,2,0,19.2,False,True,False,0
23,91.36,2248.44,two_year,bank_transfer,fiber,1,1,24.9,False,True,False,1
4,68.12,290.46,month_to_month,bank_transfer,none,0,1,36.7,False,False,True,1
1,127.78,173.18,month_to_month,electronic_check,fiber,0,1,74.7,False,False,True,1
54,58.62,3109.25,month_to_month,electronic_check,dsl,1,2,23.2,False,True,True,1
27,92.06,2505.71,month_to_month,bank_transfer,dsl,3,0,33.6,False,False,True,1
61,86.76,5267.63,month_to_month,credit_card,fiber,0,1,17.6,True,False,False,0
16,54.6,876.27,one_year,bank_transfer,none,2,0,53.9,False,True,False,1
67,60.66,4122.63,month_to_month,electronic_check,none,1,0,7.7,False,False,True,0
68,92.4,6238.18,one_year,electronic_check,fiber,2,0,61.7,False,True,True,0
7,73.19,476.51,two_year,bank_transfer,fiber,2,1,73.7,False,False,False,1
47,77.44,3595.9,month_to_month,electronic_check,fiber,0,0,37.7,False,False,False,0
68,34.01,2267.17,month_to_month,electronic_check,none,2,1,20.7,False,True,False,0
23,84.43,1957.48,month_to_month,electronic_check,fiber,0,0,75.6,False,True,False,1
4,76.32,272.52,month_to_month,bank_transfer,fiber,2,1,46.5,False,True,True,1
63,68.59,4455.99,month_to_month,electronic_check,dsl,0,0,25.5,True,False,True,1
34,77.94,2891.08,month_to_month,credit_card,dsl,1,1,38.8,True,True,False,1
1,61.0,9.89,month_to_month,credit_card,dsl,1,1,35.4,True,True,False,1
61,56.98,3502.24,month_to_month,credit_card,fiber,0,0,19.6,False,False,True,1
49,64.68,3262.74,month_to_month,electronic_check,dsl,0,0,15.5,True,True,True,0
5,59.79,275.03,one_year,electronic_check,dsl,2,0,69.5,True,True,True,1
18,117.97,2033.96,month_to_month,electronic_check,dsl,1,0,68.9,False,False,True,1
1,90.06,246.5,one_year,mailed_check,dsl,1,1,36.4,False,True,True,1
69,48.69,3421.36,one_year,bank_transfer,fiber,1,0,68.6,False,True,True,0
1,114.8,143.48,month_to_month,bank_transfer,fiber,0,0,28.8,False,False,False,1
58,60.48,3638.39,one_year,bank_transfer,fiber,0,0,45.3,False,False,False,0
37,70.65,2683.37,month_to_month,electronic_check,fiber,1,0,70.9,False,False,True,0
42,89.74,3764.77,one_year,bank_transfer,fiber,0,1,17.9,False,True,False,0
59,26.66,1485.04,month_to_month,credit_card,fiber,1,1,44.8,False,False,True,0
65,64.79,4166.95,month_to_month,bank_transfer,fiber,0,0,38.3,False,False,True,0
9,57.39,624.94,month_to_month,mailed_check,dsl,4,0,53.8,True,False,True,0
1,74.51,135.9,one_year,electronic_check,dsl,0,0,15.6,True,False,False,1
9,78.14,686.46,one_year,credit_card,dsl,2,2,37.1,False,False,True,1
49,68.3,3505.69,month_to_month,electronic_check,fiber,3,0,97.0,False,True,True,0
41,67.28,2744.33,month_to_month,mailed_check,fiber,2,0,104.6,False,False,False,0
6,93.43,649.46,month_to_month,electronic_check,fiber,0,1,61.0,False,True,False,0
17,76.63,1322.51,month_to_month,electronic_check,dsl,1,0,115.5,False,False,True,1
39,70.91,2939.46,month_to_month,mailed_check,dsl,0,0,47.0,False,False,True,0
53,73.25,3950.02,one_year,electronic_check,fiber,1,0,17.0,True,True,False,0
25,110.39,2763.9,one_year,credit_card,fiber,0,0,59.4,False,False,True,0
69,73.8,5076.11,two_year,credit_card,fiber,1,0,9.1,False,False,True,0
72,58.68,4223.58,month_to_month,credit_card,fiber,0,0,13.2,False,False,True,0
55,28.0,1474.71,one_year,electronic_check,fiber,0,0,133.7,False,False,False,0
33,38.45,1145.85,two_year,electronic_check,dsl,0,0,46.0,False,False,False,0
64,59.73,3850.51,month_to_month,credit_card,fiber,0,1,50.8,False,True,True,0
53,67.62,3535.84,one_year,credit_card,none,0,1,46.0,False,True,True,0
37,57.78,2089.6,month_to_month,mailed_check,fiber,2,0,14.7,False,True,False,0
32,77.73,2479.36,month_to_month,bank_transfer,fiber,2,0,23.4,False,False,False,0
60,57.49,3454.1,two_year,credit_card,none,2,2,61.6,False,True,True,1
40,49.88,1995.86,month_to_month,electronic_check,fiber,1,1,17.3,False,False,True,1
13,83.48,1241.69,two_year,mailed_check,dsl,2,3,16.1,True,False,False,1
72,100.13,7268.97,two_year,electronic_check,fiber,0,1,79.0,False,False,True,0
4,45.64,372.26,two_year,mailed_check,dsl,2,0,24.3,False,False,True,1
50,75.36,3728.49,one_year,mailed_check,none,0,0,8.6,False,False,True,1
47,28.09,1390.76,one_year,mailed_check,fiber,2,0,13.1,False,False,False,0
42,37.56,1543.01,month_to_month,electronic_check,fiber,0,3,10.5,False,False,False,1
3,57.05,120.65,month_to_month,electronic_check,fiber,0,0,32.6,False,False,False,1
35,94.97,3517.05,two_year,bank_transfer,fiber,3,1,28.5,False,False,True,1
65,52.87,3367.42,month_to_month,credit_card,fiber,3,0,19.4,True,False,True,1
17,52.05,683.99,month_to_month,credit_card,dsl,2,0,14.0,True,False,True,1
50,70.79,3475.78,two_year,credit_card,fiber,2,0,177.4,False,True,True,0
62,70.82,4210.09,month_to_month,bank_transfer,dsl,1,0,15.2,False,False,False,0
69,52.73,3552.75,two_year,electronic_check,dsl,3,0,55.8,False,False,False,0
37,113.7,4129.62,month_to_month,electronic_check,dsl,1,0,76.3,True,False,True,0
22,64.16,1414.7,month_to_month,bank_transfer,none,0,1,24.7,False,False,False,0
51,72.5,3513.04,one_year,electronic_check,dsl,0,0,30.2,False,False,True,0
35,61.16,2248.24,month_to_month,bank_transfer,fiber,2,0,80.4,False,False,False,1
45,79.68,3416.78,one_year,bank_transfer,fiber,0,0,19.9,False,False,True,0
54,97.17,5235.68,month_to_month,mailed_check,dsl,2,0,22.7,False,False,True,0
51,106.6,5407.43,month_to_month,bank_transfer,fiber,0,0,39.1,True,True,True,0
17,53.23,979.19,two_year,credit_card,fiber,2,1,53.3,False,False,True,0
55,94.22,5213.74,month_to_month,mailed_check,dsl,1,1,72.0,False,False,False,1
39,82.09,3308.33,month_to_month,credit_card,fiber,1,1,52.9,False,True,True,0
67,91.44,6093.95,month_to_month,bank_transfer,fiber,0,0,39.0,False,True,True,1
48,67.98,3221.21,two_year,electronic_check,fiber,2,0,82.8,False,True,True,0
65,65.89,4320.0,two_year,bank_transfer,fiber,1,0,12.7,False,False,True,0
71,90.59,6524.52,month_to_month,electronic_check,fiber,3,1,30.2,False,False,False,1
72,91.0,6626.26,month_to_month,electronic_check,none,3,1,34.2,False,False,True,1
54,104.45,5669.26,two_year,credit_card,fiber,1,0,41.7,False,False,False,0
43,74.37,3218.85,two_year,electronic_check,dsl,0,0,154.6,True,False,False,0
8,67.65,537.93,month_to_month,electronic_check,fiber,2,0,48.5,True,True,False,1
28,18.0,540.89,one_year,bank_transfer,fiber,1,0,98.7,False,True,True,0
34,34.55,1357.84,month_to_month,credit_card,fiber,1,0,44.9,False,True,True,1
56,61.33,3412.65,month_to_month,bank_transfer,fiber,0,0,22.6,False,False,False,0
42,45.78,1889.96,one_year,bank_transfer,dsl,2,0,82.9,False,False,True,1
32,87.91,2773.42,one_year,credit_card,fiber,3,0,67.7,False,False,True,0
10,41.18,446.84,month_to_month,mailed_check,fiber,4,0,52.5,False,False,True,1
52,58.97,2875.48,two_year,electronic_check,dsl,0,1,70.1,False,False,False,0
31,59.84,1842.88,month_to_month,electronic_check,fiber,0,0,30.5,False,False,True,0
2,96.5,272.26,two_year,electronic_check,fiber,0,1,75.9,False,False,True,1
20,56.62,1085.04,month_to_month,bank_transfer,fiber,1,0,21.7,False,False,False,1
64,79.95,5133.6,two_year,electronic_check,fiber,2,0,38.5,False,True,True,0
8,74.31,784.32,month_to_month,credit_card,fiber,2,0,9.8,False,False,True,1
29,89.87,2636.07,month_to_month,credit_card,fiber,2,0,65.3,False,True,True,0
37,88.7,3080.37,one_year,bank_transfer,fiber,2,0,69.0,False,True,True,0
6,69.26,288.67,month_to_month,bank_transfer,fiber,2,0,80.7,False,False,True,1
12,32.68,369.57,month_to_month,electronic_check,fiber,1,2,20.4,True,False,True,1
68,64.9,4340.86,one_year,electronic_check,dsl,1,1,57.6,False,True,False,0
43,69.56,3000.38,month_to_month,bank_transfer,fiber,1,2,133.9,False,False,False,0
15,76.29,1117.84,two_year,mailed_check,fiber,2,0,90.2,False,True,False,0
12,53.77,750.19,month_to_month,electronic_check,none,1,1,50.3,False,False,True,1
31,95.1,2849.88,month_to_month,bank_transfer,dsl,2,0,7.8,False,False,True,1
52,70.3,3636.93,month_to_month,electronic_check,fiber,1,1,100.5,False,False,False,1
53,49.75,2656.3,month_to_month,electronic_check,dsl,2,0,55.4,False,True,False,1
14,59.92,869.58,month_to_month,electronic_check,none,0,1,81.6,False,False,True,1
52,112.43,5859.57,month_to_month,bank_transfer,dsl,1,0,28.2,True,False,True,0
65,84.62,5283.29,month_to_month,bank_transfer,dsl,1,0,20.9,False,False,True,0
16,93.07,1496.62,month_to_month,credit_card,dsl,2,0,115.8,True,False,True,1
1,47.09,33.52,one_year,bank_transfer,none,0,1,66.5,True,False,False,0
69,54.85,3862.42,month_to_month,credit_card,fiber,2,0,40.1,False,True,True,0
38,55.01,2155.45,month_to_month,electronic_check,dsl,0,0,48.7,False,False,True,0
56,74.06,4169.04,month_to_month,bank_transfer,fiber,5,0,80.9,False,False,True,1
23,66.17,1550.09,two_year,electronic_check,fiber,0,0,8.9,True,False,True,1
21,59.23,1365.54,month_to_month,mailed_check,fiber,3,1,47.3,False,False,True,1
16,61.99,1095.37,two_year,bank_transfer,dsl,0,0,53.8,False,False,True,0
15,52.53,812.73,month_to_month,bank_transfer,fiber,0,0,23.1,True,False,True,0
34,66.04,2438.45,two_year,credit_card,dsl,2,0,19.4,False,False,False,0
7,94.49,604.89,month_to_month,bank_transfer,none,2,1,14.6,False,False,True,1
61,36.71,2132.62,month_to_month,electronic_check,fiber,1,0,106.3,False,True,True,0
37,77.62,2870.96,month_to_month,credit_card,fiber,1,0,45.2,True,False,True,0
66,100.36,6590.12,two_year,electronic_check,fiber,3,0,10.8,True,True,True,0
36,65.97,2153.04,month_to_month,bank_transfer,dsl,3,0,43.1,False,False,True,1
22,58.36,1225.21,one_year,bank_transfer,fiber,1,0,55.2,False,False,True,0
37,90.33,3373.13,month_to_month,electronic_check,dsl,0,1,15.7,False,False,False,1
11,48.35,526.63,one_year,electronic_check,dsl,1,0,113.0,False,False,True,0
60,69.5,4100.12,one_year,credit_card,fiber,2,0,12.6,False,False,True,0
52,47.12,2454.05,month_to_month,mailed_check,dsl,1,0,15.3,False,False,True,0
10,28.86,299.68,one_year,bank_transfer,fiber,1,0,30.4,False,False,False,1
42,66.66,2864.08,one_year,credit_card,fiber,2,0,124.8,False,False,False,0
39,42.21,1588.45,month_to_month,mailed_check,none,3,0,73.8,False,True,False,0
14,69.74,1055.01,month_to_month,bank_transfer,fiber,0,0,16.2,False,False,False,1
8,94.53,658.08,month_to_month,bank_transfer,fiber,1,0,33.3,False,True,True,0
55,110.79,6048.15,one_year,credit_card,fiber,0,0,82.8,False,True,True,0
19,72.06,1522.05,month_to_month,credit_card,dsl,1,0,69.2,False,True,True,1
37,92.42,3327.39,one_year,electronic_check,dsl,0,1,36.4,True,False,True,1
18,78.78,1358.75,month_to_month,bank_transfer,fiber,1,0,65.8,False,False,False,1
47,61.57,2781.01,two_year,electronic_check,fiber,0,2,10.0,False,False,True,1
3,27.65,8.5,one_year,bank_transfer,dsl,1,0,38.8,False,False,True,0
26,105.78,2762.73,month_to_month,mailed_check,fiber,0,2,113.5,False,False,True,0
39,46.92,1893.47,two_year,credit_card,fiber,2,0,35.9,False,True,False,0
32,100.42,3211.76,one_year,electronic_check,none,1,0,41.2,False,False,True,1
44,81.81,3570.42,month_to_month,electronic_check,dsl,0,0,87.9,False,False,True,0
13,48.53,519.04,month_to_month,bank_transfer,fiber,2,0,36.5,False,False,True,1
32,76.86,2394.08,month_to_month,electronic_check,fiber,0,0,21.7,True,False,False,0
55,116.92,6291.46,month_to_month,electronic_check,fiber,2,0,7.2,False,False,True,0
24,103.78,2557.01,month_to_month,electronic_check,dsl,1,0,191.5,False,True,True,0
11,58.72,718.47,month_to_month,credit_card,fiber,3,0,121.5,False,False,True,1
61,54.34,3311.1,month_to_month,credit_card,dsl,0,0,104.3,False,True,False,0
56,72.2,4082.93,month_to_month,electronic_check,fiber,0,0,28.6,False,False,False,0
49,66.36,3330.5,month_to_month,credit_card,fiber,0,3,134.6,False,False,True,1
58,96.39,5599.73,month_to_month,credit_card,dsl,1,0,112.5,False,False,True,0
56,86.27,4956.54,month_to_month,credit_card,dsl,2,0,17.6,False,False,False,1
54,32.77,1677.44,month_to_month,mailed_check,dsl,0,2,113.3,True,True,True,1
37,80.09,2931.95,month_to_month,electronic_check,fiber,2,0,8.1,True,False,False,1
1,66.06,23.96,two_year,credit_card,fiber,3,0,26.3,True,True,False,1
43,70.82,3103.51,one_year,electronic_check,fiber,1,0,168.3,False,False,True,0
19,75.48,1305.05,two_year,electronic_check,fiber,1,0,33.0,False,False,True,1
56,96.37,5527.04,two_year,bank_transfer,fiber,1,0,78.4,False,True,False,0
34,91.51,3161.9,one_year,bank_transfer,dsl,1,1,22.2,False,False,False,0
66,53.51,3689.19,one_year,credit_card,dsl,0,0,33.9,True,False,True,0
43,68.71,2950.88,month_to_month,mailed_check,none,0,0,18.9,False,True,True,0
40,60.13,2355.67,one_year,bank_transfer,dsl,2,0,76.9,False,False,True,0
67,33.0,2270.14,month_to_month,electronic_check,dsl,1,1,55.5,False,True,True,0
34,67.59,2390.81,one_year,bank_transfer,fiber,2,0,28.6,False,False,True,1
27,110.58,2921.36,month_to_month,bank_transfer,dsl,1,1,70.9,False,False,False,0
27,32.34,693.4,two_year,bank_transfer,fiber,1,1,25.3,True,False,False,0
63,69.47,4212.25,month_to_month,credit_card,fiber,2,0,46.6,False,False,True,0
55,68.76,3805.32,one_year,mailed_check,fiber,2,0,29.0,True,False,True,1
11,76.33,978.25,two_year,credit_card,fiber,3,1,51.9,False,False,False,0
35,48.82,1591.62,two_year,bank_transfer,dsl,1,0,32.6,False,False,True,0
27,38.65,1019.04,month_to_month,credit_card,fiber,1,1,38.3,False,True,False,1
47,39.67,1833.13,month_to_month,bank_transfer,dsl,1,1,12.8,False,False,True,0
3,99.28,470.69,one_year,credit_card,none,1,0,43.7,False,True,False,0
52,48.38,2719.04,month_to_month,electronic_check,dsl,2,0,45.6,False,False,True,0
54,59.01,3224.74,month_to_month,credit_card,fiber,1,0,135.6,False,False,True,0
16,116.3,1941.62,one_year,credit_card,dsl,0,1,21.2,False,True,False,0
10,53.85,616.82,two_year,electronic_check,fiber,3,0,61.4,False,False,False,1
45,77.53,3373.62,month_to_month,bank_transfer,fiber,1,0,122.8,False,False,True,0
18,93.4,1744.07,month_to_month,mailed_check,fiber,5,1,19.3,False,True,False,1
68,92.35,6188.04,one_year,mailed_check,fiber,1,2,174.2,False,False,True,0
56,40.71,2264.32,one_year,credit_card,fiber,0,0,19.1,True,False,True,1
69,54.31,3849.97,two_year,credit_card,fiber,0,1,33.2,False,True,False,0
39,76.65,2996.63,one_year,mailed_check,fiber,0,1,41.2,False,False,True,0
68,112.44,7745.14,month_to_month,mailed_check,dsl,1,1,47.4,False,True,True,0
1,53.25,170.18,one_year,electronic_check,dsl,1,0,33.2,False,False,False,0
21,59.14,1083.82,two_year,electronic_check,dsl,0,0,51.8,False,False,False,0
0,79.23,0.0,month_to_month,electronic_check,fiber,2,2,33.9,False,False,True,1
49,83.63,4202.46,month_to_month,credit_card,dsl,2,0,21.2,False,False,True,0
37,84.97,3252.11,one_year,bank_transfer,dsl,0,1,137.5,True,False,False,0
20,51.38,1050.69,month_to_month,electronic_check,fiber,0,0,48.9,False,False,True,1
22,58.29,1317.68,two_year,bank_transfer,fiber,0,0,17.3,False,False,True,0
46,74.74,3518.41,month_to_month,electronic_check,fiber,2,2,11.9,False,False,True,1
13,97.77,1349.71,month_to_month,electronic_check,fiber,2,0,30.5,False,False,True,1
37,64.75,2368.37,two_year,credit_card,dsl,0,0,47.0,False,False,False,0
44,69.51,3144.47,month_to_month,credit_card,fiber,1,1,91.1,False,True,True,0
17,47.43,775.13,month_to_month,electronic_check,fiber,0,0,19.5,False,True,True,1
16,110.99,1797.76,month_to_month,electronic_check,dsl,3,1,50.4,False,False,True,1
25,73.39,1852.75,two_year,electronic_check,dsl,1,0,50.2,True,False,False,1
43,93.71,3952.18,two_year,mailed_check,dsl,0,0,22.8,False,False,False,0
18,70.66,1205.01,month_to_month,mailed_check,fiber,1,0,7.6,False,False,True,1
27,71.88,2141.83,one_year,credit_card,dsl,0,0,54.2,True,False,True,0
39,36.99,1362.34,one_year,mailed_check,fiber,0,0,35.8,False,False,True,0
13,22.68,328.14,month_to_month,credit_card,dsl,0,1,61.9,False,False,True,1
41,97.54,4051.32,month_to_month,electronic_check,none,1,1,27.4,False,False,False,1
10,71.72,712.32,two_year,credit_card,dsl,1,0,10.9,False,False,False,1
10,74.54,805.83,month_to_month,mailed_check,fiber,1,1,103.3,False,False,True,1
17,42.52,752.45,month_to_month,bank_transfer,none,0,0,95.2,False,False,True,0
20,50.13,924.28,month_to_month,mailed_check,fiber,0,0,71.9,False,True,False,1
2,93.37,235.05,one_year,credit_card,dsl,0,0,23.3,False,False,True,0
70,108.28,7530.58,month_to_month,mailed_check,dsl,1,1,48.1,False,False,True,1
22,56.33,1395.92,month_to_month,bank_transfer,fiber,1,0,22.4,False,False,True,1
58,84.77,4955.28,month_to_month,bank_transfer,fiber,0,0,97.0,False,False,False,0
65,74.18,4758.69,two_year,mailed_check,dsl,0,1,250.0,False,False,True,1
58,67.35,3937.11,month_to_month,electronic_check,fiber,2,0,75.6,True,False,True,0
60,110.74,6561.16,month_to_month,bank_transfer,fiber,1,0,63.0,False,False,True,1
7,60.03,443.41,month_to_month,electronic_check,dsl,0,0,103.5,False,True,True,0
27,97.3,2606.79,month_to_month,mailed_check,dsl,2,0,28.7,False,False,False,1
54,78.39,4158.64,one_year,credit_card,none,2,0,122.1,False,False,True,0
42,69.63,2848.91,month_to_month,electronic_check,none,1,0,46.7,False,False,True,0
0,100.18,219.14,one_year,credit_card,none,1,0,18.2,False,False,True,1
41,76.38,3139.81,month_to_month,electronic_check,fiber,2,0,7.4,False,True,True,1
58,67.88,3898.18,two_year,credit_card,fiber,1,1,63.2,False,False,True,0
60,100.35,5966.56,two_year,electronic_check,dsl,1,1,138.5,False,False,True,1
28,97.48,2771.84,month_to_month,mailed_check,none,2,3,44.7,False,False,True,1
17,96.44,1582.02,one_year,credit_card,dsl,1,1,32.1,False,False,True,0
22,18.0,297.48,one_year,mailed_check,dsl,1,1,32.5,False,False,False,0
21,79.68,1670.36,two_year,electronic_check,dsl,1,0,14.7,False,True,True,0
25,74.67,1863.15,two_year,credit_card,fiber,0,0,97.6,False,True,False,0
22,69.23,1485.53,one_year,mailed_check,dsl,1,1,38.8,False,True,True,1
33,83.42,2672.64,month_to_month,bank_transfer,fiber,0,1,83.9,False,False,False,1
2,75.73,116.27,month_to_month,electronic_check,dsl,0,1,65.3,False,True,False,1
20,84.91,1655.93,two_year,mailed_check,fiber,3,3,31.6,True,False,True,1
22,64.1,1355.45,two_year,electronic_check,fiber,3,1,50.0,True,False,False,0
11,102.96,1157.45,month_to_month,electronic_check,fiber,1,0,20.2,True,True,False,1
64,87.14,5777.32,one_year,bank_transfer,dsl,0,0,54.2,False,False,False,0
49,81.94,4134.92,month_to_month,bank_transfer,dsl,0,0,82.2,False,False,True,0
66,80.86,5511.53,month_to_month,bank_transfer,dsl,1,0,23.0,True,False,False,0
40,95.46,3767.31,month_to_month,electronic_check,none,1,0,85.7,True,False,True,1
8,92.48,890.56,month_to_month,electronic_check,fiber,2,0,35.7,False,False,True,1
66,67.52,4476.77,one_year,electronic_check,fiber,1,1,99.1,False,False,True,0
33,91.79,3117.84,month_to_month,credit_card,fiber,0,1,27.7,False,False,False,1
49,73.83,3658.86,one_year,electronic_check,fiber,3,0,27.0,False,False,True,0
27,112.17,2997.7,one_year,bank_transfer,dsl,2,2,27.9,False,True,True,1
36,94.15,3454.15,one_year,mailed_check,dsl,3,2,14.3,False,False,True,1
35,56.24,2012.04,month_to_month,mailed_check,fiber,0,1,14.1,False,False,True,0
20,121.28,2266.46,month_to_month,bank_transfer,dsl,0,0,7.2,False,False,True,0
40,23.76,939.23,one_year,electronic_check,dsl,1,0,46.6,False,False,True,0
53,84.02,4531.58,one_year,credit_card,fiber,1,0,23.3,False,True,False,1
1,54.68,79.65,month_to_month,mailed_check,none,0,0,16.3,False,True,False,1
9,111.41,1044.94,month_to_month,electronic_check,fiber,2,1,42.5,False,False,True,1
61,75.56,4541.53,two_year,electronic_check,fiber,0,1,23.5,False,False,True,0
41,52.54,2177.2,month_to_month,electronic_check,fiber,1,0,59.5,False,False,False,0
71,64.14,4545.27,month_to_month,credit_card,fiber,0,1,110.9,False,False,False,1
44,54.29,2370.45,two_year,mailed_check,fiber,1,0,13.7,False,True,False,0
47,63.27,2912.56,two_year,credit_card,fiber,3,1,42.9,False,False,True,1
65,62.77,4162.39,month_to_month,credit_card,fiber,2,1,115.4,True,False,True,1
48,53.47,2597.65,two_year,bank_transfer,dsl,0,1,48.6,False,False,True,0
24,75.94,1844.57,month_to_month,mailed_check,fiber,2,0,45.4,False,False,False,1
38,78.61,3171.75,two_year,electronic_check,fiber,1,1,79.8,False,False,True,0
17,48.08,860.0,one_year,bank_transfer,dsl,0,0,20.2,False,False,True,0
24,33.52,912.52,month_to_month,mailed_check,dsl,0,2,95.4,False,False,True,1
49,76.84,3789.72,two_year,mailed_check,dsl,0,0,11.9,True,False,False,1
10,81.7,785.22,two_year,credit_card,dsl,1,0,31.2,False,False,False,1
49,86.06,4121.62,month_to_month,electronic_check,none,0,1,29.1,False,True,False,0
42,82.13,3471.19,one_year,mailed_check,fiber,0,0,36.7,False,False,True,0
22,104.6,2061.49,one_year,mailed_check,dsl,3,0,62.8,False,False,False,1
3,91.94,300.34,month_to_month,electronic_check,fiber,3,2,8.5,False,False,True,1
51,128.96,6605.35,month_to_month,electronic_check,none,0,1,28.3,False,True,True,0
60,130.0,7780.42,month_to_month,electronic_check,fiber,0,0,53.3,False,True,True,0
53,31.32,1651.65,two_year,bank_transfer,none,2,0,81.2,False,True,True,0
30,21.66,537.19,month_to_month,electronic_check,none,1,0,68.3,False,True,True,1
47,69.84,3407.18,month_to_month,electronic_check,fiber,5,0,29.3,False,False,True,1
30,81.09,2402.35,one_year,bank_transfer,fiber,1,0,67.3,False,False,True,0
26,68.33,1689.09,month_to_month,electronic_check,fiber,1,0,14.7,False,False,True,1
23,85.48,2015.06,month_to_month,mailed_check,fiber,1,1,91.8,True,False,True,1
15,64.05,970.72,month_to_month,credit_card,fiber,3,0,77.6,False,False,False,1
70,54.73,3798.85,month_to_month,credit_card,dsl,1,1,31.5,True,False,True,0
48,58.06,2745.12,two_year,mailed_check,fiber,0,1,58.5,False,False,False,0
12,65.6,786.69,month_to_month,electronic_check,fiber,1,0,17.3,False,True,False,1
63,88.56,5700.4,month_to_month,electronic_check,fiber,3,1,90.3,False,True,True,1
11,59.29,694.45,month_to_month,credit_card,fiber,2,0,11.6,True,False,True,1
43,63.64,2733.42,two_year,credit_card,fiber,1,0,42.3,False,False,False,0
12,82.54,1067.2,month_to_month,credit_card,dsl,3,3,40.7,False,False,False,1
26,65.63,1708.86,month_to_month,mailed_check,fiber,1,0,112.0,False,True,True,0
48,94.57,4575.5,one_year,mailed_check,dsl,3,0,29.1,False,False,True,1
72,49.77,3597.04,month_to_month,electronic_check,dsl,1,1,23.2,False,True,True,1
72,45.0,3293.08,one_year,electronic_check,none,0,0,94.8,False,False,True,0
65,76.7,4945.53,month_to_month,credit_card,fiber,2,0,40.4,False,False,False,0
17,78.89,1238.59,two_year,mailed_check,fiber,0,2,108.3,False,True,False,0
6,50.97,387.44,one_year,electronic_check,fiber,2,0,48.5,False,False,True,1
66,99.56,6706.4,two_year,credit_card,fiber,0,1,37.4,False,False,True,0
67,112.35,7429.18,two_year,electronic_check,none,1,2,71.1,True,True,True,0
20,56.19,1139.94,one_year,mailed_check,dsl,2,0,92.9,False,False,True,0
1,102.72,62.32,month_to_month,electronic_check,none,1,2,60.8,False,False,True,1
47,18.0,925.5,one_year,credit_card,none,0,0,74.4,False,False,True,0
5,93.67,490.55,one_year,electronic_check,fiber,3,0,61.0,True,False,True,1
2,51.13,401.73,month_to_month,credit_card,fiber,4,1,40.7,False,True,False,1
68,91.47,6192.83,month_to_month,credit_card,fiber,2,1,19.3,False,False,True,1
36,48.85,1896.96,month_to_month,credit_card,dsl,1,1,15.9,False,False,True,1
8,68.49,695.04,two_year,electronic_check,dsl,1,0,53.1,False,False,True,0
47,52.18,2500.48,one_year,electronic_check,fiber,0,0,133.9,False,False,True,0
26,65.29,1700.88,one_year,electronic_check,none,1,0,51.4,False,False,True,0
39,110.26,4308.68,one_year,bank_transfer,dsl,1,0,15.9,False,False,True,0
65,67.63,4396.87,one_year,bank_transfer,none,1,2,49.0,False,False,True,1
17,116.43,2081.31,two_year,electronic_check,fiber,1,2,60.2,False,False,True,1
47,61.51,2812.43,month_to_month,electronic_check,dsl,2,0,48.6,False,False,False,1
60,102.82,6154.71,month_to_month,credit_card,dsl,2,1,21.9,False,False,False,0
30,34.23,1001.5,one_year,electronic_check,fiber,1,1,37.8,False,True,False,0
70,63.7,4303.64,two_year,bank_transfer,fiber,1,0,77.1,True,False,True,0
32,58.21,1940.02,two_year,credit_card,fiber,0,0,13.4,False,False,True,0
33,103.83,3522.05,two_year,bank_transfer,fiber,1,0,12.7,False,False,False,0
64,74.08,4684.04,one_year,bank_transfer,dsl,2,1,11.9,False,True,True,0
46,24.06,1199.47,month_to_month,mailed_check,none,1,0,81.8,False,False,True,0
63,41.18,2451.81,month_to_month,bank_transfer,none,2,0,46.0,False,False,True,0
57,47.72,2722.2,month_to_month,electronic_check,fiber,0,1,22.8,True,False,True,1
52,90.55,4697.24,one_year,electronic_check,dsl,2,1,37.2,False,False,True,0
17,87.71,1498.97,month_to_month,credit_card,fiber,0,2,12.5,False,True,False,0
29,63.39,1845.74,month_to_month,electronic_check,fiber,0,0,50.9,False,True,False,1
63,57.93,3642.66,month_to_month,credit_card,dsl,0,0,187.2,False,False,False,0
44,85.76,3738.54,two_year,mailed_check,none,1,0,20.7,False,True,True,0
20,45.15,893.22,month_to_month,electronic_check,none,0,0,58.0,False,False,True,1
23,80.07,1964.3,one_year,bank_transfer,fiber,1,2,129.6,False,True,True,0
56,78.2,4327.12,month_to_month,electronic_check,dsl,2,1,85.7,True,True,True,1
13,63.96,1034.46,one_year,electronic_check,fiber,2,0,36.1,False,True,False,0
8,78.75,572.84,one_year,electronic_check,dsl,3,1,22.6,False,False,True,1
55,72.25,3995.36,month_to_month,electronic_check,fiber,0,2,141.9,False,False,True,1
21,80.94,1751.15,one_year,electronic_check,fiber,2,1,61.6,False,False,True,1
55,40.65,2209.49,one_year,mailed_check,none,2,0,9.6,False,True,False,1
38,83.52,3298.17,month_to_month,bank_transfer,fiber,0,0,61.9,False,False,False,0
72,92.59,6715.55,two_year,electronic_check,none,1,1,18.7,True,True,True,0
38,77.06,2909.84,one_year,electronic_check,fiber,3,2,87.8,True,False,True,1
63,83.23,5366.9,month_to_month,mailed_check,dsl,1,0,21.0,False,True,False,0
62,67.58,4098.57,month_to_month,electronic_check,none,2,1,62.3,False,False,False,1
15,89.61,1293.26,month_to_month,electronic_check,fiber,2,0,55.6,False,False,True,1
72,71.44,5194.31,month_to_month,bank_transfer,fiber,2,1,12.1,False,True,True,0
54,44.75,2488.63,month_to_month,credit_card,dsl,3,1,86.5,False,False,True,1
7,88.04,645.32,one_year,electronic_check,fiber,2,0,149.2,False,False,True,1
0,34.05,0.0,two_year,bank_transfer,fiber,2,1,60.2,False,False,True,1
19,76.22,1425.55,month_to_month,credit_card,fiber,2,0,17.4,False,False,True,1
1,61.55,163.38,one_year,credit_card,fiber,1,1,4.3,False,False,False,1
26,60.14,1585.28,one_year,electronic_check,fiber,1,1,31.7,False,False,True,0
72,73.78,5233.66,one_year,mailed_check,fiber,0,0,66.5,True,False,True,0
34,54.4,1765.91,two_year,credit_card,fiber,1,1,16.5,True,False,True,0
1,81.27,217.48,month_to_month,electronic_check,none,1,0,16.9,False,False,True,0
36,71.25,2500.31,one_year,credit_card,fiber,1,0,54.6,False,True,True,0
15,56.42,870.85,month_to_month,credit_card,fiber,1,0,134.7,True,False,True,1
62,99.44,6286.86,month_to_month,mailed_check,dsl,1,0,30.4,False,False,True,0
6,74.51,495.85,month_to_month,electronic_check,dsl,1,2,31.8,False,True,True,1
56,83.88,4629.09,month_to_month,electronic_check,fiber,1,0,76.5,False,False,False,0
32,101.16,3145.71,month_to_month,bank_transfer,fiber,2,0,86.6,False,True,True,1
1,100.8,269.09,month_to_month,electronic_check,fiber,0,0,38.6,False,False,True,1
49,82.76,3961.54,month_to_month,electronic_check,none,1,1,101.2,False,False,True,0
33,63.34,2040.43,month_to_month,bank_transfer,none,2,0,65.6,False,False,False,1
56,38.55,2192.33,month_to_month,bank_transfer,fiber,2,0,21.9,False,False,False,0
45,74.55,3335.05,month_to_month,electronic_check,fiber,0,0,54.1,False,True,True,1
57,94.08,5414.2,one_year,credit_card,dsl,1,0,33.2,True,True,False,0
33,77.79,2434.97,one_year,credit_card,dsl,4,0,73.8,False,False,True,0
0,18.0,0.0,two_year,mailed_check,fiber,1,0,18.7,False,True,True,0
9,89.14,863.25,two_year,bank_transfer,none,2,0,17.8,False,True,True,0
33,90.49,3047.47,two_year,credit_card,dsl,0,0,61.6,False,False,True,0
29,63.37,1786.21,one_year,bank_transfer,dsl,1,0,62.3,False,False,False,0
57,91.74,5137.23,month_to_month,electronic_check,dsl,3,0,49.4,True,False,True,1
30,83.82,2533.83,month_to_month,credit_card,dsl,1,2,32.2,False,True,True,1
62,54.92,3286.92,two_year,bank_transfer,dsl,0,0,37.6,False,False,True,0
13,97.97,1389.19,two_year,credit_card,dsl,3,0,30.9,False,False,True,1
28,42.12,1193.53,month_to_month,credit_card,dsl,1,0,87.6,False,False,False,0
55,68.74,3717.99,month_to_month,electronic_check,none,1,0,46.9,False,False,True,0
9,66.55,504.04,month_to_month,bank_transfer,dsl,1,0,32.8,False,False,True,1
23,51.84,1135.34,month_to_month,bank_transfer,fiber,1,1,35.5,True,False,False,1
54,76.68,4000.15,month_to_month,mailed_check,fiber,1,1,64.9,False,False,False,0
42,98.83,4195.39,month_to_month,electronic_check,fiber,1,0,79.7,False,False,True,1
56,97.45,5384.94,month_to_month,mailed_check,fiber,0,1,119.2,False,False,True,0
37,85.92,3215.01,one_year,electronic_check,dsl,0,1,92.0,False,False,True,0
62,32.69,2075.16,two_year,bank_transfer,dsl,0,0,14.1,False,True,True,0
64,40.61,2685.98,two_year,credit_card,fiber,0,1,74.3,True,False,True,0
71,73.66,5252.53,month_to_month,credit_card,dsl,1,0,31.0,False,False,False,0
8,69.25,655.27,month_to_month,mailed_check,fiber,1,1,46.8,False,True,True,0
43,59.04,2663.47,one_year,credit_card,none,0,0,9.7,False,False,False,0
8,111.92,918.6,one_year,electronic_check,dsl,1,0,23.7,False,False,True,1
16,72.33,1185.95,two_year,credit_card,fiber,1,2,57.9,False,False,True,1
21,81.93,1670.36,month_to_month,credit_card,none,0,0,96.9,False,True,True,1
47,91.73,4222.42,month_to_month,bank_transfer,fiber,0,0,50.8,False,False,True,1
31,71.21,2322.9,month_to_month,electronic_check,fiber,1,0,20.6,True,False,False,1
63,127.0,8055.52,month_to_month,electronic_check,fiber,2,2,40.7,False,False,True,1
21,49.31,1097.32,month_to_month,electronic_check,fiber,1,1,62.5,True,False,False,0
45,56.67,2496.99,month_to_month,credit_card,dsl,0,0,104.2,False,True,True,1
55,49.26,2855.45,month_to_month,credit_card,none,1,1,33.1,False,False,False,1
71,104.38,7390.4,month_to_month,bank_transfer,dsl,2,0,70.8,False,False,True,0
17,87.65,1417.88,one_year,electronic_check,fiber,4,0,138.4,False,False,True,1
53,58.03,3023.96,month_to_month,credit_card,fiber,1,0,8.4,False,True,True,1
6,50.99,447.35,two_year,mailed_check,fiber,2,0,49.5,True,False,True,0
39,100.47,3818.34,one_year,electronic_check,fiber,3,0,40.5,False,False,False,0
30,77.96,2271.2,month_to_month,credit_card,none,2,0,56.2,False,False,True,1
69,101.03,7231.94,month_to_month,mailed_check,fiber,1,2,20.6,True,False,True,0
56,68.68,3930.77,month_to_month,electronic_check,fiber,0,0,98.9,False,False,True,0
67,81.25,5377.77,month_to_month,credit_card,dsl,1,0,36.5,False,False,False,1
62,76.61,4652.49,one_year,credit_card,dsl,0,0,68.9,False,True,True,0
29,56.27,1481.29,two_year,electronic_check,none,2,1,74.7,False,True,True,0
53,66.83,3550.73,month_to_month,bank_transfer,none,1,0,90.3,True,True,False,0
2,43.95,153.42,month_to_month,electronic_check,fiber,0,1,25.6,False,True,True,1
40,80.87,3371.49,two_year,mailed_check,none,0,0,49.7,False,False,True,0
3,86.75,89.79,month_to_month,credit_card,none,1,0,47.6,False,False,False,1
52,91.78,4653.28,month_to_month,electronic_check,dsl,2,1,58.4,False,False,True,0
70,84.66,5915.44,month_to_month,electronic_check,none,3,0,12.7,False,False,True,1
49,67.18,3542.71,month_to_month,bank_transfer,dsl,2,0,47.7,False,False,False,1
61,104.14,6432.27,month_to_month,credit_card,fiber,2,0,38.2,False,True,True,1
17,89.63,1557.26,two_year,electronic_check,dsl,1,1,11.0,False,True,True,1
72,100.55,7129.36,one_year,electronic_check,fiber,0,0,250.0,False,True,False,0
40,101.93,3886.4,month_to_month,credit_card,none,2,1,50.4,False,False,False,1
49,67.24,3298.26,two_year,electronic_check,dsl,0,1,115.3,True,False,False,1
56,78.53,4388.74,month_to_month,mailed_check,dsl,0,0,7.0,False,False,True,0
46,87.04,3979.74,month_to_month,electronic_check,dsl,0,1,47.1,False,True,True,0
23,44.72,994.32,two_year,electronic_check,fiber,1,1,44.2,False,False,True,1
44,45.21,1921.89,one_year,credit_card,fiber,1,0,77.0,True,False,True,0
47,41.42,1858.75,one_year,electronic_check,dsl,0,0,53.1,False,False,True,0
62,67.62,4317.5,month_to_month,bank_transfer,fiber,3,0,173.4,False,False,False,0
35,62.67,2113.66,month_to_month,mailed_check,dsl,1,0,87.7,False,False,False,0
36,38.42,1358.27,two_year,credit_card,none,1,0,50.4,False,False,True,0
36,73.29,2634.92,month_to_month,mailed_check,fiber,0,0,79.7,False,False,True,1
8,67.9,606.77,two_year,bank_transfer,dsl,2,0,43.1,False,False,True,0
6,96.01,499.4,one_year,electronic_check,fiber,1,0,52.3,False,False,True,1
1,114.29,202.32,month_to_month,electronic_check,dsl,1,2,70.5,False,False,False,1
48,80.04,3789.75,two_year,bank_transfer,fiber,1,1,29.4,False,True,True,1
30,54.67,1625.53,two_year,mailed_check,fiber,0,0,26.7,False,False,False,0
63,84.23,5454.37,two_year,bank_transfer,none,0,1,17.2,True,True,False,0
51,70.2,3492.97,month_to_month,bank_transfer,fiber,2,0,88.7,False,False,True,0
10,64.72,712.08,one_year,electronic_check,dsl,2,1,39.1,False,False,True,1
7,51.04,447.69,month_to_month,bank_transfer,fiber,1,0,59.2,True,True,False,0
26,59.79,1582.43,month_to_month,bank_transfer,none,0,0,65.6,False,False,True,0
67,66.09,4417.45,two_year,mailed_check,dsl,0,1,17.3,False,False,True,0
3,87.69,454.38,two_year,bank_transfer,dsl,3,0,27.6,False,False,True,1
13,81.24,1054.87,month_to_month,electronic_check,fiber,2,0,27.1,False,False,True,0
2,110.16,238.69,one_year,credit_card,dsl,1,0,49.0,False,False,False,0
30,84.84,2514.91,two_year,credit_card,dsl,0,0,70.5,False,False,False,0
72,79.33,5725.36,one_year,credit_card,dsl,2,0,82.3,False,True,False,0
49,63.26,3186.51,month_to_month,bank_transfer,none,0,0,74.4,True,True,True,0
36,47.18,1673.7,month_to_month,mailed_check,dsl,1,2,85.3,False,False,True,0
10,57.46,384.83,month_to_month,bank_transfer,dsl,3,1,120.3,False,False,False,1
25,54.6,1411.22,two_year,electronic_check,dsl,2,0,12.1,False,True,False,0
38,18.0,586.95,month_to_month,electronic_check,dsl,1,1,24.9,True,False,False,1
20,47.81,1022.97,month_to_month,credit_card,dsl,5,0,45.1,True,False,False,0
51,105.25,5367.63,one_year,bank_transfer,none,2,0,36.3,False,False,False,0
71,78.11,5630.69,two_year,bank_transfer,fiber,1,1,51.1,False,False,True,0
15,61.72,840.45,two_year,credit_card,dsl,1,1,91.4,False,False,False,1
18,78.77,1369.69,two_year,credit_card,fiber,0,0,13.9,True,False,True,1
9,27.03,212.67,one_year,bank_transfer,dsl,2,0,135.4,False,False,True,0
52,76.21,3829.51,two_year,electronic_check,fiber,1,0,46.5,False,True,True,1
33,98.1,3337.33,one_year,credit_card,dsl,1,2,47.8,False,False,True,1
20,67.34,1200.51,one_year,bank_transfer,fiber,2,1,48.7,False,False,True,1
16,31.02,595.08,month_to_month,electronic_check,dsl,0,0,45.1,False,False,False,1
5,60.89,342.65,month_to_month,electronic_check,fiber,1,0,64.3,True,False,True,1
34,98.14,3318.86,month_to_month,bank_transfer,fiber,3,2,46.4,True,False,True,1
49,75.69,3739.87,two_year,electronic_check,dsl,1,0,184.9,False,False,False,0
17,38.8,688.2,month_to_month,credit_card,dsl,2,1,2.6,False,False,False,1
0,122.09,0.0,month_to_month,mailed_check,dsl,2,0,15.7,False,False,True,0
34,42.42,1469.11,two_year,electronic_check,dsl,0,0,37.7,False,False,True,0
49,64.66,3234.15,one_year,mailed_check,fiber,0,0,138.3,False,False,True,0
25,47.18,1094.48,one_year,electronic_check,dsl,0,0,90.1,False,True,False,0
18,47.21,880.94,one_year,credit_card,fiber,0,0,44.9,False,True,True,0
11,60.05,424.18,month_to_month,electronic_check,fiber,1,0,16.1,False,False,False,1
54,84.0,4362.34,month_to_month,bank_transfer,dsl,0,1,100.1,True,False,True,0
62,98.39,6150.99,one_year,mailed_check,none,2,0,28.9,False,False,True,0
56,61.5,3406.4,two_year,electronic_check,fiber,1,0,5.0,False,False,True,0
37,47.78,1691.05,month_to_month,mailed_check,fiber,2,0,115.5,False,False,False,0
52,80.53,4182.79,month_to_month,bank_transfer,dsl,2,0,29.3,False,False,True,1
28,81.18,2237.4,month_to_month,mailed_check,none,2,0,95.6,False,False,False,1
1,75.29,0.0,month_to_month,bank_transfer,fiber,0,0,28.9,False,True,True,1
26,76.07,1830.31,month_to_month,bank_transfer,dsl,0,0,51.4,False,False,False,0
51,67.52,3266.39,month_to_month,mailed_check,fiber,1,1,18.4,False,False,False,0
47,72.16,3458.01,month_to_month,bank_transfer,fiber,0,0,24.9,False,True,False,1
72,66.0,4713.98,one_year,bank_transfer,fiber,0,0,41.6,False,False,True,0
72,93.55,6822.86,one_year,electronic_check,dsl,0,1,50.8,False,False,True,0
17,119.03,1984.57,month_to_month,electronic_check,dsl,1,1,69.6,False,False,True,1
0,73.95,31.95,month_to_month,bank_transfer,dsl,1,0,7.0,True,False,True,1
20,69.86,1385.91,month_to_month,electronic_check,fiber,2,0,63.8,True,False,True,1
63,75.63,4768.69,one_year,credit_card,fiber,1,1,49.6,False,True,False,0
59,55.53,3284.64,month_to_month,mailed_check,dsl,1,0,140.3,False,False,False,1
7,86.83,567.7,two_year,bank_transfer,dsl,2,0,57.0,False,False,True,1
11,79.71,766.14,month_to_month,mailed_check,fiber,1,0,7.1,True,True,True,0
41,60.75,2559.7,one_year,electronic_check,dsl,0,0,22.3,False,False,False,0
48,89.85,4456.22,month_to_month,electronic_check,fiber,0,0,61.8,True,False,True,0
71,70.42,5149.15,one_year,electronic_check,dsl,2,0,39.8,False,True,False,0
55,48.66,2626.51,one_year,mailed_check,dsl,1,0,11.7,False,False,True,0
15,77.74,1100.11,month_to_month,credit_card,fiber,1,0,46.8,False,True,True,1
2,75.21,100.53,month_to_month,mailed_check,none,0,0,24.0,False,True,True,1
46,91.13,4176.15,month_to_month,electronic_check,dsl,0,0,45.6,False,True,False,1
40,88.29,3526.88,month_to_month,electronic_check,fiber,1,0,33.1,True,False,False,1
67,67.6,4439.39,two_year,bank_transfer,dsl,0,0,47.5,False,False,True,0
42,59.61,2370.44,one_year,bank_transfer,none,0,0,39.3,False,False,True,0
36,70.04,2525.93,one_year,credit_card,fiber,2,0,32.6,False,True,True,1
22,77.99,1398.04,month_to_month,credit_card,fiber,4,1,77.8,False,False,True,1
6,80.64,474.78,month_to_month,credit_card,dsl,0,1,86.0,False,False,True,0
63,76.63,4742.66,one_year,bank_transfer,fiber,1,3,60.3,False,False,False,0
60,68.0,4150.21,month_to_month,electronic_check,dsl,0,0,34.6,False,False,True,0
11,91.93,1105.52,month_to_month,electronic_check,fiber,0,2,32.8,False,False,True,1
51,55.17,2910.08,month_to_month,electronic_check,none,0,1,57.0,False,True,False,0
26,124.55,3207.12,month_to_month,credit_card,fiber,1,0,21.8,True,False,True,1
31,86.79,2588.33,two_year,bank_transfer,none,2,1,123.2,True,False,True,0
61,45.2,2683.89,month_to_month,bank_transfer,dsl,3,0,16.0,False,True,True,0
61,74.08,4544.76,month_to_month,mailed_check,none,1,2,16.7,False,False,True,0
13,87.0,982.87,month_to_month,credit_card,fiber,0,1,54.2,False,True,True,1
22,62.31,1496.24,month_to_month,credit_card,fiber,2,0,58.2,False,True,True,0
59,37.11,2159.73,month_to_month,credit_card,fiber,1,0,24.7,False,True,False,0
66,47.14,3156.26,month_to_month,mailed_check,dsl,1,0,16.5,False,False,False,0
5,81.93,249.32,month_to_month,electronic_check,fiber,0,0,30.7,False,True,True,1
60,31.4,1800.66,month_to_month,credit_card,dsl,0,1,48.3,False,False,True,0
35,38.11,1162.34,one_year,credit_card,fiber,0,1,15.5,False,False,True,0
43,81.81,3609.74,month_to_month,mailed_check,dsl,1,2,105.6,False,False,False,1
5,65.1,311.08,one_year,electronic_check,dsl,2,1,36.1,False,True,False,1
49,54.69,2731.23,month_to_month,electronic_check,fiber,0,2,91.8,False,False,False,0
49,59.12,2902.59,month_to_month,bank_transfer,dsl,3,1,38.2,False,False,True,0
48,37.64,1848.88,two_year,bank_transfer,fiber,0,0,36.4,True,False,False,0
57,80.66,4567.25,month_to_month,electronic_check,none,2,0,48.2,True,False,False,1
69,52.26,3587.62,month_to_month,credit_card,none,1,0,33.0,False,False,True,0
62,58.21,3600.76,month_to_month,credit_card,fiber,0,0,88.8,False,False,True,0
54,77.63,4228.53,month_to_month,electronic_check,fiber,1,1,74.4,False,True,True,0
71,64.35,4607.74,one_year,credit_card,dsl,1,0,81.5,False,False,True,0
49,54.5,2923.53,one_year,electronic_check,dsl,1,0,37.1,False,True,False,0
49,26.23,1436.61,month_to_month,bank_transfer,none,0,0,45.3,False,False,True,1
39,78.08,2885.03,month_to_month,credit_card,fiber,2,0,56.6,True,False,True,1
56,71.74,4004.56,month_to_month,bank_transfer,dsl,4,1,116.7,False,True,True,0
5,58.62,256.57,month_to_month,credit_card,fiber,1,1,81.1,True,True,True,1
36,47.18,1813.69,two_year,electronic_check,fiber,0,0,68.1,False,True,False,0
31,70.28,2150.26,one_year,bank_transfer,none,3,1,0.7,False,False,True,1
66,80.57,5359.41,month_to_month,credit_card,none,0,1,85.9,False,True,True,0
5,72.15,150.41,month_to_month,electronic_check,fiber,0,0,75.7,False,False,True,1
46,106.04,4741.62,one_year,mailed_check,fiber,1,1,60.4,False,True,False,1
13,85.51,1299.94,month_to_month,mailed_check,dsl,2,2,27.0,True,True,True,1
64,67.64,4333.48,two_year,bank_transfer,fiber,0,0,45.7,True,False,True,0
62,86.24,5257.02,two_year,credit_card,dsl,3,0,38.0,False,True,True,0
17,71.07,1230.05,month_to_month,bank_transfer,dsl,2,1,34.5,False,False,True,1
63,70.99,4377.59,two_year,credit_card,dsl,0,0,37.9,False,True,False,0
36,98.52,3521.22,month_to_month,electronic_check,fiber,0,1,9.5,False,False,True,0
70,50.24,3386.06,month_to_month,credit_card,dsl,1,0,34.5,False,True,True,0
53,70.51,3666.05,two_year,bank_transfer,dsl,4,0,82.9,False,False,True,1
2,96.17,154.87,one_year,credit_card,dsl,2,2,135.9,True,False,False,1
14,76.8,1176.06,month_to_month,mailed_check,dsl,0,0,14.6,False,False,True,0
29,61.88,1836.28,two_year,credit_card,none,0,0,86.3,False,False,True,1
15,32.46,544.37,month_to_month,credit_card,fiber,3,0,12.2,False,False,False,1
9,20.05,178.13,one_year,credit_card,fiber,0,1,27.2,False,False,True,1
71,115.68,8287.34,two_year,bank_transfer,fiber,1,0,32.2,False,False,True,0
63,76.79,4759.15,two_year,electronic_check,dsl,0,1,40.9,True,False,False,0
31,57.15,1705.71,month_to_month,electronic_check,fiber,1,0,56.1,False,False,True,1
15,77.69,1202.03,month_to_month,bank_transfer,dsl,1,1,8.1,True,True,True,1
13,49.15,613.83,two_year,credit_card,fiber,0,0,76.4,True,False,True,0
66,62.71,4137.61,month_to_month,electronic_check,none,3,0,19.9,False,False,True,0
24,49.3,1168.43,two_year,bank_transfer,dsl,1,0,9.3,False,False,False,1
0,38.91,112.81,month_to_month,mailed_check,fiber,7,1,153.3,False,False,True,1
29,23.69,804.51,month_to_month,credit_card,fiber,0,0,62.4,False,False,True,0
33,34.85,1093.7,month_to_month,bank_transfer,fiber,1,0,42.3,True,False,True,1
45,92.47,4002.76,month_to_month,electronic_check,none,2,1,12.0,False,True,True,0
24,48.29,1094.93,month_to_month,credit_card,none,0,0,135.6,False,False,True,1
67,81.77,5397.86,month_to_month,electronic_check,dsl,0,0,51.7,False,True,True,0
46,91.05,4263.16,two_year,mailed_check,fiber,0,0,41.9,False,False,False,0
72,70.36,5148.76,month_to_month,electronic_check,none,2,1,100.2,False,False,False,0
26,63.43,1556.38,one_year,mailed_check,fiber,0,1,13.3,False,False,True,0
47,72.93,3359.8,month_to_month,credit_card,dsl,0,0,43.5,False,True,True,1
26,60.83,1448.47,one_year,credit_card,dsl,1,0,87.7,False,False,False,0
51,96.49,4933.08,month_to_month,credit_card,fiber,0,0,96.7,True,True,False,0
54,111.28,6005.08,two_year,electronic_check,fiber,2,0,96.5,False,False,True,0
23,101.9,2414.72,month_to_month,electronic_check,fiber,1,0,48.1,False,False,True,1
68,22.67,1586.3,month_to_month,credit_card,dsl,1,1,20.3,False,True,True,1
62,60.39,3799.1,month_to_month,bank_transfer,dsl,1,1,49.6,True,False,False,0
65,70.09,4417.07,month_to_month,bank_transfer,none,2,0,69.9,False,True,True,0
15,80.19,1146.48,month_to_month,mailed_check,dsl,1,0,101.4,False,True,True,0
52,32.0,1749.4,one_year,electronic_check,fiber,2,0,91.0,True,False,False,1
7,31.64,173.01,month_to_month,bank_transfer,fiber,2,2,50.7,False,True,True,1
7,98.75,544.77,one_year,electronic_check,dsl,0,0,86.7,False,False,False,1
71,57.7,4169.42,month_to_month,credit_card,fiber,1,1,56.3,False,True,False,0
11,37.28,358.13,one_year,electronic_check,fiber,1,2,55.7,False,False,False,1
63,45.72,2976.0,month_to_month,mailed_check,fiber,1,0,32.4,False,False,True,0
31,78.59,2434.63,one_year,credit_card,dsl,1,1,44.3,False,False,True,0
22,51.9,1116.85,two_year,credit_card,dsl,2,0,36.5,False,False,True,0
5,75.32,499.29,month_to_month,electronic_check,fiber,0,1,59.6,False,False,True,1
49,48.47,2257.79,month_to_month,credit_card,none,0,0,7.6,True,False,True,1
52,31.63,1773.84,one_year,electronic_check,none,2,0,78.3,False,True,True,0
34,101.34,3388.02,month_to_month,bank_transfer,dsl,1,2,22.6,True,False,False,0
59,78.76,4661.45,month_to_month,credit_card,fiber,0,0,4.3,False,False,False,1
23,62.66,1456.64,month_to_month,electronic_check,dsl,1,0,14.9,False,False,False,0
40,58.53,2302.76,month_to_month,electronic_check,dsl,1,0,92.4,False,False,True,0
20,102.23,1976.01,two_year,electronic_check,fiber,1,0,44.3,False,False,False,1
42,83.01,3453.14,month_to_month,credit_card,dsl,0,1,55.1,False,True,False,1
9,95.23,765.76,month_to_month,electronic_check,none,2,0,15.2,False,False,True,1
34,57.16,2120.02,month_to_month,electronic_check,fiber,1,1,104.5,False,False,False,0
40,71.11,2801.1,month_to_month,electronic_check,fiber,2,0,49.4,False,True,False,1
40,78.85,3258.31,one_year,electronic_check,fiber,2,0,81.3,False,True,False,0
32,57.9,1945.25,one_year,bank_transfer,dsl,1,0,28.7,False,False,False,0
46,67.9,3156.06,two_year,bank_transfer,dsl,0,0,115.4,True,False,False,1
37,57.16,2102.71,month_to_month,electronic_check,fiber,4,0,69.0,True,False,False,1
20,78.78,1593.04,month_to_month,credit_card,fiber,4,0,53.4,True,False,True,1
15,40.93,665.45,month_to_month,bank_transfer,none,1,0,33.2,False,True,False,1
47,82.58,3890.3,one_year,credit_card,none,1,1,112.1,False,True,True,0
68,76.84,5084.11,one_year,mailed_check,none,1,2,61.0,False,True,False,0
54,65.53,3374.97,one_year,bank_transfer,fiber,1,1,42.7,True,False,True,0
46,79.89,3810.75,two_year,credit_card,none,0,0,10.8,False,True,True,0
67,61.97,3914.87,month_to_month,credit_card,fiber,0,0,96.2,False,True,False,0
65,55.26,3609.51,two_year,credit_card,dsl,3,1,74.9,False,True,True,0
36,81.96,2929.41,two_year,electronic_check,fiber,1,0,156.6,False,False,True,0
7,82.91,594.84,month_to_month,electronic_check,none,2,4,19.7,True,True,True,1
46,58.84,2604.04,month_to_month,bank_transfer,fiber,2,0,11.0,False,False,True,0
45,56.95,2594.31,one_year,mailed_check,none,0,0,59.1,False,False,True,0
20,65.97,1337.94,month_to_month,mailed_check,none,4,0,49.1,False,False,False,1
62,57.86,3835.81,month_to_month,credit_card,none,2,2,64.9,False,True,True,0
63,103.55,6535.35,month_to_month,mailed_check,fiber,2,2,12.4,False,False,False,0
24,76.96,1968.38,one_year,bank_transfer,fiber,3,0,49.2,False,False,False,1
34,70.32,2256.0,two_year,credit_card,fiber,0,1,41.5,False,False,True,0
14,49.48,784.53,two_year,mailed_check,fiber,0,0,91.1,False,False,False,0
13,86.26,1141.74,two_year,mailed_check,fiber,2,2,12.7,False,False,True,0
19,56.54,1098.54,month_to_month,credit_card,dsl,1,0,38.1,False,True,True,0
26,55.64,1472.16,one_year,bank_transfer,none,2,0,44.5,False,False,True,1
19,87.0,1806.57,month_to_month,bank_transfer,none,0,0,61.5,False,False,True,1
11,78.52,886.68,month_to_month,credit_card,fiber,0,0,22.0,False,True,False,0
32,18.0,505.43,two_year,credit_card,fiber,2,0,127.6,False,True,False,0
45,66.53,2938.42,two_year,electronic_check,dsl,0,0,124.3,False,True,False,0
23,72.76,1747.02,one_year,mailed_check,none,2,1,96.0,False,False,True,1
38,62.53,2416.41,month_to_month,electronic_check,fiber,3,0,62.6,False,False,True,1
19,73.53,1259.33,month_to_month,electronic_check,fiber,1,0,13.5,False,False,True,1
51,30.19,1586.01,one_year,credit_card,fiber,2,0,132.1,True,True,True,0
47,18.0,748.59,month_to_month,credit_card,dsl,3,0,11.5,False,False,False,0
70,48.54,3437.24,month_to_month,electronic_check,fiber,2,1,12.2,False,False,True,1
3,76.21,156.13,two_year,electronic_check,none,0,0,27.6,True,False,True,1
62,18.0,1090.67,month_to_month,mailed_check,none,2,1,64.2,False,False,False,0
24,51.44,1185.53,month_to_month,credit_card,none,1,0,57.6,True,False,False,0
4,27.7,247.5,month_to_month,mailed_check,dsl,1,0,110.8,False,False,True,1
50,64.66,3269.17,month_to_month,mailed_check,none,3,2,41.5,False,True,True,0
12,113.07,1470.34,month_to_month,credit_card,fiber,0,0,70.1,False,False,True,1
12,65.22,1043.21,month_to_month,credit_card,fiber,1,0,35.3,True,False,False,1
71,67.63,4805.94,month_to_month,electronic_check,fiber,1,0,129.7,False,False,False,1
16,88.46,1550.54,month_to_month,mailed_check,dsl,1,3,78.1,False,False,True,1
39,70.47,2685.38,month_to_month,credit_card,fiber,2,0,61.6,False,True,True,0
14,65.27,1026.72,two_year,bank_transfer,dsl,1,0,13.5,False,True,True,0
9,90.39,740.83,month_to_month,mailed_check,none,0,0,26.8,False,False,False,0
0,80.38,0.0,one_year,electronic_check,fiber,0,1,76.5,False,False,True,0
1,76.35,124.67,one_year,mailed_check,fiber,1,1,25.9,False,False,True,0
34,66.95,2338.78,month_to_month,bank_transfer,none,1,0,25.1,True,False,True,0
31,62.39,1819.56,month_to_month,credit_card,dsl,2,0,131.8,False,False,True,1
2,90.18,102.33,two_year,mailed_check,fiber,1,1,38.8,False,False,False,1
25,62.6,1620.03,month_to_month,credit_card,fiber,0,0,18.1,False,False,True,0
19,97.09,1811.62,one_year,credit_card,fiber,1,0,108.9,False,False,True,0
41,46.96,1799.6,one_year,electronic_check,fiber,1,0,105.3,False,False,True,1
72,101.54,7304.49,two_year,bank_transfer,fiber,1,0,35.6,False,False,True,0
50,80.38,4008.29,month_to_month,bank_transfer,fiber,1,0,78.0,False,False,True,0
67,48.69,3278.15,month_to_month,electronic_check,dsl,0,0,63.8,False,False,True,1
14,81.2,1184.43,month_to_month,credit_card,fiber,1,0,67.9,False,False,False,0
15,55.69,877.26,one_year,electronic_check,fiber,0,3,53.2,False,False,True,1
54,70.74,3750.82,month_to_month,credit_card,fiber,2,0,165.8,False,False,False,0
22,59.29,1267.41,two_year,credit_card,fiber,3,2,26.4,False,False,True,0
61,67.08,4175.38,two_year,bank_transfer,dsl,1,0,18.6,True,False,True,1
33,90.71,2944.54,month_to_month,electronic_check,dsl,0,0,35.2,False,True,True,0
14,81.41,1104.18,month_to_month,electronic_check,none,0,0,93.5,False,True,True,0
61,45.24,2624.26,two_year,electronic_check,fiber,1,0,47.1,False,True,False,0
40,46.5,1857.42,month_to_month,mailed_check,fiber,0,2,71.5,False,True,True,0
58,75.96,4436.75,month_to_month,credit_card,dsl,2,1,90.8,True,False,False,1
33,77.55,2381.36,month_to_month,electronic_check,fiber,1,0,17.7,False,True,True,0
9,55.16,400.12,month_to_month,electronic_check,dsl,1,0,87.5,False,False,False,1
49,105.01,5017.53,month_to_month,electronic_check,dsl,1,1,78.6,False,True,False,1
9,87.9,862.05,one_year,bank_transfer,fiber,0,0,9.6,False,False,True,0
48,56.24,2527.41,one_year,credit_card,fiber,2,0,12.9,False,False,True,0
30,54.11,1616.22,month_to_month,bank_transfer,fiber,1,0,54.4,False,True,False,0
57,64.99,3769.04,month_to_month,electronic_check,fiber,1,1,13.6,False,False,True,0
63,62.7,3967.0,month_to_month,credit_card,fiber,3,0,65.8,True,False,False,0
29,97.64,2791.96,one_year,bank_transfer,fiber,0,0,28.7,True,False,True,0
64,91.66,5897.42,month_to_month,electronic_check,dsl,0,0,23.2,False,False,True,0
8,70.77,659.49,two_year,electronic_check,fiber,2,0,43.6,False,False,True,1
7,84.91,584.68,two_year,electronic_check,fiber,1,0,28.5,False,False,False,1
72,88.11,6142.42,one_year,bank_transfer,fiber,2,1,64.8,True,False,True,1
41,71.28,3025.78,month_to_month,credit_card,fiber,3,1,173.0,False,False,True,1
32,78.86,2559.54,one_year,credit_card,fiber,3,0,29.5,False,False,True,0
11,83.07,910.79,month_to_month,credit_card,none,1,0,24.0,True,False,False,1
21,80.73,1517.1,one_year,electronic_check,fiber,0,0,55.9,False,False,False,0
50,52.87,2616.65,two_year,bank_transfer,none,1,1,62.9,False,False,True,0
59,55.09,3171.52,two_year,bank_transfer,none,3,0,9.8,False,False,True,0
66,63.65,4091.43,one_year,electronic_check,fiber,3,0,68.9,False,False,True,0
29,54.45,1566.77,one_year,mailed_check,fiber,2,0,72.8,False,False,True,0
33,37.59,1192.23,month_to_month,credit_card,fiber,2,1,34.6,False,False,False,0
11,84.87,891.26,month_to_month,credit_card,dsl,3,1,30.2,False,False,True,1
6,77.62,532.29,one_year,credit_card,none,1,2,49.6,False,True,True,0
31,40.53,1279.43,two_year,bank_transfer,dsl,1,1,22.5,True,False,False,0
42,64.7,2672.8,two_year,electronic_check,none,0,1,40.8,False,False,False,1
7,65.95,405.64,two_year,electronic_check,dsl,3,0,19.2,False,False,True,1
29,74.0,2105.06,month_to_month,mailed_check,dsl,0,0,25.2,False,False,False,0
46,46.2,2102.93,one_year,mailed_check,none,1,0,44.1,True,True,False,0
59,40.21,2424.95,one_year,bank_transfer,fiber,0,0,57.6,False,False,False,0
68,81.43,5443.41,month_to_month,electronic_check,fiber,0,1,30.8,False,False,True,1
24,36.25,1001.26,month_to_month,credit_card,dsl,2,1,85.0,True,False,False,0
28,64.88,1869.27,one_year,credit_card,dsl,1,0,10.7,False,False,True,0
63,62.83,3711.88,month_to_month,electronic_check,fiber,2,0,51.2,False,False,False,1
50,67.29,3372.18,one_year,electronic_check,fiber,1,1,20.6,False,True,True,0
19,75.56,1529.31,two_year,mailed_check,fiber,2,0,74.4,False,True,False,1
50,105.17,5293.48,one_year,electronic_check,fiber,2,0,222.8,False,True,False,0
11,34.81,345.8,month_to_month,electronic_check,fiber,1,0,26.3,False,False,True,0
32,89.28,2851.46,month_to_month,electronic_check,dsl,2,0,27.6,False,False,False,0
22,18.0,412.05,one_year,credit_card,fiber,3,0,23.3,False,True,False,0
72,100.66,7316.78,one_year,bank_transfer,fiber,0,0,56.1,False,False,False,0
2,25.06,0.0,month_to_month,electronic_check,fiber,1,0,34.7,False,False,True,1
62,123.6,7608.75,month_to_month,bank_transfer,none,0,0,51.5,False,False,True,0
20,61.43,1376.07,two_year,electronic_check,dsl,1,0,18.4,False,False,False,0
2,98.39,199.75,month_to_month,electronic_check,fiber,0,0,51.2,False,False,True,1
48,93.85,4642.31,one_year,electronic_check,dsl,1,0,43.1,False,False,True,0
49,60.4,3228.3,two_year,credit_card,dsl,0,2,36.1,False,False,True,0
10,62.09,576.62,one_year,mailed_check,dsl,1,0,103.5,False,False,True,1
2,51.58,0.0,two_year,bank_transfer,dsl,0,0,38.4,False,False,False,1
8,87.32,674.66,one_year,electronic_check,fiber,0,0,20.9,False,False,True,1
29,60.68,1858.63,month_to_month,mailed_check,fiber,0,0,53.3,False,False,True,1
9,51.98,579.32,month_to_month,bank_transfer,dsl,1,2,28.1,False,False,True,1
51,81.82,4377.3,month_to_month,credit_card,fiber,1,0,57.6,False,False,True,0
5,50.26,247.99,month_to_month,mailed_check,none,5,0,27.7,False,True,True,1
57,62.76,3621.25,one_year,bank_transfer,none,2,1,9.2,False,False,False,0
63,72.36,4494.62,month_to_month,bank_transfer,fiber,0,1,36.3,False,False,False,0
52,55.87,2679.61,month_to_month,electronic_check,dsl,2,0,18.2,False,True,False,1
68,59.19,4021.35,two_year,electronic_check,none,1,0,16.6,False,False,True,0
68,103.77,6952.52,month_to_month,mailed_check,none,1,0,75.1,False,True,False,0
3,65.51,254.43,month_to_month,bank_transfer,fiber,4,0,23.2,False,False,False,1
24,62.09,1320.83,one_year,bank_transfer,fiber,1,1,15.5,False,True,True,1
55,66.15,3571.71,month_to_month,bank_transfer,dsl,0,0,75.1,False,False,True,0
24,80.0,1944.09,month_to_month,mailed_check,dsl,4,0,39.9,False,False,True,0
53,47.25,2537.76,month_to_month,credit_card,fiber,0,0,22.6,False,False,True,0
56,79.4,4442.13,one_year,electronic_check,fiber,0,1,25.1,False,False,False,0
72,75.63,5613.42,one_year,electronic_check,fiber,3,0,25.1,False,False,False,0
24,30.65,876.85,one_year,electronic_check,fiber,1,1,35.8,False,False,True,1
25,109.47,2675.16,month_to_month,credit_card,fiber,0,1,55.5,False,True,True,0
1,102.14,246.99,one_year,credit_card,fiber,3,0,70.8,False,True,True,1
20,52.39,1206.4,month_to_month,electronic_check,fiber,2,0,12.3,False,True,False,0
20,45.31,895.05,one_year,credit_card,dsl,2,0,31.5,False,False,True,0
33,75.02,2479.75,month_to_month,credit_card,fiber,3,0,20.6,True,True,True,1
30,38.63,1154.34,month_to_month,credit_card,fiber,4,2,37.5,False,False,True,1
62,100.01,6142.57,month_to_month,credit_card,fiber,0,0,51.3,True,False,True,1
56,59.69,3293.53,month_to_month,electronic_check,fiber,0,1,46.8,False,True,True,0
53,105.68,5719.78,month_to_month,bank_transfer,fiber,2,0,35.0,False,False,False,0
0,51.86,39.36,month_to_month,credit_card,dsl,2,0,3.7,False,False,True,0
34,67.53,2246.14,two_year,credit_card,dsl,0,2,22.0,False,True,True,0
53,97.88,5104.3,one_year,credit_card,fiber,0,0,2.8,False,False,False,0
17,62.89,1000.9,one_year,electronic_check,none,0,2,48.8,False,False,True,0
31,75.99,2340.94,month_to_month,bank_transfer,dsl,0,1,22.3,False,False,True,1
53,94.04,5066.31,month_to_month,mailed_check,none,0,2,73.5,False,True,True,0
58,57.77,3273.25,two_year,electronic_check,fiber,2,1,62.7,False,True,True,1
62,42.24,2700.03,month_to_month,electronic_check,dsl,1,0,84.7,False,False,True,0
31,37.91,1192.94,two_year,bank_transfer,dsl,1,2,35.4,True,True,False,0
29,82.84,2415.22,one_year,bank_transfer,dsl,3,1,39.3,False,False,False,1
27,78.55,2213.17,month_to_month,electronic_check,dsl,1,0,171.6,True,True,True,0
48,93.36,4557.18,one_year,bank_transfer,fiber,2,0,56.9,False,False,True,0
30,63.97,1792.69,one_year,mailed_check,fiber,1,2,5.9,False,True,True,0
29,38.52,1019.52,two_year,electronic_check,dsl,1,1,40.3,False,False,False,1
12,18.24,198.22,month_to_month,bank_transfer,fiber,2,3,81.0,False,True,True,1
34,130.0,4452.04,month_to_month,bank_transfer,dsl,2,0,82.9,False,False,False,0
17,81.59,1509.84,one_year,electronic_check,fiber,0,0,42.7,False,False,True,0
38,73.01,2780.24,month_to_month,mailed_check,dsl,2,0,78.3,False,True,True,1
64,76.13,5025.65,month_to_month,mailed_check,dsl,3,0,60.4,False,True,False,0
56,38.51,2092.96,one_year,bank_transfer,dsl,1,1,116.7,False,True,True,0
34,52.51,1736.96,month_to_month,credit_card,fiber,1,0,49.0,False,True,False,1
71,108.35,7665.34,two_year,credit_card,fiber,1,0,62.2,False,True,False,0
71,84.48,5924.53,two_year,bank_transfer,fiber,2,0,36.4,False,False,False,0
32,53.2,1806.75,month_to_month,electronic_check,dsl,1,0,145.7,False,False,False,0
55,43.01,2116.27,month_to_month,electronic_check,fiber,3,1,34.7,True,False,True,0
24,58.65,1362.28,month_to_month,electronic_check,fiber,0,0,52.7,False,True,True,0
64,63.06,4139.18,month_to_month,credit_card,fiber,3,1,61.3,False,True,True,1
27,115.08,3079.05,month_to_month,bank_transfer,dsl,1,0,19.2,False,False,True,0
18,65.86,1282.04,two_year,mailed_check,fiber,3,0,69.2,False,False,True,0
9,43.83,592.26,month_to_month,credit_card,fiber,1,0,90.2,False,False,True,1
61,68.71,4198.54,month_to_month,bank_transfer,fiber,1,0,80.0,False,True,True,0
21,75.82,1697.42,month_to_month,credit_card,fiber,2,2,22.5,False,False,True,1
59,41.83,2685.69,month_to_month,credit_card,fiber,0,1,29.4,True,False,False,1
6,78.85,509.29,two_year,bank_transfer,dsl,1,1,23.3,False,False,True,0
36,96.6,3473.27,two_year,electronic_check,fiber,0,1,29.8,False,False,True,0
31,73.05,2345.77,month_to_month,electronic_check,dsl,2,0,72.5,False,True,False,0
32,52.46,1785.3,month_to_month,electronic_check,fiber,2,0,10.0,False,False,False,0
12,58.36,696.83,two_year,mailed_check,dsl,2,0,32.6,False,False,True,0
5,33.51,124.0,one_year,mailed_check,fiber,0,0,45.2,False,True,False,0
25,67.06,1831.07,month_to_month,bank_transfer,none,1,0,115.1,False,True,False,1
34,76.84,2588.2,month_to_month,credit_card,fiber,0,1,48.1,False,False,True,1
57,50.27,2972.83,month_to_month,bank_transfer,fiber,1,0,42.8,False,False,True,0
33,112.67,3741.77,month_to_month,credit_card,fiber,2,1,80.2,False,False,True,1
17,87.43,1650.74,month_to_month,electronic_check,dsl,1,0,17.1,False,True,False,1
19,30.56,504.23,one_year,electronic_check,fiber,0,0,63.4,True,False,False,0
44,31.01,1287.85,month_to_month,electronic_check,none,0,0,75.2,True,False,False,0
31,48.35,1575.75,one_year,mailed_check,fiber,2,0,51.2,False,False,True,0
65,104.61,6697.92,one_year,bank_transfer,none,3,0,75.3,False,False,False,0
32,89.6,2877.7,one_year,bank_transfer,fiber,0,0,44.7,False,False,True,0
41,105.72,4473.88,one_year,bank_transfer,dsl,3,0,10.8,False,False,True,0
4,70.22,120.25,month_to_month,credit_card,dsl,2,1,24.0,False,False,False,1
14,65.39,951.65,one_year,bank_transfer,fiber,0,0,43.3,False,False,True,1
62,42.55,2747.16,two_year,bank_transfer,fiber,2,1,166.5,False,False,True,0
25,77.69,1939.92,month_to_month,electronic_check,fiber,1,0,18.7,False,False,True,1
30,65.68,1886.96,two_year,electronic_check,fiber,3,2,87.0,False,True,True,1
43,64.84,2764.49,two_year,credit_card,dsl,1,1,50.6,False,False,False,0
4,105.6,346.93,one_year,electronic_check,fiber,2,0,46.3,False,False,False,1
36,67.22,2426.14,month_to_month,bank_transfer,dsl,0,0,36.7,True,False,True,0
25,99.28,2457.1,one_year,bank_transfer,fiber,0,1,57.6,False,False,False,0
10,35.06,304.41,month_to_month,bank_transfer,none,2,0,51.0,False,False,True,1
30,129.14,3916.15,month_to_month,electronic_check,none,0,1,51.8,False,False,False,1
32,61.79,2119.4,month_to_month,electronic_check,fiber,4,1,44.7,False,True,True,1
13,85.56,1141.78,one_year,mailed_check,dsl,1,0,106.0,False,False,False,0
39,89.06,3594.27,one_year,mailed_check,fiber,1,0,72.5,True,True,False,1
54,59.06,3331.33,month_to_month,electronic_check,fiber,0,0,44.1,False,False,True,1
19,88.02,1619.58,month_to_month,mailed_check,dsl,2,0,61.7,True,True,True,1
70,89.16,6265.94,month_to_month,mailed_check,fiber,2,0,68.2,False,False,True,1
44,54.31,2351.39,month_to_month,electronic_check,dsl,2,0,60.4,False,False,False,1
56,54.57,2922.53,month_to_month,credit_card,fiber,3,3,22.4,False,True,False,1
5,71.0,387.02,month_to_month,mailed_check,none,0,0,56.1,False,False,True,0
56,67.46,3683.07,month_to_month,bank_transfer,fiber,0,0,44.2,False,True,True,0
24,100.65,2459.19,month_to_month,bank_transfer,fiber,1,0,22.1,False,False,False,0
51,85.46,4218.43,one_year,mailed_check,fiber,1,0,48.5,False,False,False,0
58,68.45,3985.49,month_to_month,mailed_check,dsl,2,0,54.8,False,False,True,0
18,83.33,1358.57,one_year,electronic_check,dsl,0,1,53.4,False,False,False,0
18,24.97,510.11,month_to_month,credit_card,dsl,0,0,43.1,False,False,True,1
4,56.46,190.44,month_to_month,mailed_check,dsl,2,1,47.4,False,True,True,1
44,76.33,3314.44,month_to_month,electronic_check,fiber,2,0,29.2,False,True,True,1
56,94.54,5395.63,month_to_month,electronic_check,dsl,1,0,36.3,False,True,True,1
29,74.39,2128.37,month_to_month,mailed_check,fiber,2,0,6.2,False,False,True,1
11,102.08,1132.86,one_year,bank_transfer,fiber,1,2,36.3,False,True,True,1
23,89.09,2031.19,month_to_month,electronic_check,fiber,2,1,8.7,False,False,True,1
29,59.26,1764.21,month_to_month,electronic_check,dsl,1,1,38.4,False,False,True,0
66,66.92,4510.59,month_to_month,bank_transfer,fiber,0,0,59.2,False,False,True,0
9,78.99,786.12,month_to_month,electronic_check,fiber,0,2,60.1,False,False,True,1
25,60.13,1461.25,one_year,electronic_check,none,0,0,8.3,True,False,True,0
46,103.69,4878.55,month_to_month,mailed_check,fiber,1,0,28.9,False,False,True,0
17,45.61,692.9,month_to_month,bank_transfer,fiber,3,0,21.0,False,False,True,0
64,76.95,4857.98,one_year,credit_card,fiber,0,0,46.8,False,False,True,0
66,86.18,5676.38,month_to_month,bank_transfer,none,2,0,38.1,False,True,False,0
27,63.1,1797.91,month_to_month,credit_card,dsl,2,0,185.1,False,False,True,1
54,58.15,3034.79,one_year,electronic_check,dsl,4,1,178.7,False,True,True,1
55,68.33,3838.38,month_to_month,mailed_check,dsl,1,2,47.4,False,False,False,0
49,87.86,4300.21,two_year,credit_card,dsl,1,0,33.7,False,False,False,0
13,59.0,727.96,one_year,bank_transfer,dsl,2,2,54.2,False,True,True,1
3,46.48,238.24,month_to_month,credit_card,dsl,2,0,17.6,False,False,True,0
25,95.31,2310.51,month_to_month,credit_card,fiber,0,1,53.2,False,False,True,0
9,78.78,914.73,month_to_month,electronic_check,fiber,1,0,103.9,False,False,False,1
21,92.17,1919.67,one_year,credit_card,fiber,1,0,89.6,False,False,True,0
46,86.71,4002.15,month_to_month,bank_transfer,dsl,0,1,91.8,True,True,True,1
42,117.96,5093.18,one_year,bank_transfer,fiber,0,0,62.6,False,True,True,1
15,94.53,1433.78,month_to_month,bank_transfer,fiber,0,0,90.0,False,False,True,1
1,54.07,161.07,one_year,electronic_check,none,1,1,7.4,False,False,True,1
16,80.35,1109.82,two_year,credit_card,fiber,4,0,30.4,False,False,True,1
33,57.74,1865.59,month_to_month,credit_card,fiber,0,1,70.9,False,True,False,1
56,60.01,3396.27,month_to_month,credit_card,fiber,0,1,34.6,False,True,True,0
26,38.92,1109.25,month_to_month,mailed_check,none,4,0,233.7,True,False,True,1
20,63.71,1343.47,one_year,bank_transfer,dsl,0,1,21.1,False,True,False,1
40,81.99,3340.44,month_to_month,electronic_check,dsl,1,0,112.7,False,False,False,1
5,68.55,438.25,one_year,bank_transfer,fiber,3,0,46.9,False,True,True,1
16,45.81,775.71,one_year,electronic_check,dsl,1,1,64.4,True,False,True,1
2,36.49,0.0,two_year,electronic_check,dsl,1,0,18.0,False,False,True,1
38,116.46,4555.28,one_year,electronic_check,dsl,0,0,20.2,False,False,True,0
32,77.15,2393.41,one_year,credit_card,dsl,1,1,40.5,False,False,True,0
42,51.87,2206.77,month_to_month,credit_card,fiber,0,0,22.1,False,False,False,1
45,80.16,3623.49,month_to_month,credit_card,dsl,5,1,62.8,True,True,False,1
28,118.16,3312.74,one_year,bank_transfer,dsl,1,0,26.4,True,False,True,0
63,83.65,5170.41,one_year,electronic_check,fiber,2,0,37.7,False,True,False,1
67,18.0,1031.52,two_year,credit_card,fiber,2,0,72.1,False,False,True,0
8,128.35,936.59,month_to_month,electronic_check,fiber,1,1,31.7,False,False,True,1
67,29.32,2038.8,month_to_month,credit_card,none,6,0,24.9,False,False,False,0
14,65.47,786.38,month_to_month,credit_card,fiber,0,1,14.3,False,True,True,1
18,45.07,732.03,month_to_month,electronic_check,dsl,2,1,135.9,False,False,False,1
38,53.72,2078.98,month_to_month,credit_card,fiber,0,0,46.5,True,False,True,0
2,76.26,60.05,month_to_month,bank_transfer,dsl,3,1,12.8,True,False,True,1
26,24.44,586.57,month_to_month,electronic_check,none,1,0,59.1,True,False,True,0
14,68.01,959.5,month_to_month,bank_transfer,fiber,0,0,21.3,True,True,True,1
35,95.24,3358.84,month_to_month,electronic_check,fiber,1,0,86.7,False,False,True,1
59,51.45,2941.3,two_year,bank_transfer,dsl,0,1,43.2,False,False,False,0
67,39.41,2653.15,two_year,electronic_check,dsl,2,0,48.4,False,False,False,1
15,66.94,1040.0,month_to_month,mailed_check,dsl,3,0,12.0,False,True,True,0
39,62.56,2325.25,one_year,electronic_check,fiber,3,1,75.8,True,False,True,1
34,56.9,1953.94,month_to_month,mailed_check,dsl,1,0,50.4,True,False,True,1
30,43.86,1251.31,two_year,electronic_check,dsl,1,0,17.3,False,False,True,1
46,81.42,3756.47,one_year,bank_transfer,fiber,1,2,22.1,True,True,True,1
72,83.1,6048.28,month_to_month,electronic_check,fiber,1,1,17.5,True,True,False,0
29,46.56,1334.38,month_to_month,electronic_check,none,1,1,60.6,False,False,False,1
4,49.6,280.61,two_year,electronic_check,fiber,1,0,35.5,True,False,True,1
66,73.0,4889.17,two_year,electronic_check,fiber,1,0,16.3,True,False,False,0
68,48.77,3398.06,month_to_month,credit_card,none,1,0,51.0,False,False,False,0
23,73.93,1736.67,one_year,credit_card,dsl,0,0,52.6,False,True,True,0
36,102.3,3781.87,month_to_month,credit_card,dsl,1,0,37.5,False,False,False,0
62,68.68,4292.82,one_year,bank_transfer,dsl,1,0,50.3,True,False,False,0
36,43.3,1408.75,month_to_month,electronic_check,fiber,1,2,48.6,False,False,True,1
35,78.63,2680.76,month_to_month,bank_transfer,dsl,1,0,51.4,False,True,True,1
67,66.09,4409.02,month_to_month,bank_transfer,fiber,1,1,91.9,False,False,False,0
60,66.7,3994.15,one_year,electronic_check,none,1,1,34.0,False,False,True,1
37,80.46,3009.22,month_to_month,bank_transfer,fiber,1,1,36.0,True,False,True,1
11,85.2,864.57,two_year,electronic_check,fiber,1,0,46.3,False,False,False,0
32,70.78,2445.74,two_year,credit_card,fiber,0,0,73.0,True,True,True,0
49,68.67,3355.61,month_to_month,bank_transfer,fiber,2,0,26.0,False,True,False,0
19,115.4,2191.91,two_year,bank_transfer,fiber,1,1,23.2,False,False,False,1
39,96.41,3699.62,one_year,credit_card,dsl,1,2,102.0,False,False,True,1
48,88.34,4150.02,one_year,credit_card,dsl,1,0,56.4,False,True,True,0
6,72.89,425.97,month_to_month,credit_card,fiber,2,1,28.2,False,True,False,1
41,47.87,1965.15,month_to_month,credit_card,none,1,0,67.7,True,False,False,0
53,94.8,5016.58,two_year,mailed_check,dsl,1,0,15.4,False,True,True,0
15,73.17,1246.51,one_year,bank_transfer,fiber,2,0,50.5,False,True,True,1
40,57.3,2280.63,one_year,electronic_check,fiber,0,1,178.5,False,False,True,1
51,64.65,3289.42,month_to_month,credit_card,dsl,0,0,21.5,False,True,True,0
3,48.74,219.6,month_to_month,credit_card,fiber,2,0,63.3,True,False,True,1
47,93.26,4367.82,month_to_month,bank_transfer,dsl,3,0,65.5,False,False,True,0
18,85.03,1579.08,one_year,electronic_check,dsl,0,1,139.7,False,False,True,0
29,74.0,2030.89,two_year,bank_transfer,dsl,2,0,42.7,False,False,True,0
47,69.06,3131.42,month_to_month,bank_transfer,dsl,4,0,5.5,False,False,True,0
0,55.03,10.99,month_to_month,electronic_check,dsl,4,0,35.4,False,False,True,1
1,23.14,2.29,month_to_month,electronic_check,dsl,2,0,50.1,True,False,False,1
32,38.92,1172.63,month_to_month,bank_transfer,fiber,2,0,103.0,False,False,True,1
69,53.66,3713.51,month_to_month,bank_transfer,fiber,2,0,76.8,False,False,False,0
0,50.35,18.82,month_to_month,electronic_check,dsl,1,1,121.2,False,False,True,1
57,76.37,4289.2,one_year,electronic_check,dsl,2,1,165.9,False,False,False,0
5,87.85,392.56,month_to_month,electronic_check,dsl,1,0,60.2,False,False,False,1
35,67.17,2370.45,two_year,credit_card,dsl,2,1,77.8,True,True,True,1
31,101.0,3039.1,two_year,bank_transfer,dsl,0,0,41.9,False,True,True,0
34,52.78,1740.16,month_to_month,electronic_check,none,1,0,5.9,False,False,True,0
5,67.02,383.15,one_year,bank_transfer,fiber,4,0,17.9,False,False,False,1
55,68.88,3786.25,month_to_month,electronic_check,fiber,2,1,47.2,False,True,False,0
20,94.03,1837.65,month_to_month,bank_transfer,none,1,0,42.1,False,True,False,0
56,72.33,3969.2,month_to_month,mailed_check,none,3,0,17.0,False,False,True,0
47,72.94,3336.99,month_to_month,electronic_check,fiber,0,1,32.3,False,False,False,1
40,33.59,1331.74,one_year,mailed_check,fiber,0,0,5.6,False,True,True,0
22,50.2,1286.72,one_year,bank_transfer,dsl,3,0,25.1,False,True,True,0
47,94.11,4474.09,one_year,mailed_check,fiber,1,1,38.3,False,True,False,0
72,24.34,1632.52,one_year,electronic_check,fiber,2,0,17.6,True,False,True,0
67,99.55,6733.5,one_year,mailed_check,fiber,2,0,185.1,False,False,True,0
66,80.99,5277.04,one_year,credit_card,dsl,2,1,18.6,True,False,False,0
16,53.55,856.36,two_year,electronic_check,fiber,0,0,79.4,False,False,True,1
42,51.69,2117.98,one_year,mailed_check,fiber,2,1,18.9,False,False,False,1
29,111.71,3421.64,month_to_month,mailed_check,fiber,1,2,22.6,False,True,True,1
70,101.05,6971.43,month_to_month,electronic_check,dsl,3,0,17.7,False,False,True,1
69,67.37,4676.76,month_to_month,credit_card,dsl,1,0,72.9,False,True,True,0
63,72.96,4534.8,month_to_month,mailed_check,dsl,2,0,180.7,False,False,False,1
11,55.78,680.07,two_year,credit_card,fiber,2,0,49.3,False,False,False,1
23,72.97,1704.72,two_year,credit_card,none,0,1,92.4,False,True,True,0
51,55.17,2926.58,two_year,electronic_check,none,1,0,28.2,False,False,True,0
54,68.27,3751.21,month_to_month,credit_card,fiber,1,0,22.1,False,True,True,1
25,109.83,2683.33,month_to_month,credit_card,none,0,0,79.9,False,True,True,0
9,67.9,873.56,month_to_month,bank_transfer,fiber,1,2,153.0,False,False,True,1
9,46.94,472.45,two_year,credit_card,fiber,0,0,65.2,False,True,False,0
49,39.94,1907.5,one_year,bank_transfer,dsl,4,0,118.8,False,False,False,0
33,72.8,2420.9,one_year,electronic_check,dsl,1,2,72.2,False,False,True,1
35,53.26,1920.88,two_year,bank_transfer,dsl,5,0,62.2,True,False,True,0
59,75.43,4503.72,month_to_month,electronic_check,fiber,0,1,24.7,True,False,False,0
1,34.37,79.01,month_to_month,bank_transfer,dsl,2,1,30.0,False,True,True,1
55,85.19,4772.43,one_year,bank_transfer,dsl,3,1,41.4,False,True,True,0
20,46.68,1011.74,month_to_month,bank_transfer,fiber,2,1,32.3,False,True,False,1
67,71.02,4682.06,month_to_month,electronic_check,dsl,1,0,54.4,False,True,False,0
69,62.56,4506.36,month_to_month,bank_transfer,fiber,1,1,16.4,False,True,True,0
36,107.8,4058.0,one_year,electronic_check,fiber,3,1,59.6,False,False,False,0
23,73.77,1768.8,two_year,electronic_check,fiber,3,0,28.8,False,True,False,0
17,112.8,1921.08,month_to_month,bank_transfer,dsl,2,0,16.2,True,False,False,1
13,82.34,1075.45,month_to_month,electronic_check,dsl,1,0,24.1,True,False,True,1
72,101.36,7268.78,two_year,credit_card,dsl,2,0,146.4,False,False,True,1
13,65.41,832.84,month_to_month,mailed_check,fiber,3,1,87.3,True,False,True,1
32,77.6,2286.39,one_year,electronic_check,dsl,0,2,58.4,False,False,True,1
34,96.81,3429.26,two_year,bank_transfer,dsl,0,0,61.4,False,False,False,0
49,89.91,4511.56,month_to_month,credit_card,none,1,0,113.4,False,False,False,1
61,81.68,4831.58,month_to_month,credit_card,dsl,2,0,101.1,False,True,True,0
40,62.79,2591.7,month_to_month,credit_card,fiber,2,1,42.2,False,False,True,1
55,66.51,3657.36,month_to_month,credit_card,none,2,1,57.5,False,True,True,1
41,95.03,3878.32,month_to_month,bank_transfer,dsl,1,1,20.1,False,False,True,0
31,99.61,3132.27,month_to_month,bank_transfer,fiber,3,1,72.3,False,False,False,1
11,56.96,469.71,month_to_month,credit_card,dsl,0,0,62.6,False,False,True,0
15,53.64,803.59,one_year,bank_transfer,fiber,2,0,70.3,True,False,False,1
31,50.11,1560.56,month_to_month,credit_card,dsl,2,0,68.4,True,False,True,1
3,88.25,271.99,month_to_month,bank_transfer,fiber,0,0,36.5,False,False,True,1
23,49.55,1016.58,month_to_month,electronic_check,dsl,0,0,30.7,False,False,True,1
33,87.99,2943.89,one_year,electronic_check,fiber,2,0,110.1,True,False,True,0
34,82.01,2883.72,month_to_month,electronic_check,dsl,1,0,68.9,False,False,False,0
59,58.01,3459.25,month_to_month,credit_card,fiber,1,1,58.9,False,True,True,0
70,104.4,7287.37,two_year,electronic_check,fiber,0,0,11.4,False,True,False,0
53,37.83,2247.0,one_year,credit_card,fiber,0,0,30.2,False,False,True,0
5,106.51,449.34,one_year,mailed_check,fiber,1,0,18.8,False,False,True,1
29,77.02,2303.19,one_year,electronic_check,dsl,1,0,7.3,False,False,False,0
53,24.38,1314.03,month_to_month,credit_card,dsl,0,0,30.3,False,False,False,0
43,105.02,4696.97,month_to_month,electronic_check,fiber,0,0,32.3,False,True,True,1
33,91.39,3050.68,month_to_month,credit_card,none,0,2,36.0,False,False,True,0
31,60.58,1932.08,two_year,electronic_check,dsl,1,1,71.9,False,False,False,0
29,48.78,1460.13,two_year,mailed_check,dsl,0,0,65.0,False,False,True,0
42,35.48,1394.91,one_year,electronic_check,fiber,3,0,28.5,True,False,False,1
13,123.14,1522.62,month_to_month,mailed_check,none,0,0,70.2,True,False,True,0
37,49.69,1813.72,one_year,electronic_check,fiber,0,0,54.6,False,True,False,1
15,42.2,719.16,one_year,bank_transfer,fiber,0,0,45.6,False,False,False,0
49,75.89,3739.59,month_to_month,electronic_check,dsl,2,0,42.1,False,False,True,0
63,33.97,2121.5,month_to_month,electronic_check,dsl,2,0,16.6,False,True,True,0
37,48.41,1914.67,month_to_month,mailed_check,fiber,3,1,16.7,False,False,True,1
28,91.89,2394.5,month_to_month,electronic_check,dsl,4,0,27.0,False,True,False,1
68,80.21,5337.66,one_year,credit_card,fiber,2,0,39.3,False,False,True,0
48,61.5,2727.31,month_to_month,bank_transfer,dsl,2,0,47.4,False,False,True,0
31,70.4,2291.15,one_year,credit_card,fiber,2,2,113.3,False,False,True,0
2,60.27,111.83,month_to_month,electronic_check,none,2,0,49.0,True,False,True,0
1,68.64,155.61,month_to_month,mailed_check,fiber,3,0,41.6,False,True,False,1
16,53.24,842.01,one_year,bank_transfer,fiber,1,0,43.4,False,False,True,0
17,57.23,1065.0,one_year,mailed_check,fiber,1,0,63.1,True,False,True,0
52,56.57,2930.23,two_year,bank_transfer,fiber,1,0,116.5,False,True,False,0
36,54.03,1981.97,one_year,bank_transfer,fiber,1,1,18.7,True,False,True,0
72,92.97,6717.56,two_year,credit_card,fiber,3,0,122.4,False,True,True,0
39,86.94,3421.05,month_to_month,electronic_check,dsl,1,0,29.4,False,False,True,0
65,49.49,3368.48,one_year,mailed_check,fiber,2,3,56.2,False,False,True,1
40,43.72,1602.6,month_to_month,bank_transfer,dsl,0,0,90.1,False,False,False,0
26,66.54,1723.89,one_year,bank_transfer,fiber,2,1,195.1,False,False,False,0
52,117.42,6123.66,one_year,mailed_check,fiber,0,0,97.8,True,False,False,0
32,47.39,1520.83,month_to_month,electronic_check,none,2,1,82.2,False,False,True,1
20,66.45,1293.19,month_to_month,electronic_check,fiber,1,2,84.1,False,False,True,0
34,71.95,2398.18,one_year,electronic_check,dsl,1,0,24.6,False,False,True,1
48,67.61,3382.98,month_to_month,bank_transfer,fiber,1,0,40.2,True,False,True,0
27,59.92,1611.48,one_year,credit_card,fiber,0,0,47.6,False,False,False,0
51,95.41,5085.33,two_year,electronic_check,none,1,0,49.9,False,True,False,0
71,80.0,5727.54,month_to_month,credit_card,dsl,1,0,65.8,False,False,True,1
30,88.61,2632.23,one_year,electronic_check,dsl,0,0,37.3,False,True,False,0
21,82.97,1792.11,two_year,credit_card,fiber,2,2,106.9,False,False,True,1
29,89.67,2610.23,month_to_month,electronic_check,dsl,1,0,31.4,True,False,True,1
61,104.86,6517.24,month_to_month,electronic_check,none,2,2,70.6,False,False,True,0
13,99.28,1185.54,one_year,credit_card,fiber,1,3,78.4,False,True,True,1
71,121.15,8439.54,one_year,electronic_check,fiber,0,1,41.4,False,False,True,0
30,96.78,2935.89,one_year,credit_card,none,0,1,97.0,False,False,True,0
61,55.27,3446.68,one_year,credit_card,fiber,2,0,96.2,False,False,True,0
57,88.64,5078.21,one_year,mailed_check,fiber,1,1,157.8,False,False,False,0
57,85.63,4941.43,month_to_month,electronic_check,fiber,1,1,60.3,False,False,True,1
66,112.25,7455.79,month_to_month,electronic_check,fiber,0,0,28.9,False,True,False,1
13,48.72,500.12,one_year,bank_transfer,fiber,5,0,43.0,True,False,True,1
43,82.27,3562.92,month_to_month,electronic_check,fiber,2,1,104.8,False,False,True,0
7,55.02,503.65,two_year,credit_card,fiber,1,1,37.2,True,False,True,1
21,81.28,1722.34,month_to_month,bank_transfer,fiber,2,0,33.8,False,True,False,0
2,65.28,12.66,month_to_month,electronic_check,dsl,1,0,25.2,True,False,False,1
49,80.55,3916.9,one_year,mailed_check,dsl,1,0,38.1,False,False,True,1
44,38.97,1764.79,month_to_month,credit_card,dsl,2,1,88.7,False,True,True,1
54,87.45,4883.91,month_to_month,bank_transfer,fiber,2,0,43.4,False,False,True,0
12,74.53,718.29,two_year,mailed_check,fiber,3,0,29.2,True,True,True,1
24,73.35,1792.91,one_year,mailed_check,dsl,1,0,17.5,False,False,True,1
49,112.91,5448.69,month_to_month,electronic_check,dsl,1,0,58.3,False,False,False,0
60,61.59,3741.1,month_to_month,credit_card,dsl,0,1,60.8,False,False,False,0
64,77.53,5014.82,one_year,credit_card,none,2,0,52.4,True,False,False,0
5,72.21,340.07,month_to_month,credit_card,fiber,1,0,14.6,False,False,True,1
29,74.36,2213.28,month_to_month,bank_transfer,fiber,2,1,25.6,False,True,True,1
0,118.88,102.59,month_to_month,electronic_check,fiber,3,0,18.4,False,False,True,1
59,71.4,4197.79,two_year,credit_card,fiber,4,0,25.3,False,False,True,0
8,57.52,339.82,month_to_month,credit_card,dsl,1,0,26.3,True,False,True,1
60,111.16,6797.9,one_year,electronic_check,fiber,0,1,38.5,False,True,False,0
11,63.23,770.11,month_to_month,credit_card,none,2,0,21.7,False,False,True,1
1,34.69,85.43,one_year,electronic_check,dsl,1,0,71.1,False,False,False,1
64,53.7,3374.61,month_to_month,bank_transfer,none,0,2,11.3,True,False,False,1
32,42.58,1451.25,month_to_month,electronic_check,dsl,4,1,37.0,False,True,True,1
31,30.4,1126.22,one_year,bank_transfer,fiber,1,0,27.3,False,False,True,0
47,62.01,2903.55,month_to_month,electronic_check,fiber,1,0,39.7,False,True,False,0
20,68.46,1377.7,two_year,bank_transfer,dsl,0,0,60.2,True,True,True,0
50,95.97,4702.63,one_year,credit_card,fiber,0,0,45.2,True,False,True,0
31,83.85,2534.59,month_to_month,credit_card,none,1,0,78.9,False,True,True,0
19,82.84,1477.25,one_year,bank_transfer,fiber,0,0,51.3,False,False,False,0
28,50.35,1421.57,two_year,bank_transfer,dsl,1,0,64.1,False,False,True,0
0,89.47,0.0,month_to_month,electronic_check,fiber,0,0,94.7,False,False,True,1
22,100.61,2246.97,month_to_month,bank_transfer,dsl,1,2,89.2,False,False,True,1
43,78.68,3302.97,one_year,credit_card,dsl,1,1,63.8,False,False,True,0
10,79.3,777.92,month_to_month,bank_transfer,fiber,0,1,89.4,True,False,True,0
8,42.18,251.62,one_year,mailed_check,none,1,0,26.5,False,True,True,0
47,93.2,4397.28,month_to_month,bank_transfer,dsl,0,0,179.5,True,False,True,0
31,109.18,3237.67,one_year,electronic_check,fiber,1,0,250.0,True,False,True,0
9,77.1,707.54,month_to_month,credit_card,none,1,1,100.0,False,False,True,1
54,56.92,3048.59,month_to_month,credit_card,dsl,1,0,63.0,True,False,False,0
56,66.44,3736.93,two_year,electronic_check,fiber,0,1,69.4,False,False,True,1
2,60.75,0.0,month_to_month,bank_transfer,fiber,2,0,20.5,False,False,False,0
14,62.07,927.9,month_to_month,bank_transfer,none,0,0,66.8,False,False,True,0
27,84.26,2248.13,one_year,bank_transfer,dsl,1,0,26.6,False,False,True,1
53,76.15,4055.49,month_to_month,electronic_check,fiber,2,0,27.2,True,True,True,1
5,92.09,292.14,month_to_month,bank_transfer,fiber,0,0,59.2,False,False,True,1
58,78.16,4421.43,one_year,credit_card,dsl,0,0,20.3,True,False,False,0
23,50.99,1137.66,two_year,electronic_check,fiber,2,0,134.0,False,False,True,0
9,58.98,654.62,month_to_month,credit_card,fiber,0,0,82.8,False,False,True,0
63,57.62,3677.51,two_year,credit_card,fiber,1,0,16.3,False,False,True,0
6,65.9,407.09,one_year,credit_card,fiber,2,0,27.6,False,False,False,0
9,109.48,902.13,month_to_month,bank_transfer,dsl,1,0,24.2,False,False,True,1
69,113.01,7698.13,one_year,electronic_check,dsl,3,0,36.5,True,False,True,1
37,88.41,3296.07,month_to_month,credit_card,dsl,2,0,110.6,False,True,True,1
33,72.61,2459.19,one_year,electronic_check,fiber,2,0,99.8,True,True,True,0
50,40.04,2020.81,one_year,electronic_check,fiber,0,0,70.8,False,False,False,0
46,74.84,3596.5,month_to_month,electronic_check,dsl,0,0,76.4,True,False,True,1
44,52.62,2253.86,month_to_month,bank_transfer,dsl,0,0,31.1,False,True,False,0
1,105.87,122.01,month_to_month,credit_card,fiber,0,0,19.5,False,True,True,1
40,34.67,1234.41,month_to_month,credit_card,dsl,1,1,89.0,False,False,True,1
20,78.46,1588.19,two_year,credit_card,fiber,0,1,82.2,False,True,False,0
58,50.77,3076.9,two_year,electronic_check,fiber,0,2,54.2,False,False,True,1
36,69.79,2418.7,two_year,electronic_check,dsl,1,1,96.3,True,False,True,0
9,84.65,837.64,month_to_month,credit_card,fiber,3,1,82.9,False,True,False,1
64,92.48,6048.41,month_to_month,bank_transfer,fiber,2,1,50.5,False,True,False,0
20,68.66,1311.13,one_year,bank_transfer,none,3,1,64.5,False,False,True,1
19,86.75,1690.27,month_to_month,electronic_check,fiber,1,0,38.8,False,False,True,1
68,55.43,3911.41,month_to_month,credit_card,dsl,2,1,26.4,True,False,False,1
56,75.4,4243.14,month_to_month,credit_card,fiber,2,0,46.9,True,False,True,1
62,92.05,5777.9,two_year,bank_transfer,none,1,0,14.1,False,True,True,0
48,77.31,3551.22,one_year,electronic_check,fiber,0,1,14.4,True,True,False,0
66,58.35,3904.84,month_to_month,electronic_check,none,1,0,27.3,False,False,False,0
8,63.86,557.43,two_year,mailed_check,fiber,1,0,58.0,False,False,False,0
43,92.34,3851.26,one_year,electronic_check,dsl,3,0,76.1,False,False,True,0
21,45.98,878.79,one_year,mailed_check,dsl,3,1,48.4,False,False,False,1
29,49.23,1482.03,month_to_month,credit_card,fiber,0,1,21.3,True,False,True,1
17,83.23,1387.67,month_to_month,credit_card,dsl,2,0,58.6,False,False,True,1
14,60.34,944.83,month_to_month,electronic_check,fiber,1,0,22.4,False,False,True,1
32,38.03,1244.93,one_year,mailed_check,fiber,2,0,40.4,False,True,True,0
67,99.72,6686.32,one_year,electronic_check,fiber,1,1,25.3,False,False,False,0
46,45.81,2091.92,month_to_month,credit_card,dsl,2,0,150.5,False,False,True,1
25,65.61,1666.59,month_to_month,electronic_check,fiber,1,1,57.6,False,False,True,1
31,56.37,1819.73,month_to_month,electronic_check,dsl,1,1,24.6,False,False,True,1
38,63.45,2459.15,two_year,bank_transfer,dsl,1,0,74.7,True,True,True,0
17,50.54,821.11,month_to_month,electronic_check,fiber,3,2,26.2,False,False,False,1
38,85.71,3368.53,one_year,credit_card,fiber,0,0,62.0,True,False,True,1
50,72.44,3681.19,two_year,bank_transfer,dsl,0,1,34.0,True,False,True,0
17,91.64,1592.55,one_year,credit_card,fiber,3,0,52.0,False,False,False,0
42,56.6,2385.45,month_to_month,bank_transfer,fiber,2,0,108.2,True,False,True,1
51,116.93,6008.43,one_year,electronic_check,fiber,1,1,48.6,False,True,True,0
37,28.1,874.85,two_year,bank_transfer,fiber,1,0,137.7,True,False,True,1
21,35.13,759.45,one_year,electronic_check,dsl,1,1,51.3,False,True,False,0
40,108.57,4490.42,month_to_month,credit_card,fiber,0,1,28.4,False,False,True,1
57,80.43,4604.31,month_to_month,bank_transfer,none,1,1,31.6,False,True,False,1
16,77.51,1247.67,month_to_month,bank_transfer,dsl,1,1,36.2,False,False,True,1
41,79.49,3205.46,month_to_month,electronic_check,none,3,0,27.8,False,False,True,0
49,82.57,4090.28,one_year,credit_card,dsl,0,0,62.6,False,False,True,0
23,76.59,1744.01,month_to_month,mailed_check,fiber,1,0,68.5,False,True,True,1
28,48.75,1482.84,one_year,mailed_check,fiber,0,0,28.7,False,False,True,1
64,88.0,5554.27,one_year,bank_transfer,fiber,0,0,30.2,False,False,False,0
26,84.53,2157.07,month_to_month,electronic_check,dsl,3,0,148.9,True,True,True,1
43,101.43,4307.41,month_to_month,credit_card,dsl,2,0,28.4,False,True,True,1
10,108.81,1253.21,month_to_month,mailed_check,fiber,1,1,40.0,False,False,False,1
67,77.27,5160.01,month_to_month,electronic_check,dsl,1,0,99.0,True,False,False,0
43,42.99,1799.24,two_year,bank_transfer,fiber,2,0,74.7,False,False,False,0
55,109.0,5806.85,month_to_month,credit_card,dsl,1,0,36.0,False,False,True,0
43,47.6,1964.78,month_to_month,bank_transfer,fiber,4,1,47.8,False,False,True,1
25,77.44,1983.51,month_to_month,electronic_check,fiber,2,0,89.8,False,False,True,0
24,64.35,1591.55,one_year,electronic_check,dsl,1,1,59.8,True,True,False,0
51,60.53,3028.42,one_year,electronic_check,none,0,0,89.0,True,False,False,0
62,86.81,5328.61,two_year,mailed_check,dsl,1,0,67.7,False,False,True,0
9,75.38,845.81,month_to_month,bank_transfer,fiber,2,0,105.5,False,True,False,1
61,81.29,5201.36,month_to_month,bank_transfer,dsl,1,1,103.2,False,False,True,0
60,52.05,3226.48,one_year,mailed_check,fiber,0,0,62.7,False,False,True,0
7,66.17,603.53,month_to_month,electronic_check,fiber,1,0,77.4,False,False,True,1
7,53.07,530.92,month_to_month,mailed_check,dsl,1,1,16.3,False,False,False,0
50,65.62,3480.31,two_year,electronic_check,fiber,0,0,69.8,False,False,True,0
61,67.39,4083.62,one_year,electronic_check,dsl,0,0,29.3,False,True,True,0
28,110.57,3016.92,month_to_month,credit_card,fiber,0,0,25.3,False,False,True,1
46,64.29,3122.35,two_year,mailed_check,dsl,1,0,71.6,False,False,True,0
72,23.24,1586.49,month_to_month,bank_transfer,fiber,3,0,21.6,True,False,True,0
23,100.69,2223.3,month_to_month,electronic_check,fiber,1,1,1.4,True,True,True,0
16,79.88,1187.57,month_to_month,mailed_check,fiber,0,0,75.1,False,False,True,0
72,67.12,4820.81,month_to_month,bank_transfer,dsl,0,0,133.0,False,False,False,0
20,60.38,1029.01,month_to_month,bank_transfer,none,2,0,83.4,False,False,True,1
34,49.17,1542.8,two_year,credit_card,fiber,0,0,85.1,False,False,False,0
32,112.64,3548.47,two_year,credit_card,fiber,0,0,58.3,False,True,True,0
38,71.14,2595.69,one_year,electronic_check,dsl,0,0,19.7,False,True,True,0
19,31.77,699.25,two_year,bank_transfer,fiber,2,0,9.2,False,False,False,0
49,77.21,3783.89,month_to_month,electronic_check,fiber,2,1,6.8,False,False,True,1
50,96.54,4878.93,month_to_month,credit_card,fiber,1,0,23.3,False,True,True,0
14,73.44,1070.24,month_to_month,credit_card,fiber,0,1,28.0,False,False,False,1
35,50.16,1736.99,month_to_month,credit_card,dsl,1,0,64.5,True,False,True,0
4,48.2,281.73,month_to_month,bank_transfer,fiber,1,0,29.6,False,False,False,1
16,49.82,837.81,month_to_month,credit_card,fiber,1,0,75.0,False,False,False,1
72,103.48,7421.9,two_year,credit_card,fiber,2,0,52.9,True,False,False,0
36,68.42,2311.57,month_to_month,electronic_check,fiber,0,0,53.8,False,False,False,0
45,33.07,1535.01,one_year,electronic_check,none,1,0,22.1,False,False,False,0
64,78.45,4907.28,month_to_month,electronic_check,fiber,1,0,25.5,False,False,True,1
52,73.1,3835.43,month_to_month,electronic_check,dsl,1,1,53.4,False,False,True,0
57,60.12,3433.94,one_year,credit_card,none,2,1,28.0,False,False,True,1
51,47.55,2302.62,month_to_month,credit_card,dsl,0,3,27.2,True,False,True,0
36,46.59,1700.5,month_to_month,mailed_check,none,4,0,98.4,False,True,True,1
46,93.91,4337.08,one_year,electronic_check,fiber,0,3,41.6,False,False,True,0
21,75.45,1602.0,one_year,electronic_check,fiber,0,1,17.7,False,False,False,0
65,80.53,5247.68,month_to_month,bank_transfer,dsl,1,0,58.1,False,False,False,1
13,75.38,921.23,month_to_month,electronic_check,fiber,0,1,16.2,False,False,True,1
64,77.21,4994.68,month_to_month,bank_transfer,dsl,0,1,46.9,False,True,False,1
64,59.7,3758.91,month_to_month,bank_transfer,none,1,1,94.4,False,False,False,0
10,65.47,557.99,two_year,bank_transfer,none,1,0,25.6,False,True,True,1
51,95.63,4937.85,month_to_month,electronic_check,dsl,2,2,19.3,False,False,False,0
72,101.12,7364.92,month_to_month,electronic_check,dsl,2,0,21.7,False,False,True,0
41,43.11,1822.07,one_year,mailed_check,dsl,1,0,44.3,True,False,True,1
24,65.42,1551.43,two_year,mailed_check,fiber,2,2,45.2,True,True,True,1
64,88.46,5486.89,month_to_month,bank_transfer,fiber,1,1,58.5,False,False,True,1
37,111.41,4255.52,one_year,electronic_check,dsl,2,0,89.8,True,False,False,1
8,109.2,697.64,one_year,credit_card,fiber,4,0,47.2,False,False,False,0
18,52.49,997.57,month_to_month,bank_transfer,dsl,1,2,15.6,False,True,False,1
49,98.05,4994.37,month_to_month,electronic_check,fiber,1,0,70.7,False,False,True,1
33,71.29,2366.02,two_year,mailed_check,dsl,1,0,25.3,False,False,False,0
15,92.98,1420.91,month_to_month,mailed_check,dsl,2,2,36.0,True,False,False,1
58,87.34,5099.86,month_to_month,electronic_check,fiber,0,1,23.4,False,False,False,0
8,42.19,355.36,one_year,electronic_check,dsl,1,0,81.4,False,False,True,0
15,82.1,1443.06,month_to_month,credit_card,dsl,1,1,150.9,False,True,True,1
33,92.13,2964.41,month_to_month,credit_card,dsl,1,0,29.0,False,True,True,0
2,69.56,51.93,month_to_month,credit_card,fiber,2,0,40.0,False,False,True,1
28,64.58,1778.76,month_to_month,bank_transfer,fiber,0,1,8.4,False,False,False,1
66,35.42,2494.39,one_year,credit_card,none,1,0,82.7,False,True,True,0
68,85.04,5730.8,month_to_month,electronic_check,fiber,2,0,39.8,False,False,True,0
63,74.59,4737.9,month_to_month,electronic_check,fiber,2,1,30.0,False,False,True,0
23,49.71,1239.72,one_year,credit_card,dsl,1,1,71.9,False,False,False,0
4,62.83,321.43,one_year,credit_card,fiber,0,0,32.3,False,True,True,1
59,73.4,4422.23,month_to_month,mailed_check,none,0,0,21.7,False,True,False,0
27,57.71,1685.79,month_to_month,electronic_check,fiber,0,0,100.4,False,True,False,0
54,70.06,3810.98,month_to_month,bank_transfer,dsl,1,1,93.7,False,False,True,1
8,31.5,210.87,two_year,electronic_check,fiber,1,0,10.5,False,False,True,1
48,99.69,4798.37,month_to_month,bank_transfer,fiber,2,1,45.9,False,False,True,0
42,70.35,2924.19,month_to_month,electronic_check,dsl,1,0,27.8,False,True,False,1
67,45.81,3296.21,one_year,credit_card,fiber,0,0,44.1,False,True,True,0
7,18.0,78.06,one_year,credit_card,fiber,0,1,32.9,False,False,True,0
29,92.64,2730.04,two_year,bank_transfer,dsl,2,1,155.0,False,False,True,0
72,82.28,5789.08,month_to_month,electronic_check,fiber,0,1,47.4,False,False,False,0
28,74.64,2101.87,two_year,electronic_check,none,0,0,28.7,False,True,False,0
48,89.0,4246.16,month_to_month,credit_card,dsl,1,1,3.2,False,True,True,0
11,88.94,1039.15,two_year,bank_transfer,fiber,0,0,24.3,False,False,True,0
53,74.28,4000.0,month_to_month,electronic_check,fiber,0,0,183.2,False,False,True,1
20,64.41,1415.73,two_year,electronic_check,dsl,2,1,54.5,False,False,False,1
41,60.82,2614.0,two_year,bank_transfer,fiber,0,2,68.1,False,False,True,0
64,79.26,5066.67,one_year,credit_card,fiber,4,0,22.6,False,False,True,1
48,100.73,4750.05,one_year,electronic_check,none,2,0,20.2,False,False,False,0
34,67.74,2228.72,month_to_month,electronic_check,dsl,1,0,39.1,False,True,True,0
13,102.48,1359.49,month_to_month,credit_card,fiber,4,0,121.3,False,False,False,1
24,78.21,1891.24,month_to_month,mailed_check,fiber,1,0,16.4,False,True,True,0
61,78.38,4804.39,one_year,bank_transfer,dsl,0,0,53.2,False,True,True,0
15,122.91,1795.49,month_to_month,bank_transfer,dsl,2,1,34.5,False,False,False,1
47,106.36,5128.27,month_to_month,credit_card,fiber,2,0,53.3,False,False,False,0
35,106.93,3610.01,month_to_month,credit_card,dsl,3,0,149.2,False,True,False,1
23,52.45,1153.21,one_year,mailed_check,none,0,0,19.2,True,True,True,0
52,118.23,6051.02,month_to_month,electronic_check,fiber,1,0,19.5,False,True,True,1
26,68.19,1754.13,month_to_month,bank_transfer,dsl,2,1,36.9,False,False,True,1
20,65.0,1412.19,month_to_month,electronic_check,none,1,0,192.8,True,True,True,1
38,22.5,829.1,month_to_month,credit_card,dsl,0,2,13.6,False,True,False,1
55,77.18,4254.03,month_to_month,mailed_check,none,1,0,24.3,False,False,False,0
63,46.17,2968.49,month_to_month,bank_transfer,fiber,2,0,65.9,False,False,True,0
45,78.98,3523.92,one_year,mailed_check,dsl,1,1,41.5,False,False,False,1
48,44.45,2168.04,month_to_month,bank_transfer,fiber,2,1,83.6,False,True,True,1
57,109.55,6266.92,two_year,credit_card,fiber,1,0,136.3,False,False,False,0
19,82.13,1458.7,month_to_month,credit_card,dsl,0,0,52.4,False,False,True,1
18,120.16,2121.09,month_to_month,credit_card,dsl,1,0,86.4,True,False,True,1
35,47.49,1694.06,two_year,electronic_check,fiber,1,1,54.9,False,True,False,0
46,104.08,4903.08,two_year,credit_card,fiber,4,0,5.0,False,False,True,0
47,30.34,1541.29,month_to_month,electronic_check,fiber,1,0,26.1,False,True,False,0
11,74.58,1008.97,month_to_month,mailed_check,none,3,0,60.8,True,False,False,0
56,56.1,3185.29,month_to_month,bank_transfer,dsl,0,0,81.9,False,True,False,0
26,60.14,1526.44,one_year,electronic_check,fiber,1,0,37.8,False,True,True,0
64,58.64,3747.2,month_to_month,bank_transfer,fiber,1,0,44.1,False,False,False,0
52,49.88,2583.52,month_to_month,bank_transfer,none,1,1,26.9,False,False,True,0
71,42.29,2965.88,month_to_month,mailed_check,dsl,1,0,42.9,True,False,True,0
46,60.27,2806.89,month_to_month,electronic_check,dsl,0,0,27.1,False,True,False,1
38,72.55,2795.55,two_year,bank_transfer,dsl,3,0,24.9,False,False,False,0
13,95.6,1137.16,month_to_month,electronic_check,fiber,2,1,19.4,False,False,True,1
29,76.5,2316.44,two_year,bank_transfer,fiber,1,0,23.4,False,False,True,0
62,95.66,5765.61,month_to_month,mailed_check,fiber,0,0,107.2,False,False,True,0
27,37.48,991.94,two_year,electronic_check,fiber,1,0,21.0,True,False,False,0
3,60.47,284.85,one_year,electronic_check,dsl,1,0,35.2,True,False,True,1
17,85.64,1510.55,month_to_month,electronic_check,dsl,4,0,41.3,True,False,True,1
43,77.55,3302.52,month_to_month,credit_card,none,3,2,44.9,False,False,False,1
45,51.05,2474.44,month_to_month,electronic_check,fiber,1,0,55.4,False,False,True,0
71,90.55,6389.44,one_year,bank_transfer,dsl,3,0,10.9,False,True,True,0
68,58.31,3784.9,month_to_month,credit_card,none,1,1,47.5,True,False,True,1
38,52.9,2050.95,one_year,credit_card,fiber,1,0,82.6,False,False,True,1
40,80.71,3068.33,two_year,bank_transfer,fiber,0,2,99.2,False,False,True,1
58,70.14,3993.29,month_to_month,bank_transfer,none,0,0,67.7,True,False,False,0
3,58.5,231.55,one_year,electronic_check,fiber,1,1,17.4,False,True,False,1
43,57.75,2441.77,two_year,bank_transfer,dsl,1,0,39.0,False,False,True,0
34,46.46,1631.89,one_year,bank_transfer,fiber,1,2,18.1,False,False,False,1
57,61.29,3389.3,month_to_month,electronic_check,fiber,0,1,49.7,False,False,False,1
58,94.2,5540.86,month_to_month,electronic_check,none,1,2,40.8,False,True,True,0
47,75.38,3390.67,month_to_month,bank_transfer,fiber,0,0,52.2,False,False,False,0
47,91.09,4399.91,month_to_month,electronic_check,fiber,1,0,14.4,False,False,True,0
50,81.35,4024.72,month_to_month,electronic_check,fiber,0,0,48.2,False,False,True,0
42,56.53,2512.06,two_year,credit_card,fiber,0,1,98.7,False,True,True,1
16,33.72,463.87,month_to_month,mailed_check,fiber,1,0,73.4,False,True,True,1
20,49.61,1165.43,month_to_month,bank_transfer,dsl,1,0,38.5,True,False,False,1
54,55.23,2896.23,month_to_month,bank_transfer,fiber,1,0,72.3,False,True,True,1
45,53.53,2247.39,two_year,electronic_check,fiber,0,0,53.0,False,False,True,1
17,91.58,1560.74,month_to_month,bank_transfer,fiber,0,1,51.7,True,True,True,0
64,91.35,5957.46,month_to_month,credit_card,dsl,1,2,111.2,False,False,True,1
71,118.66,8496.03,one_year,mailed_check,fiber,0,0,52.3,False,False,True,0
45,53.2,2498.67,month_to_month,credit_card,none,1,0,30.0,False,True,False,0
16,105.14,1755.19,month_to_month,credit_card,none,1,1,33.2,False,False,True,1
68,105.01,7066.86,one_year,mailed_check,fiber,0,0,46.3,False,True,True,0
17,64.89,1172.11,one_year,mailed_check,fiber,1,0,6.5,False,False,True,0
31,80.42,2501.38,month_to_month,electronic_check,dsl,0,4,23.2,False,True,True,1
62,97.3,5968.72,month_to_month,electronic_check,fiber,2,0,6.8,False,False,False,0
38,68.7,2626.74,one_year,bank_transfer,dsl,1,0,18.7,False,False,True,0
17,67.0,1133.93,month_to_month,electronic_check,none,0,0,51.8,False,True,False,1
5,56.2,408.44,two_year,electronic_check,dsl,2,0,70.4,False,False,False,1
26,18.08,423.74,month_to_month,electronic_check,fiber,2,0,150.0,False,True,True,0
49,71.55,3455.4,month_to_month,credit_card,fiber,0,1,25.9,False,True,True,0
52,54.38,2764.88,one_year,credit_card,fiber,1,1,101.8,False,True,True,0
16,46.34,912.16,month_to_month,electronic_check,fiber,2,1,80.9,False,False,True,1
11,79.29,814.35,month_to_month,credit_card,dsl,2,0,37.9,False,False,False,1
51,38.07,2058.29,month_to_month,credit_card,fiber,2,0,95.0,True,False,True,0
11,87.73,872.21,two_year,mailed_check,dsl,1,1,67.9,False,False,True,1
4,80.64,368.16,month_to_month,electronic_check,dsl,1,0,2.5,False,False,False,1
35,61.2,2165.63,month_to_month,bank_transfer,fiber,0,1,25.7,False,False,True,0
41,68.61,2924.01,month_to_month,mailed_check,dsl,1,0,37.9,False,True,True,0
17,43.82,842.89,month_to_month,credit_card,dsl,2,0,29.2,False,False,True,1
15,86.51,1305.02,month_to_month,bank_transfer,fiber,2,0,19.8,False,True,False,1
17,74.12,1211.7,two_year,electronic_check,dsl,1,1,33.7,False,True,True,1
25,75.76,2040.25,two_year,electronic_check,fiber,3,0,54.4,False,False,True,1
0,81.04,0.0,two_year,electronic_check,dsl,1,0,15.9,False,False,False,0
0,55.87,0.0,month_to_month,credit_card,none,2,0,14.5,True,False,True,1
27,36.58,820.39,month_to_month,mailed_check,dsl,0,0,52.6,False,False,False,1
1,91.06,0.0,month_to_month,electronic_check,fiber,1,0,35.6,False,True,True,1
23,85.15,2012.06,month_to_month,credit_card,fiber,1,0,21.5,False,False,False,1
42,58.22,2644.54,one_year,bank_transfer,none,1,1,24.9,True,True,True,0
2,79.0,0.0,month_to_month,credit_card,dsl,2,0,73.5,False,False,True,1
45,97.68,4325.17,month_to_month,credit_card,fiber,3,0,15.8,False,False,True,1
45,95.05,4285.26,two_year,credit_card,dsl,1,2,160.5,False,False,False,0
41,57.58,2499.88,one_year,credit_card,fiber,0,0,103.4,False,False,True,0
45,37.25,1605.34,two_year,electronic_check,none,1,2,120.5,False,True,False,0
59,41.02,2473.35,month_to_month,credit_card,fiber,2,0,26.5,False,False,True,0
5,63.14,293.19,two_year,credit_card,fiber,2,0,52.2,False,True,True,1
12,102.17,1460.68,month_to_month,electronic_check,fiber,2,0,39.2,False,False,True,0
23,53.97,1254.32,month_to_month,credit_card,fiber,2,1,54.3,False,False,True,1
50,56.88,2876.01,month_to_month,credit_card,dsl,2,1,56.6,False,True,False,0
63,56.43,3562.67,one_year,credit_card,dsl,2,0,100.8,False,False,False,0
67,58.3,3868.78,month_to_month,credit_card,dsl,1,0,17.4,False,False,False,0
42,69.75,3014.99,one_year,credit_card,fiber,5,1,101.5,False,False,False,0
29,41.84,1109.05,month_to_month,bank_transfer,dsl,1,1,27.4,False,False,True,0
30,93.86,2635.62,two_year,electronic_check,dsl,2,0,17.1,False,True,True,0
4,66.81,253.72,month_to_month,credit_card,dsl,1,0,20.7,False,True,True,1
33,124.54,4183.22,one_year,credit_card,dsl,3,0,34.6,False,False,True,1
37,44.18,1582.39,two_year,credit_card,fiber,1,0,73.9,True,False,False,0
15,104.98,1591.48,one_year,bank_transfer,dsl,0,0,44.1,True,True,True,1
56,100.61,5524.3,two_year,bank_transfer,fiber,0,1,21.2,False,False,True,0
59,60.94,3691.1,one_year,electronic_check,dsl,2,0,63.6,False,False,True,0
22,61.31,1407.49,month_to_month,credit_card,fiber,2,0,25.9,False,False,True,1
66,49.73,3283.96,one_year,electronic_check,fiber,0,0,75.9,False,False,True,0
7,49.98,365.05,one_year,bank_transfer,fiber,0,0,25.2,False,False,True,1
66,69.99,4493.92,month_to_month,mailed_check,none,0,1,22.1,False,False,True,1
56,70.46,3824.36,month_to_month,bank_transfer,dsl,0,0,7.0,False,True,False,1
16,34.75,545.02,month_to_month,credit_card,fiber,0,3,35.1,False,False,True,1
47,120.46,5707.86,month_to_month,electronic_check,none,4,0,61.4,False,False,False,0
22,64.29,1465.17,two_year,electronic_check,fiber,3,0,56.2,False,False,False,0
58,71.44,4110.86,two_year,credit_card,dsl,1,2,111.0,False,False,False,0
11,56.22,685.5,one_year,mailed_check,dsl,0,1,46.8,False,True,False,1
17,64.13,1218.08,month_to_month,credit_card,dsl,0,1,52.2,True,False,True,1
22,62.13,1358.88,month_to_month,mailed_check,fiber,1,1,102.7,False,False,True,0
14,69.94,1007.03,month_to_month,credit_card,none,2,0,52.6,False,False,True,1
24,69.68,1653.61,month_to_month,electronic_check,dsl,3,0,93.3,False,False,False,0
43,87.71,3760.16,one_year,bank_transfer,fiber,1,0,40.7,False,False,True,0
46,75.0,3465.26,month_to_month,electronic_check,dsl,2,1,56.8,False,False,True,1
40,85.49,3572.89,month_to_month,electronic_check,fiber,1,0,41.7,False,False,False,1
13,69.78,989.51,month_to_month,electronic_check,fiber,2,1,36.6,False,False,True,1
14,75.09,1125.53,two_year,credit_card,dsl,2,0,86.6,False,False,True,0
67,64.69,4293.39,month_to_month,electronic_check,dsl,2,1,30.7,False,True,True,0
18,92.07,1576.42,month_to_month,mailed_check,dsl,3,1,119.4,False,True,False,1
7,77.1,574.76,month_to_month,bank_transfer,dsl,0,1,13.5,False,False,False,1
33,66.52,2307.1,month_to_month,bank_transfer,none,0,1,68.9,False,False,True,0
0,65.87,155.11,one_year,electronic_check,fiber,3,0,20.8,False,False,False,1
25,67.6,1469.26,one_year,electronic_check,fiber,0,0,11.9,False,False,False,1
62,70.67,4601.71,one_year,bank_transfer,fiber,1,0,98.6,False,False,True,0
19,68.76,1343.97,month_to_month,electronic_check,none,0,0,52.2,False,False,False,1
51,57.71,3025.01,two_year,credit_card,fiber,2,2,46.1,False,False,False,0
35,86.83,2882.46,one_year,electronic_check,fiber,1,0,28.5,False,False,True,0
25,88.22,2184.18,two_year,credit_card,none,1,0,135.8,False,False,True,0
48,109.24,5317.58,month_to_month,credit_card,dsl,1,1,15.1,False,False,False,0
43,56.72,2333.23,two_year,credit_card,fiber,1,1,73.3,False,False,False,1
23,84.66,1687.23,one_year,bank_transfer,none,2,0,41.1,False,True,True,1
16,28.0,478.2,month_to_month,electronic_check,fiber,1,1,69.7,False,False,True,1
66,88.24,5819.36,month_to_month,electronic_check,dsl,3,0,59.5,False,True,True,1
12,37.96,585.24,month_to_month,credit_card,fiber,1,2,21.8,False,False,True,1
70,48.34,3369.41,two_year,bank_transfer,dsl,1,0,23.7,False,True,False,0
34,77.31,2620.74,month_to_month,electronic_check,fiber,0,1,48.9,True,False,False,1
72,56.33,4118.55,one_year,mailed_check,dsl,0,0,34.4,False,False,True,0
25,53.32,1426.02,one_year,electronic_check,dsl,1,1,57.1,False,True,True,0
41,59.33,2368.74,one_year,electronic_check,fiber,2,0,80.5,False,False,False,0
44,86.05,3871.2,month_to_month,credit_card,none,1,0,90.7,False,False,True,0
